BERCENNIS;HORST;1
BERCENNIS;BRENNO;1
BERCENNIS;WERDOMAR;1
BERCENNIS;DER ÄLTSTE OPFERKNABE;1
BERCENNIS;HERMANN;1
HORST;SIEGMAR;4
HORST;ZWEI BARDEN;1
HORST;WERDOMAR;3
HORST;ZWEITES CHOR;3
HORST;VIERTES CHOR;1
HORST;KEDMON;2
HORST;THUSNELDA;2
HORST;SIEGMUND;1
HORST;VALERIUS;1
HORST;LICINIUS;1
SIEGMAR;ZWEI BARDEN;2
SIEGMAR;WERDOMAR;3
SIEGMAR;ZWEITES CHOR;3
SIEGMAR;ZWEI ANDRE BARDEN;1
EINE ENTFERNTE STIMME;HORST;1
EINE ENTFERNTE STIMME;SIEGMAR;1
ZWEI BARDEN;ZWEITES CHOR;4
BRENNO;HORST;6
BRENNO;SIEGMAR;4
BRENNO;ZWEI BARDEN;4
BRENNO;EIN DRUIDE;2
BRENNO;EIN BARDE;8
BRENNO;WERDOMAR;8
BRENNO;EIN CHOR;7
BRENNO;ZWEITES CHOR;7
BRENNO;DRITTES CHOR;7
BRENNO;VIERTES CHOR;2
BRENNO;DER HAUPTMANN;6
BRENNO;ZWEI ANDRE BARDEN;1
BRENNO;DER ÄLTSTE OPFERKNABE;6
BRENNO;DIE BARDEN;2
BRENNO;EIN ANDERER BARDE;1
BRENNO;SEGEST;1
BRENNO;KEDMON;4
BRENNO;THUSNELDA;6
BRENNO;SIEGMUND;3
BRENNO;EIN OPFERKNABE;3
BRENNO;EIN ANDRER OPFERKNABE;3
BRENNO;DER DRUIDE;1
BRENNO;EINIGE DRUIDEN;1
BRENNO;DER ZWEITE DRUIDE;1
BRENNO;SEIN FÜHRER;1
BRENNO;DER GEFANGNE;1
BRENNO;FLAVIUS;2
BRENNO;EIN ANDRER HAUPTMANN;1
BRENNO;HERMANN;4
BRENNO;EIN KRIEGSGEFÄHRTE;1
BRENNO;EIN ANDRER KRIEGSGEFÄHRTE;1
BRENNO;DER CHERUSKER;2
BRENNO;DER BRUCTERER;1
BRENNO;VALERIUS;1
BRENNO;LICINIUS;1
BRENNO;EIN CHOR JUNGFRAUEN;1
BRENNO;DAS ANDRE CHOR DER JUNGFRAUEN;1
BRENNO;EINE DER JUNGFRAUEN;1
BRENNO;EINE ANDRE JUNGFRAU;1
BRENNO;ZWEI STIMMEN;1
BRENNO;DER MARSE;1
EIN DRUIDE;HORST;1
EIN DRUIDE;SIEGMAR;2
EIN DRUIDE;ZWEI BARDEN;1
EIN DRUIDE;WERDOMAR;2
EIN DRUIDE;ZWEITES CHOR;1
EIN DRUIDE;ZWEI ANDRE BARDEN;1
EIN DRUIDE;KEDMON;1
EIN DRUIDE;EIN OPFERKNABE;1
EIN DRUIDE;EINIGE DRUIDEN;1
EIN BARDE;HORST;3
EIN BARDE;SIEGMAR;3
EIN BARDE;ZWEI BARDEN;3
EIN BARDE;EIN DRUIDE;2
EIN BARDE;WERDOMAR;5
EIN BARDE;EIN CHOR;5
EIN BARDE;ZWEITES CHOR;5
EIN BARDE;VIERTES CHOR;2
EIN BARDE;ZWEI ANDRE BARDEN;1
EIN BARDE;SEGEST;1
EIN BARDE;KEDMON;3
EIN BARDE;THUSNELDA;3
EIN BARDE;SIEGMUND;2
EIN BARDE;EIN OPFERKNABE;2
EIN BARDE;EINIGE DRUIDEN;1
EIN BARDE;SEIN FÜHRER;1
EIN BARDE;FLAVIUS;2
EIN BARDE;HERMANN;2
EIN BARDE;EIN KRIEGSGEFÄHRTE;1
EIN BARDE;VALERIUS;1
EIN BARDE;LICINIUS;1
EIN BARDE;EIN CHOR JUNGFRAUEN;1
EIN BARDE;EINE DER JUNGFRAUEN;1
EIN BARDE;EINE ANDRE JUNGFRAU;1
EIN BARDE;ZWEI STIMMEN;1
WERDOMAR;ZWEI BARDEN;2
WERDOMAR;ZWEITES CHOR;4
WERDOMAR;ZWEI ANDRE BARDEN;1
WERDOMAR;ZWEI STIMMEN;1
EIN CHOR;HORST;3
EIN CHOR;SIEGMAR;3
EIN CHOR;ZWEI BARDEN;4
EIN CHOR;EIN DRUIDE;1
EIN CHOR;WERDOMAR;4
EIN CHOR;ZWEITES CHOR;7
EIN CHOR;VIERTES CHOR;2
EIN CHOR;ZWEI ANDRE BARDEN;1
EIN CHOR;SEGEST;1
EIN CHOR;KEDMON;3
EIN CHOR;THUSNELDA;3
EIN CHOR;SIEGMUND;3
EIN CHOR;EIN OPFERKNABE;2
EIN CHOR;FLAVIUS;1
EIN CHOR;HERMANN;2
EIN CHOR;EIN KRIEGSGEFÄHRTE;1
EIN CHOR;VALERIUS;1
EIN CHOR;LICINIUS;1
EIN CHOR;EIN CHOR JUNGFRAUEN;1
EIN CHOR;EINE DER JUNGFRAUEN;1
EIN CHOR;EINE ANDRE JUNGFRAU;1
EIN CHOR;ZWEI STIMMEN;1
DRITTES CHOR;HORST;3
DRITTES CHOR;SIEGMAR;3
DRITTES CHOR;ZWEI BARDEN;4
DRITTES CHOR;EIN DRUIDE;1
DRITTES CHOR;EIN BARDE;5
DRITTES CHOR;WERDOMAR;4
DRITTES CHOR;EIN CHOR;7
DRITTES CHOR;ZWEITES CHOR;7
DRITTES CHOR;VIERTES CHOR;2
DRITTES CHOR;ZWEI ANDRE BARDEN;1
DRITTES CHOR;EIN ANDERER BARDE;1
DRITTES CHOR;SEGEST;1
DRITTES CHOR;KEDMON;3
DRITTES CHOR;THUSNELDA;3
DRITTES CHOR;SIEGMUND;3
DRITTES CHOR;EIN OPFERKNABE;2
DRITTES CHOR;EIN ANDRER OPFERKNABE;2
DRITTES CHOR;FLAVIUS;1
DRITTES CHOR;HERMANN;2
DRITTES CHOR;EIN KRIEGSGEFÄHRTE;1
DRITTES CHOR;EIN ANDRER KRIEGSGEFÄHRTE;1
DRITTES CHOR;VALERIUS;1
DRITTES CHOR;LICINIUS;1
DRITTES CHOR;EIN CHOR JUNGFRAUEN;1
DRITTES CHOR;EINE DER JUNGFRAUEN;1
DRITTES CHOR;EINE ANDRE JUNGFRAU;1
DRITTES CHOR;ZWEI STIMMEN;1
VIERTES CHOR;ZWEI BARDEN;1
VIERTES CHOR;ZWEITES CHOR;2
DER HAUPTMANN;HORST;4
DER HAUPTMANN;SIEGMAR;4
DER HAUPTMANN;ZWEI BARDEN;2
DER HAUPTMANN;EIN DRUIDE;2
DER HAUPTMANN;EIN BARDE;4
DER HAUPTMANN;WERDOMAR;3
DER HAUPTMANN;EIN CHOR;4
DER HAUPTMANN;ZWEITES CHOR;4
DER HAUPTMANN;DRITTES CHOR;4
DER HAUPTMANN;VIERTES CHOR;1
DER HAUPTMANN;ZWEI ANDRE BARDEN;1
DER HAUPTMANN;DER ÄLTSTE OPFERKNABE;3
DER HAUPTMANN;DIE BARDEN;2
DER HAUPTMANN;EIN ANDERER BARDE;1
DER HAUPTMANN;KEDMON;2
DER HAUPTMANN;THUSNELDA;2
DER HAUPTMANN;SIEGMUND;1
DER HAUPTMANN;EIN OPFERKNABE;1
DER HAUPTMANN;EIN ANDRER OPFERKNABE;1
DER HAUPTMANN;EINIGE DRUIDEN;1
DER HAUPTMANN;DER ZWEITE DRUIDE;1
DER HAUPTMANN;FLAVIUS;1
DER HAUPTMANN;EIN ANDRER HAUPTMANN;1
DER HAUPTMANN;HERMANN;1
DER HAUPTMANN;EIN KRIEGSGEFÄHRTE;1
DER HAUPTMANN;EIN ANDRER KRIEGSGEFÄHRTE;1
DER HAUPTMANN;VALERIUS;1
DER HAUPTMANN;LICINIUS;1
DER HAUPTMANN;EIN CHOR JUNGFRAUEN;1
DER HAUPTMANN;EINE DER JUNGFRAUEN;1
DER HAUPTMANN;EINE ANDRE JUNGFRAU;1
ZWEI ANDRE BARDEN;ZWEI BARDEN;1
ZWEI ANDRE BARDEN;ZWEITES CHOR;1
DER ÄLTSTE OPFERKNABE;HORST;3
DER ÄLTSTE OPFERKNABE;SIEGMAR;3
DER ÄLTSTE OPFERKNABE;ZWEI BARDEN;3
DER ÄLTSTE OPFERKNABE;EIN DRUIDE;2
DER ÄLTSTE OPFERKNABE;EIN BARDE;4
DER ÄLTSTE OPFERKNABE;WERDOMAR;5
DER ÄLTSTE OPFERKNABE;EIN CHOR;4
DER ÄLTSTE OPFERKNABE;ZWEITES CHOR;4
DER ÄLTSTE OPFERKNABE;DRITTES CHOR;4
DER ÄLTSTE OPFERKNABE;ZWEI ANDRE BARDEN;1
DER ÄLTSTE OPFERKNABE;DIE BARDEN;2
DER ÄLTSTE OPFERKNABE;EIN ANDERER BARDE;1
DER ÄLTSTE OPFERKNABE;KEDMON;2
DER ÄLTSTE OPFERKNABE;THUSNELDA;2
DER ÄLTSTE OPFERKNABE;SIEGMUND;2
DER ÄLTSTE OPFERKNABE;EIN OPFERKNABE;3
DER ÄLTSTE OPFERKNABE;EIN ANDRER OPFERKNABE;3
DER ÄLTSTE OPFERKNABE;EINIGE DRUIDEN;1
DER ÄLTSTE OPFERKNABE;HERMANN;2
DER ÄLTSTE OPFERKNABE;ZWEI STIMMEN;1
DIE BARDEN;HORST;2
DIE BARDEN;SIEGMAR;2
DIE BARDEN;ZWEI BARDEN;1
DIE BARDEN;EIN DRUIDE;1
DIE BARDEN;EIN BARDE;2
DIE BARDEN;WERDOMAR;1
DIE BARDEN;EIN CHOR;1
DIE BARDEN;ZWEITES CHOR;1
DIE BARDEN;DRITTES CHOR;1
DIE BARDEN;EIN ANDERER BARDE;1
DIE BARDEN;KEDMON;1
DIE BARDEN;EIN OPFERKNABE;1
DIE BARDEN;EIN ANDRER OPFERKNABE;1
DIE BARDEN;EINIGE DRUIDEN;1
EIN ANDERER BARDE;HORST;1
EIN ANDERER BARDE;SIEGMAR;1
EIN ANDERER BARDE;ZWEI BARDEN;1
EIN ANDERER BARDE;EIN BARDE;1
EIN ANDERER BARDE;EIN CHOR;1
EIN ANDERER BARDE;ZWEITES CHOR;1
SEGEST;ZWEI BARDEN;1
SEGEST;ZWEITES CHOR;1
SEGEST;VIERTES CHOR;1
KEDMON;SIEGMAR;1
KEDMON;ZWEI BARDEN;2
KEDMON;WERDOMAR;2
KEDMON;ZWEITES CHOR;3
KEDMON;VIERTES CHOR;2
KEDMON;SEGEST;1
KEDMON;THUSNELDA;2
KEDMON;SIEGMUND;2
KEDMON;VALERIUS;1
KEDMON;LICINIUS;1
THUSNELDA;ZWEI BARDEN;1
THUSNELDA;WERDOMAR;3
THUSNELDA;ZWEITES CHOR;3
THUSNELDA;VIERTES CHOR;1
THUSNELDA;VALERIUS;1
THUSNELDA;ZWEI STIMMEN;1
SIEGMUND;ZWEI BARDEN;1
SIEGMUND;WERDOMAR;2
SIEGMUND;ZWEITES CHOR;3
SIEGMUND;VIERTES CHOR;1
SIEGMUND;THUSNELDA;3
SIEGMUND;VALERIUS;1
SIEGMUND;ZWEI STIMMEN;1
EIN OPFERKNABE;HORST;1
EIN OPFERKNABE;SIEGMAR;1
EIN OPFERKNABE;ZWEI BARDEN;1
EIN OPFERKNABE;WERDOMAR;3
EIN OPFERKNABE;ZWEITES CHOR;2
EIN OPFERKNABE;KEDMON;2
EIN OPFERKNABE;THUSNELDA;2
EIN OPFERKNABE;SIEGMUND;2
EIN OPFERKNABE;EINIGE DRUIDEN;1
EIN OPFERKNABE;HERMANN;1
EIN OPFERKNABE;ZWEI STIMMEN;1
EIN ANDRER OPFERKNABE;HORST;1
EIN ANDRER OPFERKNABE;SIEGMAR;1
EIN ANDRER OPFERKNABE;ZWEI BARDEN;1
EIN ANDRER OPFERKNABE;EIN DRUIDE;1
EIN ANDRER OPFERKNABE;EIN BARDE;2
EIN ANDRER OPFERKNABE;WERDOMAR;3
EIN ANDRER OPFERKNABE;EIN CHOR;2
EIN ANDRER OPFERKNABE;ZWEITES CHOR;2
EIN ANDRER OPFERKNABE;KEDMON;2
EIN ANDRER OPFERKNABE;THUSNELDA;2
EIN ANDRER OPFERKNABE;SIEGMUND;2
EIN ANDRER OPFERKNABE;EIN OPFERKNABE;3
EIN ANDRER OPFERKNABE;EINIGE DRUIDEN;1
EIN ANDRER OPFERKNABE;HERMANN;1
EIN ANDRER OPFERKNABE;ZWEI STIMMEN;1
DER DRUIDE;HORST;1
DER DRUIDE;SIEGMAR;1
DER DRUIDE;EIN DRUIDE;1
DER DRUIDE;EIN BARDE;1
DER DRUIDE;WERDOMAR;1
DER DRUIDE;DER HAUPTMANN;1
DER DRUIDE;DER ÄLTSTE OPFERKNABE;1
DER DRUIDE;DIE BARDEN;1
DER DRUIDE;KEDMON;1
DER DRUIDE;EIN OPFERKNABE;1
DER DRUIDE;EIN ANDRER OPFERKNABE;1
DER DRUIDE;EINIGE DRUIDEN;1
DER DRUIDE;DER ZWEITE DRUIDE;1
EINIGE DRUIDEN;HORST;1
EINIGE DRUIDEN;SIEGMAR;1
EINIGE DRUIDEN;WERDOMAR;1
EINIGE DRUIDEN;KEDMON;1
DER ZWEITE DRUIDE;HORST;1
DER ZWEITE DRUIDE;SIEGMAR;1
DER ZWEITE DRUIDE;EIN DRUIDE;1
DER ZWEITE DRUIDE;EIN BARDE;1
DER ZWEITE DRUIDE;WERDOMAR;1
DER ZWEITE DRUIDE;DER ÄLTSTE OPFERKNABE;1
DER ZWEITE DRUIDE;DIE BARDEN;1
DER ZWEITE DRUIDE;KEDMON;1
DER ZWEITE DRUIDE;EIN OPFERKNABE;1
DER ZWEITE DRUIDE;EIN ANDRER OPFERKNABE;1
DER ZWEITE DRUIDE;EINIGE DRUIDEN;1
SEIN FÜHRER;WERDOMAR;1
DER GEFANGNE;EIN BARDE;1
DER GEFANGNE;WERDOMAR;1
DER GEFANGNE;SEIN FÜHRER;1
DER GEFANGNE;FLAVIUS;1
FLAVIUS;HORST;1
FLAVIUS;WERDOMAR;1
FLAVIUS;ZWEITES CHOR;1
FLAVIUS;VIERTES CHOR;1
FLAVIUS;KEDMON;1
FLAVIUS;THUSNELDA;1
FLAVIUS;SIEGMUND;1
FLAVIUS;SEIN FÜHRER;1
FLAVIUS;HERMANN;1
FLAVIUS;VALERIUS;1
FLAVIUS;LICINIUS;1
EIN ANDRER HAUPTMANN;THUSNELDA;1
HERMANN;HORST;3
HERMANN;WERDOMAR;2
HERMANN;ZWEITES CHOR;2
HERMANN;VIERTES CHOR;1
HERMANN;KEDMON;1
HERMANN;THUSNELDA;3
HERMANN;SIEGMUND;2
HERMANN;VALERIUS;1
HERMANN;LICINIUS;1
HERMANN;ZWEI STIMMEN;1
EIN KRIEGSGEFÄHRTE;HORST;1
EIN KRIEGSGEFÄHRTE;ZWEITES CHOR;1
EIN KRIEGSGEFÄHRTE;VIERTES CHOR;1
EIN KRIEGSGEFÄHRTE;KEDMON;1
EIN KRIEGSGEFÄHRTE;THUSNELDA;1
EIN KRIEGSGEFÄHRTE;SIEGMUND;1
EIN KRIEGSGEFÄHRTE;FLAVIUS;1
EIN KRIEGSGEFÄHRTE;HERMANN;1
EIN KRIEGSGEFÄHRTE;VALERIUS;1
EIN KRIEGSGEFÄHRTE;LICINIUS;1
EIN KRIEGSGEFÄHRTE;EINE DER JUNGFRAUEN;1
EIN KRIEGSGEFÄHRTE;EINE ANDRE JUNGFRAU;1
EIN ANDRER KRIEGSGEFÄHRTE;HORST;1
EIN ANDRER KRIEGSGEFÄHRTE;EIN BARDE;1
EIN ANDRER KRIEGSGEFÄHRTE;EIN CHOR;1
EIN ANDRER KRIEGSGEFÄHRTE;ZWEITES CHOR;1
EIN ANDRER KRIEGSGEFÄHRTE;VIERTES CHOR;1
EIN ANDRER KRIEGSGEFÄHRTE;KEDMON;1
EIN ANDRER KRIEGSGEFÄHRTE;THUSNELDA;1
EIN ANDRER KRIEGSGEFÄHRTE;SIEGMUND;1
EIN ANDRER KRIEGSGEFÄHRTE;FLAVIUS;1
EIN ANDRER KRIEGSGEFÄHRTE;HERMANN;1
EIN ANDRER KRIEGSGEFÄHRTE;EIN KRIEGSGEFÄHRTE;1
EIN ANDRER KRIEGSGEFÄHRTE;VALERIUS;1
EIN ANDRER KRIEGSGEFÄHRTE;LICINIUS;1
EIN ANDRER KRIEGSGEFÄHRTE;EIN CHOR JUNGFRAUEN;1
EIN ANDRER KRIEGSGEFÄHRTE;EINE DER JUNGFRAUEN;1
EIN ANDRER KRIEGSGEFÄHRTE;EINE ANDRE JUNGFRAU;1
DER CHERUSKER;HORST;2
DER CHERUSKER;EIN BARDE;1
DER CHERUSKER;EIN CHOR;1
DER CHERUSKER;ZWEITES CHOR;1
DER CHERUSKER;DRITTES CHOR;1
DER CHERUSKER;VIERTES CHOR;1
DER CHERUSKER;DER HAUPTMANN;1
DER CHERUSKER;KEDMON;1
DER CHERUSKER;THUSNELDA;2
DER CHERUSKER;SIEGMUND;1
DER CHERUSKER;FLAVIUS;1
DER CHERUSKER;HERMANN;2
DER CHERUSKER;EIN KRIEGSGEFÄHRTE;1
DER CHERUSKER;EIN ANDRER KRIEGSGEFÄHRTE;1
DER CHERUSKER;VALERIUS;1
DER CHERUSKER;LICINIUS;1
DER CHERUSKER;EIN CHOR JUNGFRAUEN;1
DER CHERUSKER;EINE DER JUNGFRAUEN;1
DER CHERUSKER;EINE ANDRE JUNGFRAU;1
DER CHERUSKER;DER MARSE;1
DER BRUCTERER;HORST;1
DER BRUCTERER;EIN BARDE;1
DER BRUCTERER;EIN CHOR;1
DER BRUCTERER;ZWEITES CHOR;1
DER BRUCTERER;DRITTES CHOR;1
DER BRUCTERER;VIERTES CHOR;1
DER BRUCTERER;DER HAUPTMANN;1
DER BRUCTERER;KEDMON;1
DER BRUCTERER;THUSNELDA;1
DER BRUCTERER;SIEGMUND;1
DER BRUCTERER;FLAVIUS;1
DER BRUCTERER;HERMANN;1
DER BRUCTERER;EIN KRIEGSGEFÄHRTE;1
DER BRUCTERER;EIN ANDRER KRIEGSGEFÄHRTE;1
DER BRUCTERER;DER CHERUSKER;1
DER BRUCTERER;VALERIUS;1
DER BRUCTERER;LICINIUS;1
DER BRUCTERER;EIN CHOR JUNGFRAUEN;1
DER BRUCTERER;EINE DER JUNGFRAUEN;1
DER BRUCTERER;EINE ANDRE JUNGFRAU;1
VALERIUS;ZWEITES CHOR;1
VALERIUS;VIERTES CHOR;1
LICINIUS;ZWEITES CHOR;1
LICINIUS;VIERTES CHOR;1
LICINIUS;THUSNELDA;1
LICINIUS;SIEGMUND;1
LICINIUS;VALERIUS;1
EIN CHOR JUNGFRAUEN;HORST;1
EIN CHOR JUNGFRAUEN;ZWEITES CHOR;1
EIN CHOR JUNGFRAUEN;VIERTES CHOR;1
EIN CHOR JUNGFRAUEN;KEDMON;1
EIN CHOR JUNGFRAUEN;THUSNELDA;1
EIN CHOR JUNGFRAUEN;SIEGMUND;1
EIN CHOR JUNGFRAUEN;FLAVIUS;1
EIN CHOR JUNGFRAUEN;HERMANN;1
EIN CHOR JUNGFRAUEN;EIN KRIEGSGEFÄHRTE;1
EIN CHOR JUNGFRAUEN;VALERIUS;1
EIN CHOR JUNGFRAUEN;LICINIUS;1
EIN CHOR JUNGFRAUEN;EINE DER JUNGFRAUEN;1
EIN CHOR JUNGFRAUEN;EINE ANDRE JUNGFRAU;1
DAS ANDRE CHOR DER JUNGFRAUEN;HORST;1
DAS ANDRE CHOR DER JUNGFRAUEN;EIN BARDE;1
DAS ANDRE CHOR DER JUNGFRAUEN;EIN CHOR;1
DAS ANDRE CHOR DER JUNGFRAUEN;ZWEITES CHOR;1
DAS ANDRE CHOR DER JUNGFRAUEN;DRITTES CHOR;1
DAS ANDRE CHOR DER JUNGFRAUEN;VIERTES CHOR;1
DAS ANDRE CHOR DER JUNGFRAUEN;DER HAUPTMANN;1
DAS ANDRE CHOR DER JUNGFRAUEN;KEDMON;1
DAS ANDRE CHOR DER JUNGFRAUEN;THUSNELDA;1
DAS ANDRE CHOR DER JUNGFRAUEN;SIEGMUND;1
DAS ANDRE CHOR DER JUNGFRAUEN;FLAVIUS;1
DAS ANDRE CHOR DER JUNGFRAUEN;HERMANN;1
DAS ANDRE CHOR DER JUNGFRAUEN;EIN KRIEGSGEFÄHRTE;1
DAS ANDRE CHOR DER JUNGFRAUEN;EIN ANDRER KRIEGSGEFÄHRTE;1
DAS ANDRE CHOR DER JUNGFRAUEN;DER CHERUSKER;1
DAS ANDRE CHOR DER JUNGFRAUEN;DER BRUCTERER;1
DAS ANDRE CHOR DER JUNGFRAUEN;VALERIUS;1
DAS ANDRE CHOR DER JUNGFRAUEN;LICINIUS;1
DAS ANDRE CHOR DER JUNGFRAUEN;EIN CHOR JUNGFRAUEN;1
DAS ANDRE CHOR DER JUNGFRAUEN;EINE DER JUNGFRAUEN;1
DAS ANDRE CHOR DER JUNGFRAUEN;EINE ANDRE JUNGFRAU;1
EINE DER JUNGFRAUEN;HORST;1
EINE DER JUNGFRAUEN;ZWEITES CHOR;1
EINE DER JUNGFRAUEN;VIERTES CHOR;1
EINE DER JUNGFRAUEN;KEDMON;1
EINE DER JUNGFRAUEN;THUSNELDA;1
EINE DER JUNGFRAUEN;SIEGMUND;1
EINE DER JUNGFRAUEN;FLAVIUS;1
EINE DER JUNGFRAUEN;HERMANN;1
EINE DER JUNGFRAUEN;VALERIUS;1
EINE DER JUNGFRAUEN;LICINIUS;1
EINE ANDRE JUNGFRAU;HORST;1
EINE ANDRE JUNGFRAU;ZWEITES CHOR;1
EINE ANDRE JUNGFRAU;VIERTES CHOR;1
EINE ANDRE JUNGFRAU;KEDMON;1
EINE ANDRE JUNGFRAU;THUSNELDA;1
EINE ANDRE JUNGFRAU;SIEGMUND;1
EINE ANDRE JUNGFRAU;FLAVIUS;1
EINE ANDRE JUNGFRAU;HERMANN;1
EINE ANDRE JUNGFRAU;VALERIUS;1
EINE ANDRE JUNGFRAU;LICINIUS;1
EINE ANDRE JUNGFRAU;EINE DER JUNGFRAUEN;1
ZWEI STIMMEN;ZWEITES CHOR;1
DER MARSE;HORST;1
DER MARSE;THUSNELDA;1
DER MARSE;HERMANN;1
