KNECHTE (III, 19);LERSE;1
SIEVERS;WIRT;1
SIEVERS;ZWEITER REITER BAMBERG;1
SIEVERS;ZWEITER REITER BERLICHINGEN;1
WIRT;ZWEITER REITER BAMBERG;1
WIRT;ZWEITER REITER BERLICHINGEN;1
METZLER;SIEVERS;1
METZLER;WIRT;1
METZLER;ZWEITER REITER BAMBERG;1
METZLER;ZWEITER REITER BERLICHINGEN;1
METZLER;WEISLINGEN;1
METZLER;WEIB;1
METZLER;MUTTER;1
METZLER;WILD;1
METZLER;UNBEKANNTER;1
METZLER;ZWEITER BAUER;1
ERSTER REITER BAMBERG;SIEVERS;1
ERSTER REITER BAMBERG;WIRT;1
ERSTER REITER BAMBERG;METZLER;1
ERSTER REITER BAMBERG;ZWEITER REITER BAMBERG;1
ERSTER REITER BAMBERG;ERSTER REITER BERLICHINGEN;1
ERSTER REITER BAMBERG;ZWEITER REITER BERLICHINGEN;1
ZWEITER REITER BAMBERG;ZWEITER REITER BERLICHINGEN;1
ERSTER REITER BERLICHINGEN;SIEVERS;1
ERSTER REITER BERLICHINGEN;WIRT;1
ERSTER REITER BERLICHINGEN;METZLER;1
ERSTER REITER BERLICHINGEN;ZWEITER REITER BAMBERG;1
ERSTER REITER BERLICHINGEN;ZWEITER REITER BERLICHINGEN;1
GÖTZ;KNECHTE (III, 19);1
GÖTZ;METZLER;2
GÖTZ;MARTIN;1
GÖTZ;KARL;1
GÖTZ;MARIA;5
GÖTZ;REITER;1
GÖTZ;WEISLINGEN;3
GÖTZ;SELBITZ;7
GÖTZ;SICKINGEN;5
GÖTZ;HAUPTMANN;4
GÖTZ;LERSE;6
GÖTZ;ZWEITER KNECHT;2
GÖTZ;ZWEITER RITTER;1
GÖTZ;RATSHERR;1
GÖTZ;SCHREIBER;1
GÖTZ;WACHE;1
GÖTZ;MUTTER;1
GÖTZ;LINK;2
GÖTZ;MAX STUMPF;1
GÖTZ;KOHL;2
GÖTZ;WILD;1
GÖTZ;LINZ;1
GÖTZ;UNBEKANNTER;1
GÖTZ;ZWEITER BAUER;1
GÖTZ;KNAB;1
GÖTZ;ZWEITE ZIGEUNERIN;1
GÖTZ;ZWEITER ZIGEUNER;1
GÖTZ;WOLF;2
GÖTZ;STICKS;1
GÖTZ;SCHRICKS;1
GÖTZ;ZIGEUNERIN;1
GEORG;KNECHTE (III, 19);1
GEORG;GÖTZ;12
GEORG;MARTIN;1
GEORG;MARIA;1
GEORG;SELBITZ;4
GEORG;SICKINGEN;1
GEORG;HAUPTMANN;1
GEORG;LERSE;5
GEORG;ZWEITER KNECHT;2
GEORG;ZWEITER RITTER;1
KARL;MARIA;1
KARL;REITER;1
KARL;WEISLINGEN;1
MARIA;REITER;1
MARIA;WEISLINGEN;3
MARIA;SICKINGEN;2
ELISABETH;KNECHTE (III, 19);1
ELISABETH;GÖTZ;8
ELISABETH;GEORG;3
ELISABETH;KARL;1
ELISABETH;MARIA;4
ELISABETH;REITER;1
ELISABETH;WEISLINGEN;2
ELISABETH;FRANZ;2
ELISABETH;SICKINGEN;1
ELISABETH;LERSE;5
ELISABETH;ERSTER KNECHT;2
ELISABETH;GERICHTSDIENER;1
REITER;WEISLINGEN;1
WEISLINGEN;ZWEITER KAUFMANN;1
WEISLINGEN;ZWEITER BAUER;1
BISCHOF;WEISLINGEN;1
BISCHOF;OLEARIUS;1
BISCHOF;LIEBETRAUT;2
BISCHOF;EIN BEDIENTER;1
BISCHOF;FRANZ;1
ABT;BISCHOF;1
ABT;OLEARIUS;1
ABT;LIEBETRAUT;1
ABT;EIN BEDIENTER;1
LIEBETRAUT;OLEARIUS;1
EIN BEDIENTER;OLEARIUS;1
EIN BEDIENTER;LIEBETRAUT;1
FRANZ;GÖTZ;1
FRANZ;MARIA;2
FRANZ;WEISLINGEN;7
FRANZ;FRÄULEIN;1
FRANZ;LERSE;1
ADELHEID;ELISABETH;1
ADELHEID;WEISLINGEN;3
ADELHEID;BISCHOF;1
ADELHEID;LIEBETRAUT;2
ADELHEID;FRANZ;4
ADELHEID;FRÄULEIN;2
ADELHEID;LERSE;1
SELBITZ;ZWEITER KNECHT;1
SELBITZ;ZWEITER RITTER;1
FRÄULEIN;WEISLINGEN;1
FRÄULEIN;LIEBETRAUT;1
BRAUTVATER;GÖTZ;1
BRAUTVATER;GEORG;1
BRAUTVATER;SELBITZ;1
BRAUTVATER;BRÄUTIGAM;1
BRÄUTIGAM;GÖTZ;1
BRÄUTIGAM;GEORG;1
BRÄUTIGAM;SELBITZ;1
BAUER;METZLER;1
BAUER;GÖTZ;1
BAUER;GEORG;1
BAUER;SELBITZ;1
BAUER;BRAUTVATER;1
BAUER;BRÄUTIGAM;1
BAUER;WEIB;1
BAUER;MUTTER;1
BAUER;LINK;1
ERSTER KAUFMANN;WEISLINGEN;1
ERSTER KAUFMANN;ZWEITER KAUFMANN;1
ERSTER KAUFMANN;KAISER;1
KAISER;WEISLINGEN;1
KAISER;ZWEITER KAUFMANN;1
HAUPTMANN;SELBITZ;1
HAUPTMANN;ZWEITER OFFIZIER;1
HAUPTMANN;LERSE;1
HAUPTMANN;ZWEITER KNECHT;1
HAUPTMANN;ZWEITER RITTER;4
HAUPTMANN;RATSHERR;1
HAUPTMANN;SCHREIBER;1
HAUPTMANN;WACHE;1
HAUPTMANN;MUTTER;1
HAUPTMANN;KNAB;1
HAUPTMANN;ZWEITE ZIGEUNERIN;1
HAUPTMANN;ZWEITER ZIGEUNER;1
HAUPTMANN;WOLF;2
HAUPTMANN;STICKS;1
HAUPTMANN;SCHRICKS;1
HAUPTMANN;ZIGEUNERIN;1
ERSTER OFFIZIER;HAUPTMANN;1
ERSTER OFFIZIER;ZWEITER OFFIZIER;1
LERSE;MARIA;2
LERSE;SELBITZ;1
LERSE;ZWEITER KNECHT;1
LERSE;ZWEITER RITTER;1
ERSTER KNECHT;GÖTZ;4
ERSTER KNECHT;GEORG;3
ERSTER KNECHT;MARIA;1
ERSTER KNECHT;SELBITZ;1
ERSTER KNECHT;SICKINGEN;1
ERSTER KNECHT;HAUPTMANN;1
ERSTER KNECHT;LERSE;1
ERSTER KNECHT;ZWEITER KNECHT;3
ERSTER KNECHT;ZWEITER RITTER;1
ZWEITER KNECHT;ZWEITER RITTER;1
ERSTER RITTER;HAUPTMANN;1
ERSTER RITTER;ZWEITER RITTER;1
GERICHTSDIENER;GÖTZ;2
GERICHTSDIENER;HAUPTMANN;1
GERICHTSDIENER;RATSHERR;1
GERICHTSDIENER;SCHREIBER;1
GERICHTSDIENER;WACHE;1
RATSHERR;SCHREIBER;1
RATSHERR;WACHE;1
ERSTER RAT;GÖTZ;1
ERSTER RAT;HAUPTMANN;1
ERSTER RAT;GERICHTSDIENER;1
ERSTER RAT;RATSHERR;1
ERSTER RAT;SCHREIBER;1
ERSTER RAT;WACHE;1
SCHREIBER;WACHE;1
ALTER;METZLER;1
ALTER;BAUER;1
ALTER;WEIB;1
ALTER;MUTTER;1
ALTER;LINK;1
MUTTER;WEIB;1
MUTTER;ZWEITE ZIGEUNERIN;1
MUTTER;ZWEITER ZIGEUNER;1
MUTTER;WOLF;1
MUTTER;STICKS;1
LINK;METZLER;3
LINK;WEISLINGEN;1
LINK;WEIB;1
LINK;MUTTER;1
LINK;MAX STUMPF;1
LINK;WILD;1
LINK;LINZ;1
LINK;UNBEKANNTER;1
LINK;ZWEITER BAUER;1
MAX STUMPF;METZLER;1
MAX STUMPF;WILD;1
KOHL;METZLER;2
KOHL;WEISLINGEN;1
KOHL;LINK;2
KOHL;MAX STUMPF;1
KOHL;WILD;1
KOHL;LINZ;1
KOHL;UNBEKANNTER;1
KOHL;ZWEITER BAUER;1
LINZ;METZLER;1
LINZ;MAX STUMPF;1
LINZ;WILD;1
BOTE;WEISLINGEN;1
BOTE;FRANZ;1
UNBEKANNTER;WEISLINGEN;1
UNBEKANNTER;ZWEITER BAUER;1
ERSTER BAUER;METZLER;1
ERSTER BAUER;GÖTZ;1
ERSTER BAUER;WEISLINGEN;1
ERSTER BAUER;LINK;1
ERSTER BAUER;KOHL;1
ERSTER BAUER;UNBEKANNTER;1
ERSTER BAUER;ZWEITER BAUER;1
KNAB;MUTTER;1
KNAB;ZWEITE ZIGEUNERIN;1
KNAB;ZWEITER ZIGEUNER;1
KNAB;WOLF;1
KNAB;STICKS;1
ERSTE ZIGEUNERIN;GÖTZ;1
ERSTE ZIGEUNERIN;HAUPTMANN;1
ERSTE ZIGEUNERIN;MUTTER;1
ERSTE ZIGEUNERIN;KNAB;1
ERSTE ZIGEUNERIN;ZWEITE ZIGEUNERIN;1
ERSTE ZIGEUNERIN;ERSTER ZIGEUNER;1
ERSTE ZIGEUNERIN;ZWEITER ZIGEUNER;1
ERSTE ZIGEUNERIN;WOLF;1
ERSTE ZIGEUNERIN;STICKS;1
ZWEITE ZIGEUNERIN;ZWEITER ZIGEUNER;1
ERSTER ZIGEUNER;GÖTZ;1
ERSTER ZIGEUNER;HAUPTMANN;1
ERSTER ZIGEUNER;MUTTER;1
ERSTER ZIGEUNER;KNAB;1
ERSTER ZIGEUNER;ZWEITE ZIGEUNERIN;1
ERSTER ZIGEUNER;ZWEITER ZIGEUNER;1
ERSTER ZIGEUNER;WOLF;1
ERSTER ZIGEUNER;STICKS;1
DRITTER ZIGEUNER;GÖTZ;1
DRITTER ZIGEUNER;HAUPTMANN;1
DRITTER ZIGEUNER;MUTTER;1
DRITTER ZIGEUNER;KNAB;1
DRITTER ZIGEUNER;ERSTE ZIGEUNERIN;1
DRITTER ZIGEUNER;ZWEITE ZIGEUNERIN;1
DRITTER ZIGEUNER;ERSTER ZIGEUNER;1
DRITTER ZIGEUNER;ZWEITER ZIGEUNER;1
DRITTER ZIGEUNER;WOLF;1
DRITTER ZIGEUNER;STICKS;1
WOLF;ZWEITE ZIGEUNERIN;1
WOLF;ZWEITER ZIGEUNER;1
WOLF;ZIGEUNERIN;1
STICKS;ZWEITE ZIGEUNERIN;1
STICKS;ZWEITER ZIGEUNER;1
STICKS;WOLF;1
SCHRICKS;WOLF;1
SCHRICKS;ZIGEUNERIN;1
RUFER;ÄLTESTER;1
KLÄGER;ÄLTESTER;1
KLÄGER;RUFER;1
