OBERJÄGER;ULRICH;1
BERNHARD;OBERJÄGER;1
BERNHARD;KNECHT;1
BERNHARD;WÄCHTER;1
BERNHARD;SOLDAT;1
BERNHARD;ULRICH;7
BERNHARD;CARL;1
BERNHARD;GENOVEFA;1
BERNHARD;SIEGFRIED;3
BERNHARD;GOLO;3
BERNHARD;HEINRICH;4
BERNHARD;CHRISTOPH;1
BERNHARD;SCHMERZENREICH;1
BERNHARD;BLUTRICHTER;1
BERNHARD;FÖRSTER;4
BERNHARD;JÄGER;3
KNECHT;WÄCHTER;1
KNECHT;SOLDAT;1
KNECHT;ULRICH;1
SOLDAT;WÄCHTER;1
SOLDAT;ULRICH;1
ULRICH;WÄCHTER;1
ANNE;JULIE;6
ANNE;CARL;1
ANNE;GENOVEFA;2
ANNE;SIEGFRIED;2
ANNE;GOLO;1
ANNE;HEINRICH;1
ANNE;KAMMERFRAU;1
ANNE;CHRISTINE;2
ANNE;DRAGONES;1
ANNE;WALLROD;1
ANNE;ERWIN;1
JULIE;WÄCHTER;1
JULIE;SIEGFRIED;1
JULIE;KAMMERFRAU;1
JULIE;MATHILDE;1
JULIE;WALLROD;1
JULIE;MARGRETHE;1
JULIE;REITKNECHT;1
ADOLF;BERNHARD;1
ADOLF;WÄCHTER;1
ADOLF;ULRICH;1
ADOLF;ANNE;4
ADOLF;JULIE;7
ADOLF;CARL;3
ADOLF;MÄDCHEN;1
ADOLF;GENOVEFA;3
ADOLF;SIEGFRIED;3
ADOLF;GOLO;3
ADOLF;HEINRICH;2
ADOLF;MATHILDE;2
ADOLF;CHRISTINE;2
ADOLF;DRAGONES;1
ADOLF;WALLROD;1
ADOLF;ERSTER WÄCHTER;1
ADOLF;ZWEYTER WÄCHTER;1
ADOLF;DRITTER WÄCHTER;1
ADOLF;MARGRETHE;1
ADOLF;REITKNECHT;1
ADOLF;ALLE RITTER;1
ADOLF;HEROLD;1
ADOLF;ALLES VOLK;1
ADOLF;EIN WEIB;1
ADOLF;EIN MANN;1
ADOLF;EIN ANDRER;1
ADOLF;ERWIN;1
CARL;ULRICH;1
CARL;JULIE;2
CARL;SIEGFRIED;1
CARL;GOLO;2
CARL;HEINRICH;1
CARL;MATHILDE;1
CARL;CHRISTINE;1
CARL;STEFFEN;2
CARL;CHRISTOPH;1
MÄDCHEN;SIEGFRIED;1
GENOVEFA;WÄCHTER;1
GENOVEFA;ULRICH;1
GENOVEFA;JULIE;3
GENOVEFA;MÄDCHEN;1
GENOVEFA;SIEGFRIED;2
GENOVEFA;GOLO;6
GENOVEFA;HEINRICH;1
GENOVEFA;KAMMERFRAU;1
GENOVEFA;MATHILDE;2
GENOVEFA;WALLROD;1
GENOVEFA;ZWEY STIMMEN;1
GENOVEFA;MARGRETHE;1
GENOVEFA;ZWEYTER MÖRDER;1
GENOVEFA;SCHMERZENREICH;2
GENOVEFA;JÄGER;1
SIEGFRIED;ULRICH;2
SIEGFRIED;STEFFEN;1
GOLO;OBERJÄGER;1
GOLO;ULRICH;3
GOLO;JULIE;2
GOLO;MÄDCHEN;1
GOLO;SIEGFRIED;2
GOLO;HEINRICH;1
GOLO;KAMMERFRAU;1
GOLO;MATHILDE;13
GOLO;WALLROD;3
GOLO;STEFFEN;8
GOLO;KNAPPE;1
GOLO;ZWEY STIMMEN;1
GOLO;MARGRETHE;1
GOLO;HEROLD;1
GOLO;RITTER;1
GOLO;ZWEYTER MÖRDER;1
GOLO;ZWEYTER BEDIENTER;1
GOLO;SCHMERZENREICH;1
GOLO;JÄGER;1
HEINRICH;ULRICH;3
HEINRICH;JULIE;1
HEINRICH;SIEGFRIED;3
HEINRICH;SCHMERZENREICH;1
HEINRICH;JÄGER;2
MATHILDE;WALLROD;5
MATHILDE;STEFFEN;5
MATHILDE;ZWEY STIMMEN;1
MATHILDE;RITTER;1
MATHILDE;ZWEYTER MÖRDER;1
MATHILDE;ZWEYTER BEDIENTER;1
CHRISTINE;JULIE;2
CHRISTINE;SIEGFRIED;1
CHRISTINE;GOLO;1
CHRISTINE;HEINRICH;1
CHRISTINE;MATHILDE;3
CHRISTINE;DRAGONES;1
CHRISTINE;WALLROD;3
CHRISTINE;STEFFEN;1
CHRISTINE;ERWIN;1
DRAGONES;JULIE;1
DRAGONES;GENOVEFA;3
DRAGONES;GOLO;3
DRAGONES;MATHILDE;4
DRAGONES;WALLROD;2
DRAGONES;KNAPPE;1
DRAGONES;ZWEY STIMMEN;1
DRAGONES;EINE STIMME;1
DRAGONES;DREY STIMMEN;1
WALLROD;ZWEY STIMMEN;1
STEFFEN;WALLROD;1
STEFFEN;ZWEYTER MÖRDER;1
STEFFEN;ZWEYTER BEDIENTER;1
BRANDFUCHS;GENOVEFA;1
BRANDFUCHS;GOLO;3
BRANDFUCHS;MATHILDE;2
BRANDFUCHS;DRAGONES;2
BRANDFUCHS;WALLROD;1
BRANDFUCHS;STEFFEN;1
BRANDFUCHS;CHOR;1
BRANDFUCHS;ZWEY STIMMEN;1
BRANDFUCHS;EINE STIMME;1
BRANDFUCHS;DREY STIMMEN;1
BRANDFUCHS;MARGRETHE;1
BRANDFUCHS;ERSTER MÖRDER;1
BRANDFUCHS;ZWEYTER MÖRDER;1
KNAPPE;MATHILDE;1
ADAM;JULIE;1
ADAM;ADOLF;3
ADAM;GENOVEFA;4
ADAM;GOLO;3
ADAM;MATHILDE;2
ADAM;DRAGONES;3
ADAM;WALLROD;1
ADAM;BRANDFUCHS;3
ADAM;CHOR;1
ADAM;ZWEY STIMMEN;1
ADAM;EINE STIMME;1
ADAM;DREY STIMMEN;1
ADAM;MARGRETHE;3
ADAM;HEROLD;1
ADAM;ALLES VOLK;1
ADAM;EIN WEIB;1
ADAM;EIN MANN;1
ADAM;EIN ANDRER;1
ADAM;ERSTER MÖRDER;2
ADAM;ZWEYTER MÖRDER;2
CHOR;GENOVEFA;1
CHOR;GOLO;1
CHOR;MATHILDE;1
CHOR;DRAGONES;1
CHOR;WALLROD;1
CHOR;ZWEY STIMMEN;1
CHOR;EINE STIMME;1
CHOR;DREY STIMMEN;1
EINE STIMME;GENOVEFA;1
EINE STIMME;GOLO;1
EINE STIMME;MATHILDE;1
EINE STIMME;WALLROD;1
EINE STIMME;ZWEY STIMMEN;1
DREY STIMMEN;GENOVEFA;1
DREY STIMMEN;GOLO;1
DREY STIMMEN;MATHILDE;1
DREY STIMMEN;WALLROD;1
DREY STIMMEN;ZWEY STIMMEN;1
DREY STIMMEN;EINE STIMME;1
ERSTER WÄCHTER;ZWEYTER WÄCHTER;1
DRITTER WÄCHTER;ERSTER WÄCHTER;1
DRITTER WÄCHTER;ZWEYTER WÄCHTER;1
MARGRETHE;MATHILDE;1
MARGRETHE;STEFFEN;1
MARGRETHE;ZWEYTER MÖRDER;2
CHRISTOPH;ULRICH;1
CHRISTOPH;SIEGFRIED;2
CHRISTOPH;STEFFEN;1
CHRISTOPH;FÖRSTER;1
CHRISTOPH;JÄGER;1
ALLE RITTER;JULIE;1
ALLE RITTER;CARL;1
ALLE RITTER;GOLO;1
ALLE RITTER;MATHILDE;1
HEROLD;JULIE;1
HEROLD;MATHILDE;1
HEROLD;MARGRETHE;1
HEROLD;RITTER;1
ALLES VOLK;JULIE;1
ALLES VOLK;CARL;1
ALLES VOLK;GOLO;1
ALLES VOLK;STEFFEN;1
ALLES VOLK;MARGRETHE;1
ALLES VOLK;HEROLD;1
ALLES VOLK;EIN WEIB;1
ALLES VOLK;EIN MANN;1
ALLES VOLK;EIN ANDRER;1
EIN WEIB;JULIE;1
EIN WEIB;MARGRETHE;1
EIN WEIB;HEROLD;1
EIN MANN;JULIE;1
EIN MANN;MARGRETHE;1
EIN MANN;HEROLD;1
EIN MANN;EIN WEIB;1
EIN ANDRER;JULIE;1
EIN ANDRER;MARGRETHE;1
EIN ANDRER;HEROLD;1
EIN ANDRER;EIN WEIB;1
EIN ANDRER;EIN MANN;1
ERSTER MÖRDER;GENOVEFA;1
ERSTER MÖRDER;GOLO;1
ERSTER MÖRDER;MATHILDE;1
ERSTER MÖRDER;STEFFEN;1
ERSTER MÖRDER;MARGRETHE;2
ERSTER MÖRDER;ZWEYTER MÖRDER;3
ERSTER MÖRDER;ZWEYTER BEDIENTER;1
ERSTER BEDIENTER;GOLO;1
ERSTER BEDIENTER;MATHILDE;1
ERSTER BEDIENTER;STEFFEN;1
ERSTER BEDIENTER;ERSTER MÖRDER;1
ERSTER BEDIENTER;ZWEYTER MÖRDER;1
ERSTER BEDIENTER;ZWEYTER BEDIENTER;1
ZWEYTER BEDIENTER;ZWEYTER MÖRDER;1
SCHMERZENREICH;ULRICH;1
SCHMERZENREICH;SIEGFRIED;1
ERWIN;JULIE;1
ERWIN;SIEGFRIED;1
ERWIN;HEINRICH;1
BLUTRICHTER;ULRICH;1
BLUTRICHTER;SIEGFRIED;1
BLUTRICHTER;CHRISTOPH;1
BLUTRICHTER;FÖRSTER;1
BLUTRICHTER;JÄGER;1
FÖRSTER;OBERJÄGER;1
FÖRSTER;ULRICH;3
FÖRSTER;GENOVEFA;1
FÖRSTER;SIEGFRIED;3
FÖRSTER;GOLO;2
FÖRSTER;HEINRICH;2
FÖRSTER;SCHMERZENREICH;1
FÖRSTER;JÄGER;3
BEDIENTER;GOLO;4
BEDIENTER;MATHILDE;3
BEDIENTER;WALLROD;1
BEDIENTER;STEFFEN;3
BEDIENTER;BRANDFUCHS;1
BEDIENTER;ERSTER MÖRDER;1
BEDIENTER;ZWEYTER MÖRDER;1
BEDIENTER;ERSTER BEDIENTER;1
BEDIENTER;ZWEYTER BEDIENTER;1
BEDIENTER;DOCTOR;1
BEDIENTER;FRANCISKANER;1
ANDRER BEDIENTER;GOLO;1
ANDRER BEDIENTER;STEFFEN;1
ANDRER BEDIENTER;BRANDFUCHS;1
ANDRER BEDIENTER;BEDIENTER;1
DOCTOR;GOLO;1
DOCTOR;MATHILDE;1
DOCTOR;WALLROD;1
DOCTOR;FRANCISKANER;1
FRANCISKANER;GOLO;1
FRANCISKANER;MATHILDE;1
FRANCISKANER;WALLROD;1
JÄGER;ULRICH;2
JÄGER;SIEGFRIED;3
JÄGER;SCHMERZENREICH;1
