EINE TRÄGERIN;PENTHESILEA;1
EINE TRÄGERIN;PROTHOE;1
EINE TRÄGERIN;MEROE;1
EINE TRÄGERIN;MEHRERE FRAUEN;1
ANTILOCHUS;ODYSSEUS;3
ANTILOCHUS;DIOMEDES;3
ANTILOCHUS;DER HAUPTMANN;2
ANTILOCHUS;EIN GRIECHENFÜRST;1
ANTILOCHUS;DER ERSTE GRIECHE;1
ANTILOCHUS;DER ZWEITE GRIECHE;1
ANTILOCHUS;AUTOMEDON;1
ODYSSEUS;PENTHESILEA;2
ODYSSEUS;PROTHOE;1
DIOMEDES;ODYSSEUS;6
DIOMEDES;EIN ÄTOLIER;1
DIOMEDES;EIN GRIECHENFÜRST;1
DIOMEDES;PENTHESILEA;1
DIOMEDES;PROTHOE;1
DIOMEDES;MEROE;1
DER HAUPTMANN;ODYSSEUS;2
DER HAUPTMANN;DIOMEDES;2
DER HAUPTMANN;EIN MYRMIDONIER;1
DER HAUPTMANN;DIE GRIECHEN;1
DER HAUPTMANN;EIN ÄTOLIER;1
DER HAUPTMANN;EIN DOLOPER;1
DER HAUPTMANN;STIMMEN;1
DER HAUPTMANN;EIN GRIECHENFÜRST;1
DER HAUPTMANN;DER ZWEITE GRIECHE;2
DER HAUPTMANN;PENTHESILEA;1
DER HAUPTMANN;PROTHOE;1
EIN MYRMIDONIER;EIN ÄTOLIER;1
EIN MYRMIDONIER;STIMMEN;1
DIE GRIECHEN;EIN MYRMIDONIER;1
DIE GRIECHEN;EIN ÄTOLIER;1
DIE GRIECHEN;EIN DOLOPER;1
DIE GRIECHEN;STIMMEN;1
EIN ÄTOLIER;ODYSSEUS;1
EIN ÄTOLIER;STIMMEN;1
EIN ÄTOLIER;PROTHOE;1
EIN ÄTOLIER;MEROE;1
EIN DOLOPER;EIN MYRMIDONIER;1
EIN DOLOPER;EIN ÄTOLIER;1
EIN DOLOPER;STIMMEN;1
ACHILLES;ANTILOCHUS;1
ACHILLES;ODYSSEUS;5
ACHILLES;DIOMEDES;4
ACHILLES;DER HAUPTMANN;2
ACHILLES;EIN ÄTOLIER;1
ACHILLES;EIN GRIECHENFÜRST;1
ACHILLES;DER ERSTE GRIECHE;4
ACHILLES;DER ZWEITE GRIECHE;1
ACHILLES;AUTOMEDON;1
ACHILLES;DIE AMAZONEN;2
ACHILLES;PENTHESILEA;5
ACHILLES;PROTHOE;6
ACHILLES;MEROE;3
ACHILLES;DIE ERSTE AMAZONE;4
ACHILLES;DIE ZWEITE AMAZONE;3
ACHILLES;DIE DRITTE AMAZONE;3
ACHILLES;EINE PRIESTERIN;1
ACHILLES;MEHRERE AMAZONEN;1
ACHILLES;DIE FÜNFTE AMAZONE;3
ACHILLES;DIE SECHSTE AMAZONE;3
ACHILLES;DIE SIEBENTE AMAZONE;3
ACHILLES;EINE AMAZONENFÜRSTIN;1
ACHILLES;DIE VIERTE AMAZONE;3
ACHILLES;DIE ACHTE AMAZONE;3
ACHILLES;EINE JUNGFRAU;1
ACHILLES;EINE ANDERE JUNGFRAU;1
ACHILLES;CHOR DER JUNGFRAUN;1
ACHILLES;DIE FRAUEN;1
ACHILLES;DER HEROLD;1
EIN GRIECHENFÜRST;ODYSSEUS;1
DER ERSTE GRIECHE;ODYSSEUS;3
DER ERSTE GRIECHE;DIOMEDES;3
DER ERSTE GRIECHE;DER HAUPTMANN;3
DER ERSTE GRIECHE;EIN MYRMIDONIER;1
DER ERSTE GRIECHE;DIE GRIECHEN;1
DER ERSTE GRIECHE;EIN ÄTOLIER;2
DER ERSTE GRIECHE;EIN DOLOPER;1
DER ERSTE GRIECHE;STIMMEN;1
DER ERSTE GRIECHE;EIN GRIECHENFÜRST;1
DER ERSTE GRIECHE;DER ZWEITE GRIECHE;2
DER ERSTE GRIECHE;DIE AMAZONEN;1
DER ERSTE GRIECHE;PENTHESILEA;2
DER ERSTE GRIECHE;PROTHOE;2
DER ERSTE GRIECHE;MEROE;1
DER ERSTE GRIECHE;DIE OBERPRIESTERIN;1
DER ERSTE GRIECHE;EIN JUNGES MÄDCHEN;1
DER ERSTE GRIECHE;EIN ANDERES MÄDCHEN;1
DER ERSTE GRIECHE;EIN DRITTES MÄDCHEN;1
DER ERSTE GRIECHE;EIN VIERTES MÄDCHEN;1
DER ERSTE GRIECHE;DIE MÄDCHEN;1
DER ERSTE GRIECHE;DIE ERSTE AMAZONE;2
DER ERSTE GRIECHE;DIE ZWEITE AMAZONE;2
DER ERSTE GRIECHE;DIE DRITTE AMAZONE;2
DER ERSTE GRIECHE;DIE FÜNFTE AMAZONE;1
DER ERSTE GRIECHE;DIE SECHSTE AMAZONE;1
DER ERSTE GRIECHE;DIE SIEBENTE AMAZONE;1
DER ERSTE GRIECHE;DIE VIERTE AMAZONE;1
DER ERSTE GRIECHE;DIE ACHTE AMAZONE;1
DER ZWEITE GRIECHE;ODYSSEUS;1
DER ZWEITE GRIECHE;DIOMEDES;1
DER ZWEITE GRIECHE;EIN MYRMIDONIER;1
DER ZWEITE GRIECHE;DIE GRIECHEN;1
DER ZWEITE GRIECHE;EIN ÄTOLIER;1
DER ZWEITE GRIECHE;EIN DOLOPER;1
DER ZWEITE GRIECHE;STIMMEN;1
DER ZWEITE GRIECHE;EIN GRIECHENFÜRST;1
AUTOMEDON;ODYSSEUS;1
AUTOMEDON;DIOMEDES;1
AUTOMEDON;DER HAUPTMANN;1
AUTOMEDON;EIN GRIECHENFÜRST;1
AUTOMEDON;DER ERSTE GRIECHE;1
AUTOMEDON;DER ZWEITE GRIECHE;1
DIE AMAZONEN;ODYSSEUS;2
DIE AMAZONEN;DIOMEDES;1
DIE AMAZONEN;EIN ÄTOLIER;1
DIE AMAZONEN;PENTHESILEA;3
DIE AMAZONEN;PROTHOE;3
DIE AMAZONEN;MEROE;4
DIE AMAZONEN;EINE ANDERE FÜRSTIN;1
DIE AMAZONEN;DIE OBERPRIESTERIN;2
DIE AMAZONEN;DIE ERSTE AMAZONE;5
DIE AMAZONEN;DIE ZWEITE AMAZONE;5
DIE AMAZONEN;DIE DRITTE AMAZONE;5
DIE AMAZONEN;EINE PRIESTERIN;1
DIE AMAZONEN;DIE ZWEITE PRIESTERIN;1
DIE AMAZONEN;DIE FÜNFTE AMAZONE;5
DIE AMAZONEN;DIE SECHSTE AMAZONE;5
DIE AMAZONEN;DIE SIEBENTE AMAZONE;5
DIE AMAZONEN;DIE VIERTE AMAZONE;5
DIE AMAZONEN;EINE DRITTE PRIESTERIN;1
DIE AMAZONEN;DIE PRIESTERINNEN;1
PENTHESILEA;PROTHOE;8
ASTERIA;DIE AMAZONEN;2
ASTERIA;PENTHESILEA;3
ASTERIA;PROTHOE;3
ASTERIA;MEROE;3
ASTERIA;EINE ANDERE FÜRSTIN;1
ASTERIA;DIE OBERPRIESTERIN;2
ASTERIA;DIE ERSTE AMAZONE;2
ASTERIA;DIE ZWEITE AMAZONE;3
ASTERIA;DIE DRITTE AMAZONE;3
ASTERIA;EINE PRIESTERIN;1
ASTERIA;DIE ZWEITE PRIESTERIN;1
ASTERIA;DIE FÜNFTE AMAZONE;2
ASTERIA;DIE SECHSTE AMAZONE;2
ASTERIA;DIE SIEBENTE AMAZONE;2
ASTERIA;DIE VIERTE AMAZONE;2
ASTERIA;DIE ACHTE AMAZONE;2
ASTERIA;DER HEROLD;1
ASTERIA;ERSTE OBERSTE;1
ASTERIA;EINE DRITTE PRIESTERIN;1
MEROE;ODYSSEUS;2
MEROE;PENTHESILEA;6
MEROE;PROTHOE;8
EINE ANDERE FÜRSTIN;PENTHESILEA;1
EINE ANDERE FÜRSTIN;PROTHOE;1
EINE ANDERE FÜRSTIN;MEROE;1
DIE OBERPRIESTERIN;EINE TRÄGERIN;1
DIE OBERPRIESTERIN;PENTHESILEA;4
DIE OBERPRIESTERIN;PROTHOE;4
DIE OBERPRIESTERIN;MEROE;5
DIE OBERPRIESTERIN;EIN JUNGES MÄDCHEN;3
DIE OBERPRIESTERIN;EIN ANDERES MÄDCHEN;2
DIE OBERPRIESTERIN;EIN DRITTES MÄDCHEN;1
DIE OBERPRIESTERIN;EIN VIERTES MÄDCHEN;1
DIE OBERPRIESTERIN;DIE ZWEITE AMAZONE;7
DIE OBERPRIESTERIN;EINE PRIESTERIN;7
DIE OBERPRIESTERIN;DIE ZWEITE PRIESTERIN;4
DIE OBERPRIESTERIN;DIE OBERSTE;1
DIE OBERPRIESTERIN;GRIECHEN;1
DIE OBERPRIESTERIN;DIE SECHSTE AMAZONE;2
DIE OBERPRIESTERIN;DIE SIEBENTE AMAZONE;2
DIE OBERPRIESTERIN;DIE VIERTE AMAZONE;3
DIE OBERPRIESTERIN;ERSTE OBERSTE;1
DIE OBERPRIESTERIN;EINE DRITTE PRIESTERIN;2
DIE OBERPRIESTERIN;DIE PRIESTERINNEN;1
DIE OBERPRIESTERIN;MEHRERE FRAUEN;1
EIN JUNGES MÄDCHEN;PENTHESILEA;1
EIN JUNGES MÄDCHEN;PROTHOE;1
EIN JUNGES MÄDCHEN;MEROE;1
EIN JUNGES MÄDCHEN;EIN VIERTES MÄDCHEN;1
EIN JUNGES MÄDCHEN;EINE PRIESTERIN;2
EIN JUNGES MÄDCHEN;GRIECHEN;1
EIN ANDERES MÄDCHEN;PENTHESILEA;1
EIN ANDERES MÄDCHEN;PROTHOE;1
EIN ANDERES MÄDCHEN;MEROE;1
EIN ANDERES MÄDCHEN;EIN JUNGES MÄDCHEN;2
EIN ANDERES MÄDCHEN;EIN DRITTES MÄDCHEN;1
EIN ANDERES MÄDCHEN;EIN VIERTES MÄDCHEN;1
EIN ANDERES MÄDCHEN;EINE PRIESTERIN;1
EIN ANDERES MÄDCHEN;GRIECHEN;1
EIN DRITTES MÄDCHEN;EIN JUNGES MÄDCHEN;1
EIN DRITTES MÄDCHEN;EIN VIERTES MÄDCHEN;1
DIE MÄDCHEN;DIE OBERPRIESTERIN;2
DIE MÄDCHEN;EIN JUNGES MÄDCHEN;2
DIE MÄDCHEN;EIN ANDERES MÄDCHEN;1
DIE MÄDCHEN;EIN DRITTES MÄDCHEN;1
DIE MÄDCHEN;EIN VIERTES MÄDCHEN;1
DIE MÄDCHEN;DIE ZWEITE AMAZONE;1
DIE MÄDCHEN;EINE PRIESTERIN;1
DIE MÄDCHEN;DIE ZWEITE PRIESTERIN;1
DIE ERSTE AMAZONE;EINE TRÄGERIN;1
DIE ERSTE AMAZONE;ODYSSEUS;2
DIE ERSTE AMAZONE;DIOMEDES;1
DIE ERSTE AMAZONE;EIN ÄTOLIER;1
DIE ERSTE AMAZONE;PENTHESILEA;6
DIE ERSTE AMAZONE;PROTHOE;8
DIE ERSTE AMAZONE;MEROE;8
DIE ERSTE AMAZONE;EINE ANDERE FÜRSTIN;1
DIE ERSTE AMAZONE;DIE OBERPRIESTERIN;6
DIE ERSTE AMAZONE;EIN JUNGES MÄDCHEN;3
DIE ERSTE AMAZONE;EIN ANDERES MÄDCHEN;2
DIE ERSTE AMAZONE;EIN DRITTES MÄDCHEN;1
DIE ERSTE AMAZONE;EIN VIERTES MÄDCHEN;1
DIE ERSTE AMAZONE;DIE MÄDCHEN;2
DIE ERSTE AMAZONE;DIE ZWEITE AMAZONE;10
DIE ERSTE AMAZONE;DIE HAUPTMÄNNIN;1
DIE ERSTE AMAZONE;EINE PRIESTERIN;6
DIE ERSTE AMAZONE;DIE ZWEITE PRIESTERIN;3
DIE ERSTE AMAZONE;GRIECHEN;1
DIE ERSTE AMAZONE;EINE FÜRSTIN;1
DIE ERSTE AMAZONE;MEHRERE AMAZONEN;1
DIE ERSTE AMAZONE;DIE FÜNFTE AMAZONE;6
DIE ERSTE AMAZONE;DIE SECHSTE AMAZONE;6
DIE ERSTE AMAZONE;DIE SIEBENTE AMAZONE;6
DIE ERSTE AMAZONE;EINE AMAZONENFÜRSTIN;1
DIE ERSTE AMAZONE;DIE VIERTE AMAZONE;7
DIE ERSTE AMAZONE;EINE JUNGFRAU;1
DIE ERSTE AMAZONE;EINE ANDERE JUNGFRAU;1
DIE ERSTE AMAZONE;EINE DRITTE PRIESTERIN;1
DIE ERSTE AMAZONE;DIE PRIESTERINNEN;1
DIE ERSTE AMAZONE;MEHRERE FRAUEN;1
DIE ZWEITE AMAZONE;EINE TRÄGERIN;1
DIE ZWEITE AMAZONE;ODYSSEUS;2
DIE ZWEITE AMAZONE;DIOMEDES;1
DIE ZWEITE AMAZONE;EIN ÄTOLIER;1
DIE ZWEITE AMAZONE;PENTHESILEA;6
DIE ZWEITE AMAZONE;PROTHOE;8
DIE ZWEITE AMAZONE;MEROE;9
DIE ZWEITE AMAZONE;EINE ANDERE FÜRSTIN;1
DIE ZWEITE AMAZONE;EIN JUNGES MÄDCHEN;2
DIE ZWEITE AMAZONE;EIN ANDERES MÄDCHEN;2
DIE ZWEITE AMAZONE;EIN DRITTES MÄDCHEN;1
DIE ZWEITE AMAZONE;EIN VIERTES MÄDCHEN;1
DIE ZWEITE AMAZONE;EINE PRIESTERIN;7
DIE ZWEITE AMAZONE;DIE ZWEITE PRIESTERIN;3
DIE ZWEITE AMAZONE;GRIECHEN;1
DIE ZWEITE AMAZONE;EINE FÜRSTIN;1
DIE ZWEITE AMAZONE;MEHRERE AMAZONEN;1
DIE ZWEITE AMAZONE;EINE AMAZONENFÜRSTIN;1
DIE ZWEITE AMAZONE;ERSTE OBERSTE;1
DIE ZWEITE AMAZONE;EINE DRITTE PRIESTERIN;2
DIE ZWEITE AMAZONE;MEHRERE FRAUEN;1
DIE DRITTE AMAZONE;EINE TRÄGERIN;1
DIE DRITTE AMAZONE;ODYSSEUS;2
DIE DRITTE AMAZONE;DIOMEDES;1
DIE DRITTE AMAZONE;EIN ÄTOLIER;1
DIE DRITTE AMAZONE;PENTHESILEA;5
DIE DRITTE AMAZONE;PROTHOE;7
DIE DRITTE AMAZONE;MEROE;8
DIE DRITTE AMAZONE;EINE ANDERE FÜRSTIN;1
DIE DRITTE AMAZONE;DIE OBERPRIESTERIN;5
DIE DRITTE AMAZONE;EIN JUNGES MÄDCHEN;1
DIE DRITTE AMAZONE;EIN ANDERES MÄDCHEN;1
DIE DRITTE AMAZONE;EIN DRITTES MÄDCHEN;1
DIE DRITTE AMAZONE;EIN VIERTES MÄDCHEN;1
DIE DRITTE AMAZONE;DIE MÄDCHEN;1
DIE DRITTE AMAZONE;DIE ERSTE AMAZONE;9
DIE DRITTE AMAZONE;DIE ZWEITE AMAZONE;10
DIE DRITTE AMAZONE;EINE PRIESTERIN;5
DIE DRITTE AMAZONE;DIE ZWEITE PRIESTERIN;3
DIE DRITTE AMAZONE;EINE FÜRSTIN;1
DIE DRITTE AMAZONE;MEHRERE AMAZONEN;1
DIE DRITTE AMAZONE;DIE FÜNFTE AMAZONE;6
DIE DRITTE AMAZONE;DIE SECHSTE AMAZONE;6
DIE DRITTE AMAZONE;DIE SIEBENTE AMAZONE;6
DIE DRITTE AMAZONE;EINE AMAZONENFÜRSTIN;1
DIE DRITTE AMAZONE;DIE VIERTE AMAZONE;7
DIE DRITTE AMAZONE;ERSTE OBERSTE;1
DIE DRITTE AMAZONE;EINE DRITTE PRIESTERIN;2
DIE DRITTE AMAZONE;DIE PRIESTERINNEN;1
DIE DRITTE AMAZONE;MEHRERE FRAUEN;1
DIE HAUPTMÄNNIN;DIE OBERPRIESTERIN;1
DIE HAUPTMÄNNIN;EIN JUNGES MÄDCHEN;1
DIE HAUPTMÄNNIN;DIE MÄDCHEN;1
DIE HAUPTMÄNNIN;EINE PRIESTERIN;1
DIE HAUPTMÄNNIN;DIE ZWEITE PRIESTERIN;1
EINE PRIESTERIN;EINE TRÄGERIN;1
EINE PRIESTERIN;PENTHESILEA;3
EINE PRIESTERIN;PROTHOE;5
EINE PRIESTERIN;MEROE;6
EINE PRIESTERIN;GRIECHEN;1
EINE PRIESTERIN;MEHRERE AMAZONEN;1
EINE PRIESTERIN;ERSTE OBERSTE;1
EINE PRIESTERIN;MEHRERE FRAUEN;1
DIE ZWEITE PRIESTERIN;EINE TRÄGERIN;1
DIE ZWEITE PRIESTERIN;PENTHESILEA;2
DIE ZWEITE PRIESTERIN;PROTHOE;2
DIE ZWEITE PRIESTERIN;MEROE;2
DIE ZWEITE PRIESTERIN;EIN JUNGES MÄDCHEN;1
DIE ZWEITE PRIESTERIN;EINE PRIESTERIN;4
DIE ZWEITE PRIESTERIN;ERSTE OBERSTE;1
DIE ZWEITE PRIESTERIN;EINE DRITTE PRIESTERIN;2
DIE ZWEITE PRIESTERIN;MEHRERE FRAUEN;1
DAS MÄDCHEN;DIE OBERPRIESTERIN;1
DAS MÄDCHEN;EIN JUNGES MÄDCHEN;1
DAS MÄDCHEN;DIE MÄDCHEN;1
DAS MÄDCHEN;DIE ERSTE AMAZONE;1
DAS MÄDCHEN;DIE HAUPTMÄNNIN;1
DAS MÄDCHEN;EINE PRIESTERIN;1
DAS MÄDCHEN;DIE ZWEITE PRIESTERIN;1
DIE OBERSTE;DIE ZWEITE AMAZONE;1
DIE OBERSTE;EINE PRIESTERIN;1
GRIECHEN;PENTHESILEA;1
GRIECHEN;PROTHOE;1
GRIECHEN;MEROE;1
EINE FÜRSTIN;PROTHOE;1
EINE FÜRSTIN;MEROE;1
EINE FÜRSTIN;EINE PRIESTERIN;1
MEHRERE AMAZONEN;PROTHOE;1
MEHRERE AMAZONEN;MEROE;1
DIE FÜNFTE AMAZONE;ODYSSEUS;2
DIE FÜNFTE AMAZONE;DIOMEDES;1
DIE FÜNFTE AMAZONE;EIN ÄTOLIER;1
DIE FÜNFTE AMAZONE;PENTHESILEA;3
DIE FÜNFTE AMAZONE;PROTHOE;4
DIE FÜNFTE AMAZONE;MEROE;5
DIE FÜNFTE AMAZONE;EINE ANDERE FÜRSTIN;1
DIE FÜNFTE AMAZONE;DIE OBERPRIESTERIN;2
DIE FÜNFTE AMAZONE;DIE ZWEITE AMAZONE;6
DIE FÜNFTE AMAZONE;EINE PRIESTERIN;2
DIE FÜNFTE AMAZONE;DIE ZWEITE PRIESTERIN;1
DIE FÜNFTE AMAZONE;MEHRERE AMAZONEN;1
DIE FÜNFTE AMAZONE;DIE SECHSTE AMAZONE;6
DIE FÜNFTE AMAZONE;DIE SIEBENTE AMAZONE;6
DIE FÜNFTE AMAZONE;EINE AMAZONENFÜRSTIN;1
DIE FÜNFTE AMAZONE;DIE VIERTE AMAZONE;6
DIE FÜNFTE AMAZONE;EINE DRITTE PRIESTERIN;1
DIE FÜNFTE AMAZONE;DIE PRIESTERINNEN;1
DIE SECHSTE AMAZONE;ODYSSEUS;2
DIE SECHSTE AMAZONE;DIOMEDES;1
DIE SECHSTE AMAZONE;EIN ÄTOLIER;1
DIE SECHSTE AMAZONE;PENTHESILEA;3
DIE SECHSTE AMAZONE;PROTHOE;4
DIE SECHSTE AMAZONE;MEROE;5
DIE SECHSTE AMAZONE;EINE ANDERE FÜRSTIN;1
DIE SECHSTE AMAZONE;DIE ZWEITE AMAZONE;6
DIE SECHSTE AMAZONE;EINE PRIESTERIN;2
DIE SECHSTE AMAZONE;DIE ZWEITE PRIESTERIN;1
DIE SECHSTE AMAZONE;MEHRERE AMAZONEN;1
DIE SECHSTE AMAZONE;DIE SIEBENTE AMAZONE;6
DIE SECHSTE AMAZONE;EINE AMAZONENFÜRSTIN;1
DIE SECHSTE AMAZONE;DIE VIERTE AMAZONE;6
DIE SECHSTE AMAZONE;EINE DRITTE PRIESTERIN;1
DIE SIEBENTE AMAZONE;ODYSSEUS;2
DIE SIEBENTE AMAZONE;DIOMEDES;1
DIE SIEBENTE AMAZONE;EIN ÄTOLIER;1
DIE SIEBENTE AMAZONE;PENTHESILEA;3
DIE SIEBENTE AMAZONE;PROTHOE;4
DIE SIEBENTE AMAZONE;MEROE;5
DIE SIEBENTE AMAZONE;EINE ANDERE FÜRSTIN;1
DIE SIEBENTE AMAZONE;DIE ZWEITE AMAZONE;6
DIE SIEBENTE AMAZONE;EINE PRIESTERIN;2
DIE SIEBENTE AMAZONE;DIE ZWEITE PRIESTERIN;1
DIE SIEBENTE AMAZONE;MEHRERE AMAZONEN;1
DIE SIEBENTE AMAZONE;EINE AMAZONENFÜRSTIN;1
DIE SIEBENTE AMAZONE;DIE VIERTE AMAZONE;6
DIE SIEBENTE AMAZONE;EINE DRITTE PRIESTERIN;1
EINE AMAZONENFÜRSTIN;PROTHOE;1
EINE AMAZONENFÜRSTIN;MEROE;1
EINE AMAZONENFÜRSTIN;EINE PRIESTERIN;1
EINE AMAZONENFÜRSTIN;MEHRERE AMAZONEN;1
DIE VIERTE AMAZONE;EINE TRÄGERIN;1
DIE VIERTE AMAZONE;ODYSSEUS;2
DIE VIERTE AMAZONE;DIOMEDES;1
DIE VIERTE AMAZONE;EIN ÄTOLIER;1
DIE VIERTE AMAZONE;PENTHESILEA;4
DIE VIERTE AMAZONE;PROTHOE;5
DIE VIERTE AMAZONE;MEROE;6
DIE VIERTE AMAZONE;EINE ANDERE FÜRSTIN;1
DIE VIERTE AMAZONE;DIE ZWEITE AMAZONE;7
DIE VIERTE AMAZONE;EINE PRIESTERIN;3
DIE VIERTE AMAZONE;DIE ZWEITE PRIESTERIN;2
DIE VIERTE AMAZONE;MEHRERE AMAZONEN;1
DIE VIERTE AMAZONE;EINE AMAZONENFÜRSTIN;1
DIE VIERTE AMAZONE;EINE DRITTE PRIESTERIN;1
DIE VIERTE AMAZONE;MEHRERE FRAUEN;1
DIE ACHTE AMAZONE;ODYSSEUS;2
DIE ACHTE AMAZONE;DIOMEDES;1
DIE ACHTE AMAZONE;EIN ÄTOLIER;1
DIE ACHTE AMAZONE;DIE AMAZONEN;5
DIE ACHTE AMAZONE;PENTHESILEA;3
DIE ACHTE AMAZONE;PROTHOE;4
DIE ACHTE AMAZONE;MEROE;5
DIE ACHTE AMAZONE;EINE ANDERE FÜRSTIN;1
DIE ACHTE AMAZONE;DIE OBERPRIESTERIN;2
DIE ACHTE AMAZONE;DIE ERSTE AMAZONE;6
DIE ACHTE AMAZONE;DIE ZWEITE AMAZONE;6
DIE ACHTE AMAZONE;DIE DRITTE AMAZONE;6
DIE ACHTE AMAZONE;EINE PRIESTERIN;2
DIE ACHTE AMAZONE;DIE ZWEITE PRIESTERIN;1
DIE ACHTE AMAZONE;MEHRERE AMAZONEN;1
DIE ACHTE AMAZONE;DIE FÜNFTE AMAZONE;6
DIE ACHTE AMAZONE;DIE SECHSTE AMAZONE;6
DIE ACHTE AMAZONE;DIE SIEBENTE AMAZONE;6
DIE ACHTE AMAZONE;EINE AMAZONENFÜRSTIN;1
DIE ACHTE AMAZONE;DIE VIERTE AMAZONE;6
DIE ACHTE AMAZONE;EINE DRITTE PRIESTERIN;1
DIE ACHTE AMAZONE;DIE PRIESTERINNEN;1
EINE JUNGFRAU;PENTHESILEA;1
EINE JUNGFRAU;PROTHOE;1
EINE ANDERE JUNGFRAU;PENTHESILEA;1
EINE ANDERE JUNGFRAU;PROTHOE;1
EINE ANDERE JUNGFRAU;EINE JUNGFRAU;1
CHOR DER JUNGFRAUN;PENTHESILEA;1
CHOR DER JUNGFRAUN;PROTHOE;1
CHOR DER JUNGFRAUN;DIE ERSTE AMAZONE;1
CHOR DER JUNGFRAUN;EINE JUNGFRAU;1
CHOR DER JUNGFRAUN;EINE ANDERE JUNGFRAU;1
DIE FRAUEN;PENTHESILEA;1
DIE FRAUEN;PROTHOE;1
DER HEROLD;ODYSSEUS;1
DER HEROLD;DIOMEDES;1
DER HEROLD;PENTHESILEA;1
DER HEROLD;PROTHOE;1
DER HEROLD;MEROE;1
DER HEROLD;DIE OBERPRIESTERIN;1
DER HEROLD;DIE ZWEITE AMAZONE;1
DER HEROLD;DIE DRITTE AMAZONE;1
DER HEROLD;EINE PRIESTERIN;1
DER HEROLD;DIE ZWEITE PRIESTERIN;1
DER HEROLD;ERSTE OBERSTE;1
DER HEROLD;EINE DRITTE PRIESTERIN;1
ERSTE OBERSTE;PENTHESILEA;1
ERSTE OBERSTE;PROTHOE;1
ERSTE OBERSTE;MEROE;1
EINE DRITTE PRIESTERIN;PENTHESILEA;1
EINE DRITTE PRIESTERIN;PROTHOE;1
EINE DRITTE PRIESTERIN;MEROE;1
EINE DRITTE PRIESTERIN;EINE PRIESTERIN;2
EINE DRITTE PRIESTERIN;ERSTE OBERSTE;1
DIE PRIESTERINNEN;DIE ZWEITE AMAZONE;1
DIE PRIESTERINNEN;EINE PRIESTERIN;1
DIE PRIESTERINNEN;DIE ZWEITE PRIESTERIN;1
DIE PRIESTERINNEN;DIE SECHSTE AMAZONE;1
DIE PRIESTERINNEN;DIE SIEBENTE AMAZONE;1
DIE PRIESTERINNEN;DIE VIERTE AMAZONE;1
DIE PRIESTERINNEN;EINE DRITTE PRIESTERIN;1
MEHRERE FRAUEN;PENTHESILEA;1
MEHRERE FRAUEN;PROTHOE;1
MEHRERE FRAUEN;MEROE;1
