ORCHESTER;THEATERMEISTER;1
ORCHESTER;PUCK;1
ORCHESTER;TITANIA;1
ORCHESTER;ORCHESTER TUTTI;1
ORCHESTER;SOLO;1
ORCHESTER;ORTHODOX;1
ORCHESTER;PURIST;1
ORCHESTER;WINDFAHNE;1
ORCHESTER;XENIEN;1
ORCHESTER;WELTKIND;1
ORCHESTER;TÄNZER;1
ORCHESTER;TANZMEISTER;1
ORCHESTER;REALIST;1
ORCHESTER;SUPERNATURALIST;1
ORCHESTER;SKEPTIKER;1
ORCHESTER;STERNSCHNUPPE;1
DIREKTOR;LUSTIGE PERSON;1
DICHTER;DIREKTOR;1
DICHTER;LUSTIGE PERSON;1
GABRIEL;RAPHAEL;1
GABRIEL;MICHAEL;1
GABRIEL;MEPHISTOPHELES;1
MICHAEL;RAPHAEL;1
MEPHISTOPHELES;RAPHAEL;1
MEPHISTOPHELES;MICHAEL;1
MEPHISTOPHELES;SIEBEL;1
MEPHISTOPHELES;VALENTIN;1
MEPHISTOPHELES;VOLK;1
MEPHISTOPHELES;STIMME;2
MEPHISTOPHELES;STIMMEN;1
MEPHISTOPHELES;MINISTER;1
MEPHISTOPHELES;PARVENU;1
MEPHISTOPHELES;TRÖDELHEXE;1
MEPHISTOPHELES;PROKTOPHANTASMIST;1
MEPHISTOPHELES;SERVIBILIS;1
DER HERR;RAPHAEL;1
DER HERR;GABRIEL;1
DER HERR;MICHAEL;1
DER HERR;MEPHISTOPHELES;1
FAUST;MEPHISTOPHELES;17
FAUST;GEIST;1
FAUST;WAGNER;2
FAUST;ZWEITER HANDWERKSBURSCH;1
FAUST;VIERTER HANDWERKSBURSCH;1
FAUST;FÜNFTER HANDWERKSBURSCH;1
FAUST;ZWEITER SCHÜLER;1
FAUST;SOLDATEN;1
FAUST;GEISTER;2
FAUST;FROSCH;1
FAUST;SIEBEL;1
FAUST;KÄTZIN;1
FAUST;MARGARETE;7
FAUST;MARTHE;3
FAUST;VALENTIN;1
FAUST;VOLK;1
FAUST;IRRLICHT;1
FAUST;STIMME;2
FAUST;HEXEN;1
FAUST;HEXENMEISTER;1
FAUST;STIMMEN;1
FAUST;HALBHEXE;1
FAUST;GENERAL;1
FAUST;MINISTER;1
FAUST;PARVENU;1
FAUST;TRÖDELHEXE;1
FAUST;PROKTOPHANTASMIST;1
FAUST;SERVIBILIS;1
GEIST;WAGNER;1
WAGNER;ZWEITER HANDWERKSBURSCH;1
WAGNER;ZWEITER SCHÜLER;1
CHOR DER ENGEL;FAUST;1
CHOR DER ENGEL;GEIST;1
CHOR DER ENGEL;WAGNER;1
CHOR DER ENGEL;CHOR DER WEIBER;1
CHOR DER ENGEL;CHOR DER JÜNGER;1
CHOR DER WEIBER;FAUST;1
CHOR DER WEIBER;GEIST;1
CHOR DER WEIBER;WAGNER;1
CHOR DER JÜNGER;FAUST;1
CHOR DER JÜNGER;GEIST;1
CHOR DER JÜNGER;WAGNER;1
CHOR DER JÜNGER;CHOR DER WEIBER;1
EINIGE HANDWERKSBURSCHEN;FAUST;1
EINIGE HANDWERKSBURSCHEN;WAGNER;1
EINIGE HANDWERKSBURSCHEN;ZWEITER HANDWERKSBURSCH;1
EINIGE HANDWERKSBURSCHEN;VIERTER HANDWERKSBURSCH;1
EINIGE HANDWERKSBURSCHEN;FÜNFTER HANDWERKSBURSCH;1
EINIGE HANDWERKSBURSCHEN;ERSTES DIENSTMÄDCHEN;1
EINIGE HANDWERKSBURSCHEN;ZWEITER SCHÜLER;1
EINIGE HANDWERKSBURSCHEN;ERSTER SCHÜLER;1
EINIGE HANDWERKSBURSCHEN;SOLDATEN;1
ANDRE HANDWERKSBURSCHEN;FAUST;1
ANDRE HANDWERKSBURSCHEN;WAGNER;1
ANDRE HANDWERKSBURSCHEN;EINIGE HANDWERKSBURSCHEN;1
ANDRE HANDWERKSBURSCHEN;EIN HANDWERKSBURSCH;1
ANDRE HANDWERKSBURSCHEN;ZWEITER HANDWERKSBURSCH;1
ANDRE HANDWERKSBURSCHEN;DRITTER HANDWERKSBURSCH;1
ANDRE HANDWERKSBURSCHEN;VIERTER HANDWERKSBURSCH;1
ANDRE HANDWERKSBURSCHEN;FÜNFTER HANDWERKSBURSCH;1
ANDRE HANDWERKSBURSCHEN;ERSTES DIENSTMÄDCHEN;1
ANDRE HANDWERKSBURSCHEN;ANDRES DIENSTMÄDCHEN;1
ANDRE HANDWERKSBURSCHEN;BÜRGERMÄDCHEN;1
ANDRE HANDWERKSBURSCHEN;ANDRES BÜRGERMÄDCHEN;1
ANDRE HANDWERKSBURSCHEN;ZWEITER SCHÜLER;1
ANDRE HANDWERKSBURSCHEN;ERSTER SCHÜLER;1
ANDRE HANDWERKSBURSCHEN;BÜRGER;1
ANDRE HANDWERKSBURSCHEN;BETTLER;1
ANDRE HANDWERKSBURSCHEN;ANDRER BÜRGER;1
ANDRE HANDWERKSBURSCHEN;DRITTER BÜRGER;1
ANDRE HANDWERKSBURSCHEN;SOLDATEN;1
EIN HANDWERKSBURSCH;FAUST;1
EIN HANDWERKSBURSCH;WAGNER;1
EIN HANDWERKSBURSCH;EINIGE HANDWERKSBURSCHEN;1
EIN HANDWERKSBURSCH;ZWEITER HANDWERKSBURSCH;1
EIN HANDWERKSBURSCH;VIERTER HANDWERKSBURSCH;1
EIN HANDWERKSBURSCH;FÜNFTER HANDWERKSBURSCH;1
EIN HANDWERKSBURSCH;ERSTES DIENSTMÄDCHEN;1
EIN HANDWERKSBURSCH;ZWEITER SCHÜLER;1
EIN HANDWERKSBURSCH;ERSTER SCHÜLER;1
EIN HANDWERKSBURSCH;SOLDATEN;1
ZWEITER HANDWERKSBURSCH;ZWEITER SCHÜLER;1
DRITTER HANDWERKSBURSCH;FAUST;1
DRITTER HANDWERKSBURSCH;WAGNER;1
DRITTER HANDWERKSBURSCH;EINIGE HANDWERKSBURSCHEN;1
DRITTER HANDWERKSBURSCH;EIN HANDWERKSBURSCH;1
DRITTER HANDWERKSBURSCH;ZWEITER HANDWERKSBURSCH;1
DRITTER HANDWERKSBURSCH;VIERTER HANDWERKSBURSCH;1
DRITTER HANDWERKSBURSCH;FÜNFTER HANDWERKSBURSCH;1
DRITTER HANDWERKSBURSCH;ERSTES DIENSTMÄDCHEN;1
DRITTER HANDWERKSBURSCH;ZWEITER SCHÜLER;1
DRITTER HANDWERKSBURSCH;ERSTER SCHÜLER;1
DRITTER HANDWERKSBURSCH;SOLDATEN;1
VIERTER HANDWERKSBURSCH;WAGNER;1
VIERTER HANDWERKSBURSCH;ZWEITER HANDWERKSBURSCH;1
VIERTER HANDWERKSBURSCH;ZWEITER SCHÜLER;1
FÜNFTER HANDWERKSBURSCH;WAGNER;1
FÜNFTER HANDWERKSBURSCH;ZWEITER HANDWERKSBURSCH;1
FÜNFTER HANDWERKSBURSCH;VIERTER HANDWERKSBURSCH;1
FÜNFTER HANDWERKSBURSCH;ZWEITER SCHÜLER;1
FÜNFTER HANDWERKSBURSCH;SOLDATEN;1
ERSTES DIENSTMÄDCHEN;FAUST;1
ERSTES DIENSTMÄDCHEN;WAGNER;1
ERSTES DIENSTMÄDCHEN;ZWEITER HANDWERKSBURSCH;1
ERSTES DIENSTMÄDCHEN;VIERTER HANDWERKSBURSCH;1
ERSTES DIENSTMÄDCHEN;FÜNFTER HANDWERKSBURSCH;1
ERSTES DIENSTMÄDCHEN;ZWEITER SCHÜLER;1
ERSTES DIENSTMÄDCHEN;SOLDATEN;1
ANDRES DIENSTMÄDCHEN;FAUST;1
ANDRES DIENSTMÄDCHEN;WAGNER;1
ANDRES DIENSTMÄDCHEN;EINIGE HANDWERKSBURSCHEN;1
ANDRES DIENSTMÄDCHEN;EIN HANDWERKSBURSCH;1
ANDRES DIENSTMÄDCHEN;ZWEITER HANDWERKSBURSCH;1
ANDRES DIENSTMÄDCHEN;DRITTER HANDWERKSBURSCH;1
ANDRES DIENSTMÄDCHEN;VIERTER HANDWERKSBURSCH;1
ANDRES DIENSTMÄDCHEN;FÜNFTER HANDWERKSBURSCH;1
ANDRES DIENSTMÄDCHEN;ERSTES DIENSTMÄDCHEN;1
ANDRES DIENSTMÄDCHEN;BÜRGERMÄDCHEN;1
ANDRES DIENSTMÄDCHEN;ZWEITER SCHÜLER;1
ANDRES DIENSTMÄDCHEN;ERSTER SCHÜLER;1
ANDRES DIENSTMÄDCHEN;BÜRGER;1
ANDRES DIENSTMÄDCHEN;BETTLER;1
ANDRES DIENSTMÄDCHEN;DRITTER BÜRGER;1
ANDRES DIENSTMÄDCHEN;SOLDATEN;1
BÜRGERMÄDCHEN;FAUST;1
BÜRGERMÄDCHEN;WAGNER;1
BÜRGERMÄDCHEN;EINIGE HANDWERKSBURSCHEN;1
BÜRGERMÄDCHEN;EIN HANDWERKSBURSCH;1
BÜRGERMÄDCHEN;ZWEITER HANDWERKSBURSCH;1
BÜRGERMÄDCHEN;DRITTER HANDWERKSBURSCH;1
BÜRGERMÄDCHEN;VIERTER HANDWERKSBURSCH;1
BÜRGERMÄDCHEN;FÜNFTER HANDWERKSBURSCH;1
BÜRGERMÄDCHEN;ERSTES DIENSTMÄDCHEN;1
BÜRGERMÄDCHEN;ZWEITER SCHÜLER;1
BÜRGERMÄDCHEN;ERSTER SCHÜLER;1
BÜRGERMÄDCHEN;DRITTER BÜRGER;1
BÜRGERMÄDCHEN;SOLDATEN;1
ANDRES BÜRGERMÄDCHEN;FAUST;1
ANDRES BÜRGERMÄDCHEN;WAGNER;1
ANDRES BÜRGERMÄDCHEN;EINIGE HANDWERKSBURSCHEN;1
ANDRES BÜRGERMÄDCHEN;EIN HANDWERKSBURSCH;1
ANDRES BÜRGERMÄDCHEN;ZWEITER HANDWERKSBURSCH;1
ANDRES BÜRGERMÄDCHEN;DRITTER HANDWERKSBURSCH;1
ANDRES BÜRGERMÄDCHEN;VIERTER HANDWERKSBURSCH;1
ANDRES BÜRGERMÄDCHEN;FÜNFTER HANDWERKSBURSCH;1
ANDRES BÜRGERMÄDCHEN;ERSTES DIENSTMÄDCHEN;1
ANDRES BÜRGERMÄDCHEN;ANDRES DIENSTMÄDCHEN;1
ANDRES BÜRGERMÄDCHEN;BÜRGERMÄDCHEN;1
ANDRES BÜRGERMÄDCHEN;ZWEITER SCHÜLER;1
ANDRES BÜRGERMÄDCHEN;ERSTER SCHÜLER;1
ANDRES BÜRGERMÄDCHEN;BÜRGER;1
ANDRES BÜRGERMÄDCHEN;BETTLER;1
ANDRES BÜRGERMÄDCHEN;DRITTER BÜRGER;1
ANDRES BÜRGERMÄDCHEN;SOLDATEN;1
ERSTER SCHÜLER;MEPHISTOPHELES;1
ERSTER SCHÜLER;FAUST;2
ERSTER SCHÜLER;WAGNER;1
ERSTER SCHÜLER;ZWEITER HANDWERKSBURSCH;1
ERSTER SCHÜLER;VIERTER HANDWERKSBURSCH;1
ERSTER SCHÜLER;FÜNFTER HANDWERKSBURSCH;1
ERSTER SCHÜLER;ERSTES DIENSTMÄDCHEN;1
ERSTER SCHÜLER;ZWEITER SCHÜLER;1
ERSTER SCHÜLER;SOLDATEN;1
ERSTER SCHÜLER;GEISTER;1
BÜRGER;FAUST;1
BÜRGER;WAGNER;1
BÜRGER;EINIGE HANDWERKSBURSCHEN;1
BÜRGER;EIN HANDWERKSBURSCH;1
BÜRGER;ZWEITER HANDWERKSBURSCH;1
BÜRGER;DRITTER HANDWERKSBURSCH;1
BÜRGER;VIERTER HANDWERKSBURSCH;1
BÜRGER;FÜNFTER HANDWERKSBURSCH;1
BÜRGER;ERSTES DIENSTMÄDCHEN;1
BÜRGER;BÜRGERMÄDCHEN;1
BÜRGER;ZWEITER SCHÜLER;1
BÜRGER;ERSTER SCHÜLER;1
BÜRGER;DRITTER BÜRGER;1
BÜRGER;SOLDATEN;1
BETTLER;FAUST;1
BETTLER;WAGNER;1
BETTLER;EINIGE HANDWERKSBURSCHEN;1
BETTLER;EIN HANDWERKSBURSCH;1
BETTLER;ZWEITER HANDWERKSBURSCH;1
BETTLER;DRITTER HANDWERKSBURSCH;1
BETTLER;VIERTER HANDWERKSBURSCH;1
BETTLER;FÜNFTER HANDWERKSBURSCH;1
BETTLER;ERSTES DIENSTMÄDCHEN;1
BETTLER;BÜRGERMÄDCHEN;1
BETTLER;ZWEITER SCHÜLER;1
BETTLER;ERSTER SCHÜLER;1
BETTLER;BÜRGER;1
BETTLER;DRITTER BÜRGER;1
BETTLER;SOLDATEN;1
ANDRER BÜRGER;FAUST;1
ANDRER BÜRGER;WAGNER;1
ANDRER BÜRGER;EINIGE HANDWERKSBURSCHEN;1
ANDRER BÜRGER;EIN HANDWERKSBURSCH;1
ANDRER BÜRGER;ZWEITER HANDWERKSBURSCH;1
ANDRER BÜRGER;DRITTER HANDWERKSBURSCH;1
ANDRER BÜRGER;VIERTER HANDWERKSBURSCH;1
ANDRER BÜRGER;FÜNFTER HANDWERKSBURSCH;1
ANDRER BÜRGER;ERSTES DIENSTMÄDCHEN;1
ANDRER BÜRGER;ANDRES DIENSTMÄDCHEN;1
ANDRER BÜRGER;BÜRGERMÄDCHEN;1
ANDRER BÜRGER;ANDRES BÜRGERMÄDCHEN;1
ANDRER BÜRGER;ZWEITER SCHÜLER;1
ANDRER BÜRGER;ERSTER SCHÜLER;1
ANDRER BÜRGER;BÜRGER;1
ANDRER BÜRGER;BETTLER;1
ANDRER BÜRGER;DRITTER BÜRGER;1
ANDRER BÜRGER;SOLDATEN;1
DRITTER BÜRGER;FAUST;1
DRITTER BÜRGER;WAGNER;1
DRITTER BÜRGER;EINIGE HANDWERKSBURSCHEN;1
DRITTER BÜRGER;EIN HANDWERKSBURSCH;1
DRITTER BÜRGER;ZWEITER HANDWERKSBURSCH;1
DRITTER BÜRGER;DRITTER HANDWERKSBURSCH;1
DRITTER BÜRGER;VIERTER HANDWERKSBURSCH;1
DRITTER BÜRGER;FÜNFTER HANDWERKSBURSCH;1
DRITTER BÜRGER;ERSTES DIENSTMÄDCHEN;1
DRITTER BÜRGER;ZWEITER SCHÜLER;1
DRITTER BÜRGER;ERSTER SCHÜLER;1
DRITTER BÜRGER;SOLDATEN;1
ALTE;FAUST;1
ALTE;WAGNER;1
ALTE;EINIGE HANDWERKSBURSCHEN;1
ALTE;ANDRE HANDWERKSBURSCHEN;1
ALTE;EIN HANDWERKSBURSCH;1
ALTE;ZWEITER HANDWERKSBURSCH;1
ALTE;DRITTER HANDWERKSBURSCH;1
ALTE;VIERTER HANDWERKSBURSCH;1
ALTE;FÜNFTER HANDWERKSBURSCH;1
ALTE;ERSTES DIENSTMÄDCHEN;1
ALTE;ANDRES DIENSTMÄDCHEN;1
ALTE;BÜRGERMÄDCHEN;1
ALTE;ANDRES BÜRGERMÄDCHEN;1
ALTE;ZWEITER SCHÜLER;1
ALTE;ERSTER SCHÜLER;1
ALTE;BÜRGER;1
ALTE;BETTLER;1
ALTE;ANDRER BÜRGER;1
ALTE;DRITTER BÜRGER;1
ALTE;SOLDATEN;1
ALTE;ALTER BAUER;1
SOLDATEN;WAGNER;1
SOLDATEN;ZWEITER HANDWERKSBURSCH;1
SOLDATEN;VIERTER HANDWERKSBURSCH;1
SOLDATEN;ZWEITER SCHÜLER;1
ALTER BAUER;FAUST;1
ALTER BAUER;WAGNER;1
ALTER BAUER;EINIGE HANDWERKSBURSCHEN;1
ALTER BAUER;ANDRE HANDWERKSBURSCHEN;1
ALTER BAUER;EIN HANDWERKSBURSCH;1
ALTER BAUER;ZWEITER HANDWERKSBURSCH;1
ALTER BAUER;DRITTER HANDWERKSBURSCH;1
ALTER BAUER;VIERTER HANDWERKSBURSCH;1
ALTER BAUER;FÜNFTER HANDWERKSBURSCH;1
ALTER BAUER;ERSTES DIENSTMÄDCHEN;1
ALTER BAUER;ANDRES DIENSTMÄDCHEN;1
ALTER BAUER;BÜRGERMÄDCHEN;1
ALTER BAUER;ANDRES BÜRGERMÄDCHEN;1
ALTER BAUER;ZWEITER SCHÜLER;1
ALTER BAUER;ERSTER SCHÜLER;1
ALTER BAUER;BÜRGER;1
ALTER BAUER;BETTLER;1
ALTER BAUER;ANDRER BÜRGER;1
ALTER BAUER;DRITTER BÜRGER;1
ALTER BAUER;SOLDATEN;1
GEISTER;MEPHISTOPHELES;2
FROSCH;MEPHISTOPHELES;1
FROSCH;SIEBEL;1
BRANDER;MEPHISTOPHELES;1
BRANDER;FAUST;1
BRANDER;FROSCH;1
BRANDER;SIEBEL;1
BRANDER;CHORUS;1
ALTMAYER;MEPHISTOPHELES;1
ALTMAYER;FAUST;1
ALTMAYER;FROSCH;1
ALTMAYER;BRANDER;1
ALTMAYER;SIEBEL;1
ALTMAYER;CHORUS;1
CHORUS;MEPHISTOPHELES;1
CHORUS;FAUST;1
CHORUS;FROSCH;1
CHORUS;SIEBEL;1
DIE TIERE;MEPHISTOPHELES;1
DIE TIERE;FAUST;1
DIE TIERE;KÄTZIN;1
DER KATER;MEPHISTOPHELES;1
DER KATER;FAUST;1
DER KATER;DIE TIERE;1
DER KATER;KÄTZIN;1
DER KATER;DIE HEXE;1
KÄTZIN;MEPHISTOPHELES;1
DIE HEXE;MEPHISTOPHELES;1
DIE HEXE;FAUST;1
DIE HEXE;DIE TIERE;1
DIE HEXE;KÄTZIN;1
MARGARETE;MEPHISTOPHELES;8
MARGARETE;MARTHE;4
MARGARETE;VALENTIN;1
MARGARETE;VOLK;1
MARGARETE;STIMME;1
MARTHE;MEPHISTOPHELES;4
MARTHE;VALENTIN;1
MARTHE;VOLK;1
LIESCHEN;MARGARETE;1
VALENTIN;VOLK;1
BÖSER GEIST;MARGARETE;1
BÖSER GEIST;CHOR IM DOM;1
CHOR IM DOM;MARGARETE;1
IRRLICHT;MEPHISTOPHELES;1
IRRLICHT;STIMME;1
IRRLICHT;STIMMEN;1
IRRLICHT;MINISTER;1
IRRLICHT;PARVENU;1
IRRLICHT;TRÖDELHEXE;1
IRRLICHT;PROKTOPHANTASMIST;1
IRRLICHT;SERVIBILIS;1
STIMME;STIMMEN;1
STIMME;TRÖDELHEXE;1
HEXEN;MEPHISTOPHELES;1
HEXEN;IRRLICHT;1
HEXEN;STIMME;1
HEXEN;HEXENMEISTER;1
HEXEN;STIMMEN;1
HEXEN;MINISTER;1
HEXEN;PARVENU;1
HEXEN;TRÖDELHEXE;1
HEXEN;PROKTOPHANTASMIST;1
HEXEN;SERVIBILIS;1
HEXENMEISTER;MEPHISTOPHELES;1
HEXENMEISTER;IRRLICHT;1
HEXENMEISTER;STIMME;1
HEXENMEISTER;STIMMEN;1
HEXENMEISTER;MINISTER;1
HEXENMEISTER;PARVENU;1
HEXENMEISTER;TRÖDELHEXE;1
HEXENMEISTER;PROKTOPHANTASMIST;1
HEXENMEISTER;SERVIBILIS;1
STIMMEN;TRÖDELHEXE;1
HALBHEXE;MEPHISTOPHELES;1
HALBHEXE;IRRLICHT;1
HALBHEXE;STIMME;1
HALBHEXE;HEXEN;1
HALBHEXE;HEXENMEISTER;1
HALBHEXE;STIMMEN;1
HALBHEXE;MINISTER;1
HALBHEXE;PARVENU;1
HALBHEXE;TRÖDELHEXE;1
HALBHEXE;PROKTOPHANTASMIST;1
HALBHEXE;SERVIBILIS;1
GENERAL;MEPHISTOPHELES;1
GENERAL;IRRLICHT;1
GENERAL;STIMME;1
GENERAL;HEXEN;1
GENERAL;HEXENMEISTER;1
GENERAL;STIMMEN;1
GENERAL;HALBHEXE;1
GENERAL;MINISTER;1
GENERAL;PARVENU;1
GENERAL;TRÖDELHEXE;1
GENERAL;PROKTOPHANTASMIST;1
GENERAL;SERVIBILIS;1
MINISTER;STIMME;1
MINISTER;STIMMEN;1
MINISTER;PARVENU;1
MINISTER;TRÖDELHEXE;1
MINISTER;PROKTOPHANTASMIST;1
MINISTER;SERVIBILIS;1
PARVENU;STIMME;1
PARVENU;STIMMEN;1
PARVENU;TRÖDELHEXE;1
PARVENU;PROKTOPHANTASMIST;1
PARVENU;SERVIBILIS;1
AUTOR;MEPHISTOPHELES;1
AUTOR;FAUST;1
AUTOR;IRRLICHT;1
AUTOR;STIMME;1
AUTOR;HEXEN;1
AUTOR;HEXENMEISTER;1
AUTOR;STIMMEN;1
AUTOR;HALBHEXE;1
AUTOR;GENERAL;1
AUTOR;MINISTER;1
AUTOR;PARVENU;1
AUTOR;TRÖDELHEXE;1
AUTOR;DIE SCHÖNE;1
AUTOR;DIE ALTE;1
AUTOR;PROKTOPHANTASMIST;1
AUTOR;SERVIBILIS;1
DIE SCHÖNE;MEPHISTOPHELES;1
DIE SCHÖNE;FAUST;1
DIE SCHÖNE;IRRLICHT;1
DIE SCHÖNE;STIMME;1
DIE SCHÖNE;HEXEN;1
DIE SCHÖNE;HEXENMEISTER;1
DIE SCHÖNE;STIMMEN;1
DIE SCHÖNE;HALBHEXE;1
DIE SCHÖNE;GENERAL;1
DIE SCHÖNE;MINISTER;1
DIE SCHÖNE;PARVENU;1
DIE SCHÖNE;TRÖDELHEXE;1
DIE SCHÖNE;PROKTOPHANTASMIST;1
DIE SCHÖNE;SERVIBILIS;1
DIE ALTE;MEPHISTOPHELES;1
DIE ALTE;FAUST;1
DIE ALTE;IRRLICHT;1
DIE ALTE;STIMME;1
DIE ALTE;HEXEN;1
DIE ALTE;HEXENMEISTER;1
DIE ALTE;STIMMEN;1
DIE ALTE;HALBHEXE;1
DIE ALTE;GENERAL;1
DIE ALTE;MINISTER;1
DIE ALTE;PARVENU;1
DIE ALTE;TRÖDELHEXE;1
DIE ALTE;DIE SCHÖNE;1
DIE ALTE;PROKTOPHANTASMIST;1
DIE ALTE;SERVIBILIS;1
PROKTOPHANTASMIST;STIMME;1
PROKTOPHANTASMIST;STIMMEN;1
PROKTOPHANTASMIST;TRÖDELHEXE;1
PROKTOPHANTASMIST;SERVIBILIS;1
SERVIBILIS;STIMME;1
SERVIBILIS;STIMMEN;1
SERVIBILIS;TRÖDELHEXE;1
THEATERMEISTER;TITANIA;1
THEATERMEISTER;WINDFAHNE;1
THEATERMEISTER;XENIEN;1
THEATERMEISTER;WELTKIND;1
THEATERMEISTER;TÄNZER;1
HEROLD;ORCHESTER;1
HEROLD;THEATERMEISTER;1
HEROLD;OBERON;1
HEROLD;PUCK;1
HEROLD;TITANIA;1
HEROLD;ORCHESTER TUTTI;1
HEROLD;SOLO;1
HEROLD;NEUGIERIGER REISENDER;1
HEROLD;ORTHODOX;1
HEROLD;NORDISCHER KÜNSTLER;1
HEROLD;PURIST;1
HEROLD;JUNGE HEXE;1
HEROLD;MATRONE;1
HEROLD;KAPELLMEISTER;1
HEROLD;WINDFAHNE;1
HEROLD;XENIEN;1
HEROLD;MUSAGET;1
HEROLD;KRANICH;1
HEROLD;WELTKIND;1
HEROLD;TÄNZER;1
HEROLD;TANZMEISTER;1
HEROLD;IDEALIST;1
HEROLD;REALIST;1
HEROLD;SUPERNATURALIST;1
HEROLD;SKEPTIKER;1
HEROLD;IRRLICHTER;1
HEROLD;STERNSCHNUPPE;1
OBERON;ORCHESTER;1
OBERON;THEATERMEISTER;1
OBERON;PUCK;1
OBERON;TITANIA;1
OBERON;ORCHESTER TUTTI;1
OBERON;SOLO;1
OBERON;ORTHODOX;1
OBERON;PURIST;1
OBERON;WINDFAHNE;1
OBERON;XENIEN;1
OBERON;WELTKIND;1
OBERON;TÄNZER;1
OBERON;TANZMEISTER;1
OBERON;REALIST;1
OBERON;SUPERNATURALIST;1
OBERON;SKEPTIKER;1
OBERON;STERNSCHNUPPE;1
PUCK;THEATERMEISTER;1
PUCK;TITANIA;1
PUCK;SOLO;1
PUCK;PURIST;1
PUCK;WINDFAHNE;1
PUCK;XENIEN;1
PUCK;WELTKIND;1
PUCK;TÄNZER;1
PUCK;TANZMEISTER;1
PUCK;REALIST;1
PUCK;SUPERNATURALIST;1
PUCK;SKEPTIKER;1
PUCK;STERNSCHNUPPE;1
ARIEL;ORCHESTER;1
ARIEL;THEATERMEISTER;1
ARIEL;HEROLD;1
ARIEL;OBERON;1
ARIEL;PUCK;1
ARIEL;TITANIA;1
ARIEL;ORCHESTER TUTTI;1
ARIEL;SOLO;1
ARIEL;EIN PÄRCHEN;1
ARIEL;NEUGIERIGER REISENDER;1
ARIEL;ORTHODOX;1
ARIEL;NORDISCHER KÜNSTLER;1
ARIEL;PURIST;1
ARIEL;JUNGE HEXE;1
ARIEL;MATRONE;1
ARIEL;KAPELLMEISTER;1
ARIEL;WINDFAHNE;1
ARIEL;XENIEN;1
ARIEL;HENNINGS;1
ARIEL;MUSAGET;1
ARIEL;KRANICH;1
ARIEL;WELTKIND;1
ARIEL;TÄNZER;1
ARIEL;TANZMEISTER;1
ARIEL;FIDELER;1
ARIEL;DOGMATIKER;1
ARIEL;IDEALIST;1
ARIEL;REALIST;1
ARIEL;SUPERNATURALIST;1
ARIEL;SKEPTIKER;1
ARIEL;DIE GEWANDTEN;1
ARIEL;DIE UNBEHÜLFLICHEN;1
ARIEL;IRRLICHTER;1
ARIEL;STERNSCHNUPPE;1
ARIEL;DIE MASSIVEN;1
TITANIA;WINDFAHNE;1
TITANIA;XENIEN;1
TITANIA;WELTKIND;1
TITANIA;TÄNZER;1
ORCHESTER TUTTI;THEATERMEISTER;1
ORCHESTER TUTTI;PUCK;1
ORCHESTER TUTTI;TITANIA;1
ORCHESTER TUTTI;SOLO;1
ORCHESTER TUTTI;ORTHODOX;1
ORCHESTER TUTTI;PURIST;1
ORCHESTER TUTTI;WINDFAHNE;1
ORCHESTER TUTTI;XENIEN;1
ORCHESTER TUTTI;WELTKIND;1
ORCHESTER TUTTI;TÄNZER;1
ORCHESTER TUTTI;TANZMEISTER;1
ORCHESTER TUTTI;REALIST;1
ORCHESTER TUTTI;SUPERNATURALIST;1
ORCHESTER TUTTI;SKEPTIKER;1
ORCHESTER TUTTI;STERNSCHNUPPE;1
SOLO;THEATERMEISTER;1
SOLO;TITANIA;1
SOLO;WINDFAHNE;1
SOLO;XENIEN;1
SOLO;WELTKIND;1
SOLO;TÄNZER;1
SOLO;TANZMEISTER;1
SOLO;SUPERNATURALIST;1
SOLO;STERNSCHNUPPE;1
EIN PÄRCHEN;ORCHESTER;1
EIN PÄRCHEN;THEATERMEISTER;1
EIN PÄRCHEN;HEROLD;1
EIN PÄRCHEN;OBERON;1
EIN PÄRCHEN;PUCK;1
EIN PÄRCHEN;TITANIA;1
EIN PÄRCHEN;ORCHESTER TUTTI;1
EIN PÄRCHEN;SOLO;1
EIN PÄRCHEN;NEUGIERIGER REISENDER;1
EIN PÄRCHEN;ORTHODOX;1
EIN PÄRCHEN;NORDISCHER KÜNSTLER;1
EIN PÄRCHEN;PURIST;1
EIN PÄRCHEN;JUNGE HEXE;1
EIN PÄRCHEN;MATRONE;1
EIN PÄRCHEN;KAPELLMEISTER;1
EIN PÄRCHEN;WINDFAHNE;1
EIN PÄRCHEN;XENIEN;1
EIN PÄRCHEN;HENNINGS;1
EIN PÄRCHEN;MUSAGET;1
EIN PÄRCHEN;KRANICH;1
EIN PÄRCHEN;WELTKIND;1
EIN PÄRCHEN;TÄNZER;1
EIN PÄRCHEN;TANZMEISTER;1
EIN PÄRCHEN;FIDELER;1
EIN PÄRCHEN;IDEALIST;1
EIN PÄRCHEN;REALIST;1
EIN PÄRCHEN;SUPERNATURALIST;1
EIN PÄRCHEN;SKEPTIKER;1
EIN PÄRCHEN;IRRLICHTER;1
EIN PÄRCHEN;STERNSCHNUPPE;1
NEUGIERIGER REISENDER;ORCHESTER;1
NEUGIERIGER REISENDER;THEATERMEISTER;1
NEUGIERIGER REISENDER;OBERON;1
NEUGIERIGER REISENDER;PUCK;1
NEUGIERIGER REISENDER;TITANIA;1
NEUGIERIGER REISENDER;ORCHESTER TUTTI;1
NEUGIERIGER REISENDER;SOLO;1
NEUGIERIGER REISENDER;ORTHODOX;1
NEUGIERIGER REISENDER;NORDISCHER KÜNSTLER;1
NEUGIERIGER REISENDER;PURIST;1
NEUGIERIGER REISENDER;WINDFAHNE;1
NEUGIERIGER REISENDER;XENIEN;1
NEUGIERIGER REISENDER;WELTKIND;1
NEUGIERIGER REISENDER;TÄNZER;1
NEUGIERIGER REISENDER;TANZMEISTER;1
NEUGIERIGER REISENDER;REALIST;1
NEUGIERIGER REISENDER;SUPERNATURALIST;1
NEUGIERIGER REISENDER;SKEPTIKER;1
NEUGIERIGER REISENDER;STERNSCHNUPPE;1
ORTHODOX;THEATERMEISTER;1
ORTHODOX;PUCK;1
ORTHODOX;TITANIA;1
ORTHODOX;SOLO;1
ORTHODOX;PURIST;1
ORTHODOX;WINDFAHNE;1
ORTHODOX;XENIEN;1
ORTHODOX;WELTKIND;1
ORTHODOX;TÄNZER;1
ORTHODOX;TANZMEISTER;1
ORTHODOX;REALIST;1
ORTHODOX;SUPERNATURALIST;1
ORTHODOX;SKEPTIKER;1
ORTHODOX;STERNSCHNUPPE;1
NORDISCHER KÜNSTLER;ORCHESTER;1
NORDISCHER KÜNSTLER;THEATERMEISTER;1
NORDISCHER KÜNSTLER;OBERON;1
NORDISCHER KÜNSTLER;PUCK;1
NORDISCHER KÜNSTLER;TITANIA;1
NORDISCHER KÜNSTLER;ORCHESTER TUTTI;1
NORDISCHER KÜNSTLER;SOLO;1
NORDISCHER KÜNSTLER;ORTHODOX;1
NORDISCHER KÜNSTLER;PURIST;1
NORDISCHER KÜNSTLER;WINDFAHNE;1
NORDISCHER KÜNSTLER;XENIEN;1
NORDISCHER KÜNSTLER;WELTKIND;1
NORDISCHER KÜNSTLER;TÄNZER;1
NORDISCHER KÜNSTLER;TANZMEISTER;1
NORDISCHER KÜNSTLER;REALIST;1
NORDISCHER KÜNSTLER;SUPERNATURALIST;1
NORDISCHER KÜNSTLER;SKEPTIKER;1
NORDISCHER KÜNSTLER;STERNSCHNUPPE;1
PURIST;THEATERMEISTER;1
PURIST;TITANIA;1
PURIST;SOLO;1
PURIST;WINDFAHNE;1
PURIST;XENIEN;1
PURIST;WELTKIND;1
PURIST;TÄNZER;1
PURIST;TANZMEISTER;1
PURIST;REALIST;1
PURIST;SUPERNATURALIST;1
PURIST;SKEPTIKER;1
PURIST;STERNSCHNUPPE;1
JUNGE HEXE;ORCHESTER;1
JUNGE HEXE;THEATERMEISTER;1
JUNGE HEXE;OBERON;1
JUNGE HEXE;PUCK;1
JUNGE HEXE;TITANIA;1
JUNGE HEXE;ORCHESTER TUTTI;1
JUNGE HEXE;SOLO;1
JUNGE HEXE;NEUGIERIGER REISENDER;1
JUNGE HEXE;ORTHODOX;1
JUNGE HEXE;NORDISCHER KÜNSTLER;1
JUNGE HEXE;PURIST;1
JUNGE HEXE;MATRONE;1
JUNGE HEXE;KAPELLMEISTER;1
JUNGE HEXE;WINDFAHNE;1
JUNGE HEXE;XENIEN;1
JUNGE HEXE;MUSAGET;1
JUNGE HEXE;KRANICH;1
JUNGE HEXE;WELTKIND;1
JUNGE HEXE;TÄNZER;1
JUNGE HEXE;TANZMEISTER;1
JUNGE HEXE;REALIST;1
JUNGE HEXE;SUPERNATURALIST;1
JUNGE HEXE;SKEPTIKER;1
JUNGE HEXE;STERNSCHNUPPE;1
MATRONE;ORCHESTER;1
MATRONE;THEATERMEISTER;1
MATRONE;OBERON;1
MATRONE;PUCK;1
MATRONE;TITANIA;1
MATRONE;ORCHESTER TUTTI;1
MATRONE;SOLO;1
MATRONE;NEUGIERIGER REISENDER;1
MATRONE;ORTHODOX;1
MATRONE;NORDISCHER KÜNSTLER;1
MATRONE;PURIST;1
MATRONE;WINDFAHNE;1
MATRONE;XENIEN;1
MATRONE;MUSAGET;1
MATRONE;WELTKIND;1
MATRONE;TÄNZER;1
MATRONE;TANZMEISTER;1
MATRONE;REALIST;1
MATRONE;SUPERNATURALIST;1
MATRONE;SKEPTIKER;1
MATRONE;STERNSCHNUPPE;1
KAPELLMEISTER;ORCHESTER;1
KAPELLMEISTER;THEATERMEISTER;1
KAPELLMEISTER;OBERON;1
KAPELLMEISTER;PUCK;1
KAPELLMEISTER;TITANIA;1
KAPELLMEISTER;ORCHESTER TUTTI;1
KAPELLMEISTER;SOLO;1
KAPELLMEISTER;NEUGIERIGER REISENDER;1
KAPELLMEISTER;ORTHODOX;1
KAPELLMEISTER;NORDISCHER KÜNSTLER;1
KAPELLMEISTER;PURIST;1
KAPELLMEISTER;MATRONE;1
KAPELLMEISTER;WINDFAHNE;1
KAPELLMEISTER;XENIEN;1
KAPELLMEISTER;MUSAGET;1
KAPELLMEISTER;KRANICH;1
KAPELLMEISTER;WELTKIND;1
KAPELLMEISTER;TÄNZER;1
KAPELLMEISTER;TANZMEISTER;1
KAPELLMEISTER;REALIST;1
KAPELLMEISTER;SUPERNATURALIST;1
KAPELLMEISTER;SKEPTIKER;1
KAPELLMEISTER;STERNSCHNUPPE;1
WINDFAHNE;XENIEN;1
HENNINGS;ORCHESTER;1
HENNINGS;THEATERMEISTER;1
HENNINGS;HEROLD;1
HENNINGS;OBERON;1
HENNINGS;PUCK;1
HENNINGS;TITANIA;1
HENNINGS;ORCHESTER TUTTI;1
HENNINGS;SOLO;1
HENNINGS;NEUGIERIGER REISENDER;1
HENNINGS;ORTHODOX;1
HENNINGS;NORDISCHER KÜNSTLER;1
HENNINGS;PURIST;1
HENNINGS;JUNGE HEXE;1
HENNINGS;MATRONE;1
HENNINGS;KAPELLMEISTER;1
HENNINGS;WINDFAHNE;1
HENNINGS;XENIEN;1
HENNINGS;MUSAGET;1
HENNINGS;KRANICH;1
HENNINGS;WELTKIND;1
HENNINGS;TÄNZER;1
HENNINGS;TANZMEISTER;1
HENNINGS;IDEALIST;1
HENNINGS;REALIST;1
HENNINGS;SUPERNATURALIST;1
HENNINGS;SKEPTIKER;1
HENNINGS;IRRLICHTER;1
HENNINGS;STERNSCHNUPPE;1
MUSAGET;ORCHESTER;1
MUSAGET;THEATERMEISTER;1
MUSAGET;OBERON;1
MUSAGET;PUCK;1
MUSAGET;TITANIA;1
MUSAGET;ORCHESTER TUTTI;1
MUSAGET;SOLO;1
MUSAGET;NEUGIERIGER REISENDER;1
MUSAGET;ORTHODOX;1
MUSAGET;NORDISCHER KÜNSTLER;1
MUSAGET;PURIST;1
MUSAGET;WINDFAHNE;1
MUSAGET;XENIEN;1
MUSAGET;WELTKIND;1
MUSAGET;TÄNZER;1
MUSAGET;TANZMEISTER;1
MUSAGET;REALIST;1
MUSAGET;SUPERNATURALIST;1
MUSAGET;SKEPTIKER;1
MUSAGET;STERNSCHNUPPE;1
KRANICH;ORCHESTER;1
KRANICH;THEATERMEISTER;1
KRANICH;OBERON;1
KRANICH;PUCK;1
KRANICH;TITANIA;1
KRANICH;ORCHESTER TUTTI;1
KRANICH;SOLO;1
KRANICH;NEUGIERIGER REISENDER;1
KRANICH;ORTHODOX;1
KRANICH;NORDISCHER KÜNSTLER;1
KRANICH;PURIST;1
KRANICH;MATRONE;1
KRANICH;WINDFAHNE;1
KRANICH;XENIEN;1
KRANICH;MUSAGET;1
KRANICH;WELTKIND;1
KRANICH;TÄNZER;1
KRANICH;TANZMEISTER;1
KRANICH;REALIST;1
KRANICH;SUPERNATURALIST;1
KRANICH;SKEPTIKER;1
KRANICH;STERNSCHNUPPE;1
WELTKIND;WINDFAHNE;1
WELTKIND;XENIEN;1
TÄNZER;WINDFAHNE;1
TÄNZER;XENIEN;1
TÄNZER;WELTKIND;1
TANZMEISTER;THEATERMEISTER;1
TANZMEISTER;TITANIA;1
TANZMEISTER;WINDFAHNE;1
TANZMEISTER;XENIEN;1
TANZMEISTER;WELTKIND;1
TANZMEISTER;TÄNZER;1
FIDELER;ORCHESTER;1
FIDELER;THEATERMEISTER;1
FIDELER;HEROLD;1
FIDELER;OBERON;1
FIDELER;PUCK;1
FIDELER;TITANIA;1
FIDELER;ORCHESTER TUTTI;1
FIDELER;SOLO;1
FIDELER;NEUGIERIGER REISENDER;1
FIDELER;ORTHODOX;1
FIDELER;NORDISCHER KÜNSTLER;1
FIDELER;PURIST;1
FIDELER;JUNGE HEXE;1
FIDELER;MATRONE;1
FIDELER;KAPELLMEISTER;1
FIDELER;WINDFAHNE;1
FIDELER;XENIEN;1
FIDELER;HENNINGS;1
FIDELER;MUSAGET;1
FIDELER;KRANICH;1
FIDELER;WELTKIND;1
FIDELER;TÄNZER;1
FIDELER;TANZMEISTER;1
FIDELER;IDEALIST;1
FIDELER;REALIST;1
FIDELER;SUPERNATURALIST;1
FIDELER;SKEPTIKER;1
FIDELER;IRRLICHTER;1
FIDELER;STERNSCHNUPPE;1
DOGMATIKER;ORCHESTER;1
DOGMATIKER;THEATERMEISTER;1
DOGMATIKER;HEROLD;1
DOGMATIKER;OBERON;1
DOGMATIKER;PUCK;1
DOGMATIKER;TITANIA;1
DOGMATIKER;ORCHESTER TUTTI;1
DOGMATIKER;SOLO;1
DOGMATIKER;EIN PÄRCHEN;1
DOGMATIKER;NEUGIERIGER REISENDER;1
DOGMATIKER;ORTHODOX;1
DOGMATIKER;NORDISCHER KÜNSTLER;1
DOGMATIKER;PURIST;1
DOGMATIKER;JUNGE HEXE;1
DOGMATIKER;MATRONE;1
DOGMATIKER;KAPELLMEISTER;1
DOGMATIKER;WINDFAHNE;1
DOGMATIKER;XENIEN;1
DOGMATIKER;HENNINGS;1
DOGMATIKER;MUSAGET;1
DOGMATIKER;KRANICH;1
DOGMATIKER;WELTKIND;1
DOGMATIKER;TÄNZER;1
DOGMATIKER;TANZMEISTER;1
DOGMATIKER;FIDELER;1
DOGMATIKER;IDEALIST;1
DOGMATIKER;REALIST;1
DOGMATIKER;SUPERNATURALIST;1
DOGMATIKER;SKEPTIKER;1
DOGMATIKER;IRRLICHTER;1
DOGMATIKER;STERNSCHNUPPE;1
IDEALIST;ORCHESTER;1
IDEALIST;THEATERMEISTER;1
IDEALIST;OBERON;1
IDEALIST;PUCK;1
IDEALIST;TITANIA;1
IDEALIST;ORCHESTER TUTTI;1
IDEALIST;SOLO;1
IDEALIST;NEUGIERIGER REISENDER;1
IDEALIST;ORTHODOX;1
IDEALIST;NORDISCHER KÜNSTLER;1
IDEALIST;PURIST;1
IDEALIST;JUNGE HEXE;1
IDEALIST;MATRONE;1
IDEALIST;KAPELLMEISTER;1
IDEALIST;WINDFAHNE;1
IDEALIST;XENIEN;1
IDEALIST;MUSAGET;1
IDEALIST;KRANICH;1
IDEALIST;WELTKIND;1
IDEALIST;TÄNZER;1
IDEALIST;TANZMEISTER;1
IDEALIST;REALIST;1
IDEALIST;SUPERNATURALIST;1
IDEALIST;SKEPTIKER;1
IDEALIST;IRRLICHTER;1
IDEALIST;STERNSCHNUPPE;1
REALIST;THEATERMEISTER;1
REALIST;TITANIA;1
REALIST;SOLO;1
REALIST;WINDFAHNE;1
REALIST;XENIEN;1
REALIST;WELTKIND;1
REALIST;TÄNZER;1
REALIST;TANZMEISTER;1
REALIST;SUPERNATURALIST;1
REALIST;SKEPTIKER;1
REALIST;STERNSCHNUPPE;1
SUPERNATURALIST;THEATERMEISTER;1
SUPERNATURALIST;TITANIA;1
SUPERNATURALIST;WINDFAHNE;1
SUPERNATURALIST;XENIEN;1
SUPERNATURALIST;WELTKIND;1
SUPERNATURALIST;TÄNZER;1
SUPERNATURALIST;TANZMEISTER;1
SKEPTIKER;THEATERMEISTER;1
SKEPTIKER;TITANIA;1
SKEPTIKER;SOLO;1
SKEPTIKER;WINDFAHNE;1
SKEPTIKER;XENIEN;1
SKEPTIKER;WELTKIND;1
SKEPTIKER;TÄNZER;1
SKEPTIKER;TANZMEISTER;1
SKEPTIKER;SUPERNATURALIST;1
SKEPTIKER;STERNSCHNUPPE;1
DIE GEWANDTEN;ORCHESTER;1
DIE GEWANDTEN;THEATERMEISTER;1
DIE GEWANDTEN;HEROLD;1
DIE GEWANDTEN;OBERON;1
DIE GEWANDTEN;PUCK;1
DIE GEWANDTEN;TITANIA;1
DIE GEWANDTEN;ORCHESTER TUTTI;1
DIE GEWANDTEN;SOLO;1
DIE GEWANDTEN;EIN PÄRCHEN;1
DIE GEWANDTEN;NEUGIERIGER REISENDER;1
DIE GEWANDTEN;ORTHODOX;1
DIE GEWANDTEN;NORDISCHER KÜNSTLER;1
DIE GEWANDTEN;PURIST;1
DIE GEWANDTEN;JUNGE HEXE;1
DIE GEWANDTEN;MATRONE;1
DIE GEWANDTEN;KAPELLMEISTER;1
DIE GEWANDTEN;WINDFAHNE;1
DIE GEWANDTEN;XENIEN;1
DIE GEWANDTEN;HENNINGS;1
DIE GEWANDTEN;MUSAGET;1
DIE GEWANDTEN;KRANICH;1
DIE GEWANDTEN;WELTKIND;1
DIE GEWANDTEN;TÄNZER;1
DIE GEWANDTEN;TANZMEISTER;1
DIE GEWANDTEN;FIDELER;1
DIE GEWANDTEN;DOGMATIKER;1
DIE GEWANDTEN;IDEALIST;1
DIE GEWANDTEN;REALIST;1
DIE GEWANDTEN;SUPERNATURALIST;1
DIE GEWANDTEN;SKEPTIKER;1
DIE GEWANDTEN;DIE UNBEHÜLFLICHEN;1
DIE GEWANDTEN;IRRLICHTER;1
DIE GEWANDTEN;STERNSCHNUPPE;1
DIE GEWANDTEN;DIE MASSIVEN;1
DIE UNBEHÜLFLICHEN;ORCHESTER;1
DIE UNBEHÜLFLICHEN;THEATERMEISTER;1
DIE UNBEHÜLFLICHEN;HEROLD;1
DIE UNBEHÜLFLICHEN;OBERON;1
DIE UNBEHÜLFLICHEN;PUCK;1
DIE UNBEHÜLFLICHEN;TITANIA;1
DIE UNBEHÜLFLICHEN;ORCHESTER TUTTI;1
DIE UNBEHÜLFLICHEN;SOLO;1
DIE UNBEHÜLFLICHEN;EIN PÄRCHEN;1
DIE UNBEHÜLFLICHEN;NEUGIERIGER REISENDER;1
DIE UNBEHÜLFLICHEN;ORTHODOX;1
DIE UNBEHÜLFLICHEN;NORDISCHER KÜNSTLER;1
DIE UNBEHÜLFLICHEN;PURIST;1
DIE UNBEHÜLFLICHEN;JUNGE HEXE;1
DIE UNBEHÜLFLICHEN;MATRONE;1
DIE UNBEHÜLFLICHEN;KAPELLMEISTER;1
DIE UNBEHÜLFLICHEN;WINDFAHNE;1
DIE UNBEHÜLFLICHEN;XENIEN;1
DIE UNBEHÜLFLICHEN;HENNINGS;1
DIE UNBEHÜLFLICHEN;MUSAGET;1
DIE UNBEHÜLFLICHEN;KRANICH;1
DIE UNBEHÜLFLICHEN;WELTKIND;1
DIE UNBEHÜLFLICHEN;TÄNZER;1
DIE UNBEHÜLFLICHEN;TANZMEISTER;1
DIE UNBEHÜLFLICHEN;FIDELER;1
DIE UNBEHÜLFLICHEN;DOGMATIKER;1
DIE UNBEHÜLFLICHEN;IDEALIST;1
DIE UNBEHÜLFLICHEN;REALIST;1
DIE UNBEHÜLFLICHEN;SUPERNATURALIST;1
DIE UNBEHÜLFLICHEN;SKEPTIKER;1
DIE UNBEHÜLFLICHEN;IRRLICHTER;1
DIE UNBEHÜLFLICHEN;STERNSCHNUPPE;1
IRRLICHTER;ORCHESTER;1
IRRLICHTER;THEATERMEISTER;1
IRRLICHTER;OBERON;1
IRRLICHTER;PUCK;1
IRRLICHTER;TITANIA;1
IRRLICHTER;ORCHESTER TUTTI;1
IRRLICHTER;SOLO;1
IRRLICHTER;NEUGIERIGER REISENDER;1
IRRLICHTER;ORTHODOX;1
IRRLICHTER;NORDISCHER KÜNSTLER;1
IRRLICHTER;PURIST;1
IRRLICHTER;JUNGE HEXE;1
IRRLICHTER;MATRONE;1
IRRLICHTER;KAPELLMEISTER;1
IRRLICHTER;WINDFAHNE;1
IRRLICHTER;XENIEN;1
IRRLICHTER;MUSAGET;1
IRRLICHTER;KRANICH;1
IRRLICHTER;WELTKIND;1
IRRLICHTER;TÄNZER;1
IRRLICHTER;TANZMEISTER;1
IRRLICHTER;REALIST;1
IRRLICHTER;SUPERNATURALIST;1
IRRLICHTER;SKEPTIKER;1
IRRLICHTER;STERNSCHNUPPE;1
STERNSCHNUPPE;THEATERMEISTER;1
STERNSCHNUPPE;TITANIA;1
STERNSCHNUPPE;WINDFAHNE;1
STERNSCHNUPPE;XENIEN;1
STERNSCHNUPPE;WELTKIND;1
STERNSCHNUPPE;TÄNZER;1
STERNSCHNUPPE;TANZMEISTER;1
STERNSCHNUPPE;SUPERNATURALIST;1
DIE MASSIVEN;ORCHESTER;1
DIE MASSIVEN;THEATERMEISTER;1
DIE MASSIVEN;HEROLD;1
DIE MASSIVEN;OBERON;1
DIE MASSIVEN;PUCK;1
DIE MASSIVEN;TITANIA;1
DIE MASSIVEN;ORCHESTER TUTTI;1
DIE MASSIVEN;SOLO;1
DIE MASSIVEN;EIN PÄRCHEN;1
DIE MASSIVEN;NEUGIERIGER REISENDER;1
DIE MASSIVEN;ORTHODOX;1
DIE MASSIVEN;NORDISCHER KÜNSTLER;1
DIE MASSIVEN;PURIST;1
DIE MASSIVEN;JUNGE HEXE;1
DIE MASSIVEN;MATRONE;1
DIE MASSIVEN;KAPELLMEISTER;1
DIE MASSIVEN;WINDFAHNE;1
DIE MASSIVEN;XENIEN;1
DIE MASSIVEN;HENNINGS;1
DIE MASSIVEN;MUSAGET;1
DIE MASSIVEN;KRANICH;1
DIE MASSIVEN;WELTKIND;1
DIE MASSIVEN;TÄNZER;1
DIE MASSIVEN;TANZMEISTER;1
DIE MASSIVEN;FIDELER;1
DIE MASSIVEN;DOGMATIKER;1
DIE MASSIVEN;IDEALIST;1
DIE MASSIVEN;REALIST;1
DIE MASSIVEN;SUPERNATURALIST;1
DIE MASSIVEN;SKEPTIKER;1
DIE MASSIVEN;DIE UNBEHÜLFLICHEN;1
DIE MASSIVEN;IRRLICHTER;1
DIE MASSIVEN;STERNSCHNUPPE;1
