EINER III.14;PAMPHILIO;1
EINER III.14;OLYMPIE;1
EINER III.14;LYSANDER;1
EINER III.14;VIREN;1
EINER III.14;NATHANAEL;1
EINER III.14;VIELE III.14;1
AHASVERUS;GEVATTERIN;2
AHASVERUS;SUPPIUS;2
AHASVERUS;DIENEMANN;2
AHASVERUS;MEYER;1
AHASVERUS;WAISENHÄUSER;2
AHASVERUS;PAMPHILIO;3
AHASVERUS;CARDENIO;7
AHASVERUS;BECKER;1
AHASVERUS;DORIS;1
AHASVERUS;OLYMPIE;2
AHASVERUS;LYSANDER;3
AHASVERUS;VIREN;1
AHASVERUS;PRÄSES DER STUDENTEN;1
AHASVERUS;ALLE 1.18;1
AHASVERUS;VIELE 1.18;1
AHASVERUS;EINER 1.18;1
AHASVERUS;DIE KINDER;1
AHASVERUS;NATHAN;1
AHASVERUS;EIN KIND;1
AHASVERUS;EDELCHEN;1
AHASVERUS;GAST;1
AHASVERUS;HALLOREN;1
AHASVERUS;EIN HALLOR;1
AHASVERUS;ZWEITER HALLOR;1
AHASVERUS;CELINDE;4
AHASVERUS;DIE DICKE MAGD;1
AHASVERUS;HALLORENWEIB;1
AHASVERUS;EINER AUS DEM VOLKE;1
AHASVERUS;EIN ANDERER AUS DEM VOLKE;1
AHASVERUS;DIE MENGE;1
AHASVERUS;EIN DIENER;1
AHASVERUS;DIE HÄSCHER;1
AHASVERUS;EIN HÄSCHER;1
AHASVERUS;EIN ANDRER HÄSCHER;1
AHASVERUS;EIN DRITTER HÄSCHER;1
AHASVERUS;EINER II.10;1
AHASVERUS;VIELE III.1;1
GEVATTERIN;SUPPIUS;3
GEVATTERIN;MEYER;3
GEVATTERIN;WAISENHÄUSER;2
GEVATTERIN;PAMPHILIO;3
GEVATTERIN;PFERDEPHILISTER;1
GEVATTERIN;MAGISTER;1
GEVATTERIN;OLYMPIE;1
GEVATTERIN;MUSIKANTEN;1
GEVATTERIN;SCHMIDT;1
GEVATTERIN;LYSANDER;1
SUPPIUS;WAISENHÄUSER;3
SUPPIUS;VIELE 1.18;1
DIENEMANN;GEVATTERIN;3
DIENEMANN;SUPPIUS;4
DIENEMANN;MEYER;3
DIENEMANN;WAISENHÄUSER;3
DIENEMANN;PAMPHILIO;2
DIENEMANN;PFERDEPHILISTER;1
DIENEMANN;EIN WAISENHÄUSER;1
DIENEMANN;EIN KÜMMELTÜRKE;1
DIENEMANN;MAGISTER;1
DIENEMANN;EIN PHILISTER;1
DIENEMANN;STUDENTEN;1
DIENEMANN;WAGNER;1
DIENEMANN;ERSTER MUSIKANT;1
DIENEMANN;MUSIKANTEN;1
DIENEMANN;SCHMIDT;1
DIENEMANN;PRÄSES DER STUDENTEN;1
DIENEMANN;VIELE 1.18;1
DIENEMANN;EINER 1.18;1
MEYER;SUPPIUS;3
MEYER;WAISENHÄUSER;2
MEYER;PAMPHILIO;2
MEYER;PFERDEPHILISTER;1
MEYER;MUSIKANTEN;1
MEYER;SCHMIDT;1
PAMPHILIO;SUPPIUS;2
PAMPHILIO;WAISENHÄUSER;1
PAMPHILIO;SCHMIDT;1
PAMPHILIO;VIREN;3
PAMPHILIO;ZUSCHAUER;1
PAMPHILIO;ZWEITER HALLOR;1
PAMPHILIO;PRINZESSIN;1
PAMPHILIO;WEISSPRINZ;1
PAMPHILIO;VIELE III.1;1
PAMPHILIO;VIELE III.14;1
PFERDEPHILISTER;SUPPIUS;1
PFERDEPHILISTER;WAISENHÄUSER;1
CARDENIO;GEVATTERIN;4
CARDENIO;SUPPIUS;3
CARDENIO;DIENEMANN;4
CARDENIO;MEYER;2
CARDENIO;WAISENHÄUSER;2
CARDENIO;PAMPHILIO;7
CARDENIO;PFERDEPHILISTER;1
CARDENIO;EIN WAISENHÄUSER;1
CARDENIO;EIN KÜMMELTÜRKE;1
CARDENIO;MAGISTER;1
CARDENIO;EIN PHILISTER;1
CARDENIO;DORIS;3
CARDENIO;OLYMPIE;8
CARDENIO;STUDENTEN;1
CARDENIO;WAGNER;1
CARDENIO;ERSTER MUSIKANT;3
CARDENIO;MUSIKANTEN;1
CARDENIO;SCHMIDT;1
CARDENIO;LYSANDER;4
CARDENIO;VIREN;5
CARDENIO;DIE JUNGFRAU;1
CARDENIO;DIE FRAU;1
CARDENIO;LINDOR;1
CARDENIO;ZUSCHAUER;1
CARDENIO;MUSIKER;1
CARDENIO;EIN ANDERER MUSIKANT;1
CARDENIO;PRÄSES DER STUDENTEN;1
CARDENIO;VIELE 1.18;1
CARDENIO;EINER 1.18;1
CARDENIO;NATHAN;1
CARDENIO;GAST;1
CARDENIO;PREDIGER;2
CARDENIO;HALLOREN;1
CARDENIO;EIN HALLOR;1
CARDENIO;ZWEITER HALLOR;1
CARDENIO;HEROLD;1
CARDENIO;PRINZESSIN;1
CARDENIO;WEISSPRINZ;1
CARDENIO;MOHRENPRINZ;1
CARDENIO;CELINDE;9
CARDENIO;DIE DICKE MAGD;1
CARDENIO;HALLORENWEIB;1
CARDENIO;DER PREDIGER;1
CARDENIO;EINER AUS DEM VOLKE;1
CARDENIO;EIN ANDERER AUS DEM VOLKE;1
CARDENIO;DIE MENGE;1
CARDENIO;KÜMMERMANN;1
CARDENIO;STÜRMER;1
CARDENIO;MARSCHAL;1
CARDENIO;EIN DIENER;1
CARDENIO;TYCHE;2
CARDENIO;DIE GESTALT;2
CARDENIO;CLEON;2
CARDENIO;DIE HÄSCHER;1
CARDENIO;EIN HÄSCHER;1
CARDENIO;EIN ANDRER HÄSCHER;1
CARDENIO;EIN DRITTER HÄSCHER;1
CARDENIO;EINER II.10;1
CARDENIO;VIELE III.1;1
BECKER;GEVATTERIN;2
BECKER;SUPPIUS;3
BECKER;DIENEMANN;3
BECKER;MEYER;2
BECKER;WAISENHÄUSER;2
BECKER;PAMPHILIO;1
BECKER;PFERDEPHILISTER;1
BECKER;CARDENIO;3
BECKER;EIN WAISENHÄUSER;1
BECKER;EIN KÜMMELTÜRKE;1
BECKER;MAGISTER;1
BECKER;EIN PHILISTER;1
BECKER;ERSTER MUSIKANT;1
BECKER;MUSIKANTEN;1
BECKER;SCHMIDT;1
BECKER;PRÄSES DER STUDENTEN;1
BECKER;VIELE 1.18;1
BECKER;EINER 1.18;1
EIN WAISENHÄUSER;GEVATTERIN;1
EIN WAISENHÄUSER;SUPPIUS;1
EIN WAISENHÄUSER;MEYER;1
EIN WAISENHÄUSER;WAISENHÄUSER;1
EIN WAISENHÄUSER;PFERDEPHILISTER;1
EIN WAISENHÄUSER;MAGISTER;1
EIN KÜMMELTÜRKE;GEVATTERIN;1
EIN KÜMMELTÜRKE;SUPPIUS;1
EIN KÜMMELTÜRKE;MEYER;1
EIN KÜMMELTÜRKE;WAISENHÄUSER;1
EIN KÜMMELTÜRKE;PFERDEPHILISTER;1
EIN KÜMMELTÜRKE;EIN WAISENHÄUSER;1
EIN KÜMMELTÜRKE;MAGISTER;1
EIN KÜMMELTÜRKE;EIN PHILISTER;1
MAGISTER;SUPPIUS;1
MAGISTER;MEYER;1
MAGISTER;WAISENHÄUSER;1
MAGISTER;PFERDEPHILISTER;1
EIN PHILISTER;GEVATTERIN;1
EIN PHILISTER;SUPPIUS;1
EIN PHILISTER;MEYER;1
EIN PHILISTER;WAISENHÄUSER;1
EIN PHILISTER;PFERDEPHILISTER;1
EIN PHILISTER;EIN WAISENHÄUSER;1
EIN PHILISTER;MAGISTER;1
DORIS;GEVATTERIN;2
DORIS;PAMPHILIO;2
DORIS;OLYMPIE;5
DORIS;ERSTER MUSIKANT;1
DORIS;LYSANDER;4
DORIS;VIREN;3
DORIS;MUSIKER;1
DORIS;EIN ANDERER MUSIKANT;1
DORIS;HALLOREN;1
DORIS;EIN HALLOR;1
DORIS;ZWEITER HALLOR;1
DORIS;EINER AUS DEM VOLKE;1
DORIS;EIN ANDERER AUS DEM VOLKE;1
DORIS;VIELE III.1;1
OLYMPIE;PAMPHILIO;5
OLYMPIE;VIREN;11
OLYMPIE;ZUSCHAUER;1
OLYMPIE;PREDIGER;1
OLYMPIE;ZWEITER HALLOR;1
OLYMPIE;PRINZESSIN;1
OLYMPIE;WEISSPRINZ;1
OLYMPIE;VIELE III.1;1
OLYMPIE;VIELE III.14;1
STUDENTEN;WAGNER;1
ERSTER MUSIKANT;GEVATTERIN;1
ERSTER MUSIKANT;SUPPIUS;1
ERSTER MUSIKANT;MEYER;1
ERSTER MUSIKANT;PAMPHILIO;3
ERSTER MUSIKANT;OLYMPIE;2
ERSTER MUSIKANT;MUSIKANTEN;1
ERSTER MUSIKANT;SCHMIDT;1
ERSTER MUSIKANT;VIREN;1
ERSTER MUSIKANT;LINDOR;1
ERSTER MUSIKANT;ZUSCHAUER;1
ERSTER MUSIKANT;MUSIKER;1
MUSIKANTEN;SUPPIUS;1
MUSIKANTEN;PAMPHILIO;1
MUSIKANTEN;SCHMIDT;1
SCHMIDT;SUPPIUS;1
LYSANDER;PAMPHILIO;3
LYSANDER;OLYMPIE;11
LYSANDER;VIREN;6
LYSANDER;NATHAN;2
LYSANDER;PREDIGER;1
LYSANDER;ZWEITER HALLOR;1
LYSANDER;PRINZESSIN;1
LYSANDER;WEISSPRINZ;1
LYSANDER;MOHRENPRINZ;1
LYSANDER;NATHANAEL;1
LYSANDER;VIELE III.1;1
LYSANDER;VIELE III.14;1
VIREN;WEISSPRINZ;1
DIE JUNGFRAU;PAMPHILIO;1
DIE JUNGFRAU;OLYMPIE;1
DIE JUNGFRAU;ERSTER MUSIKANT;1
DIE JUNGFRAU;LINDOR;1
DIE JUNGFRAU;ZUSCHAUER;1
DIE FRAU;PAMPHILIO;1
DIE FRAU;OLYMPIE;1
DIE FRAU;ERSTER MUSIKANT;1
DIE FRAU;DIE JUNGFRAU;1
DIE FRAU;LINDOR;1
DIE FRAU;ZUSCHAUER;1
LINDOR;PAMPHILIO;1
LINDOR;OLYMPIE;1
LINDOR;ZUSCHAUER;1
BEDIENTE;PAMPHILIO;1
BEDIENTE;CARDENIO;1
BEDIENTE;DORIS;1
BEDIENTE;OLYMPIE;1
BEDIENTE;ERSTER MUSIKANT;1
BEDIENTE;VIREN;1
BEDIENTE;MUSIKER;1
BEDIENTE;EIN ANDERER MUSIKANT;1
MUSIKER;PAMPHILIO;1
MUSIKER;OLYMPIE;1
MUSIKER;VIREN;1
EIN ANDERER MUSIKANT;PAMPHILIO;1
EIN ANDERER MUSIKANT;OLYMPIE;1
EIN ANDERER MUSIKANT;ERSTER MUSIKANT;1
EIN ANDERER MUSIKANT;VIREN;1
EIN ANDERER MUSIKANT;MUSIKER;1
PRÄSES DER STUDENTEN;SUPPIUS;1
PRÄSES DER STUDENTEN;WAISENHÄUSER;1
PRÄSES DER STUDENTEN;VIELE 1.18;1
ALLE 1.18;SUPPIUS;1
ALLE 1.18;DIENEMANN;1
ALLE 1.18;WAISENHÄUSER;1
ALLE 1.18;CARDENIO;1
ALLE 1.18;BECKER;1
ALLE 1.18;PRÄSES DER STUDENTEN;1
ALLE 1.18;VIELE 1.18;1
ALLE 1.18;EINER 1.18;1
VIELE 1.18;WAISENHÄUSER;1
EINER 1.18;SUPPIUS;1
EINER 1.18;WAISENHÄUSER;1
EINER 1.18;PRÄSES DER STUDENTEN;1
EINER 1.18;VIELE 1.18;1
DIE KINDER;LYSANDER;1
DIE KINDER;NATHAN;2
DIE KINDER;EIN KIND;2
DIE KINDER;EDELCHEN;1
NATHAN;PAMPHILIO;1
EIN KIND;LYSANDER;1
EIN KIND;NATHAN;2
DER ANDERE KNABE;DIE KINDER;1
DER ANDERE KNABE;NATHAN;1
DER ANDERE KNABE;EIN KIND;1
EDELCHEN;LYSANDER;1
EDELCHEN;NATHAN;1
EDELCHEN;EIN KIND;1
GAST;GEVATTERIN;1
GAST;PAMPHILIO;1
PREDIGER;VIREN;1
PREDIGER;TYCHE;1
DIE VERSAMMLUNG;OLYMPIE;1
DIE VERSAMMLUNG;LYSANDER;1
DIE VERSAMMLUNG;VIREN;1
DIE VERSAMMLUNG;PREDIGER;1
DIE VERSAMMLUNG;EINE ALTE FRAU;1
DIE VERSAMMLUNG;HALLOREN;1
DIE VERSAMMLUNG;EIN HALLOR;1
EINE ALTE FRAU;OLYMPIE;1
EINE ALTE FRAU;LYSANDER;1
EINE ALTE FRAU;VIREN;1
EINE ALTE FRAU;PREDIGER;1
EINE ALTE FRAU;HALLOREN;1
HALLOREN;PAMPHILIO;1
HALLOREN;OLYMPIE;2
HALLOREN;LYSANDER;2
HALLOREN;VIREN;1
HALLOREN;PREDIGER;1
HALLOREN;ZWEITER HALLOR;1
HALLOREN;VIELE III.1;1
EIN HALLOR;PAMPHILIO;1
EIN HALLOR;OLYMPIE;2
EIN HALLOR;LYSANDER;2
EIN HALLOR;VIREN;1
EIN HALLOR;PREDIGER;1
EIN HALLOR;EINE ALTE FRAU;1
EIN HALLOR;HALLOREN;2
EIN HALLOR;ZWEITER HALLOR;1
EIN HALLOR;EINER AUS DEM VOLKE;1
EIN HALLOR;VIELE III.1;1
HEROLD;PAMPHILIO;1
HEROLD;OLYMPIE;1
HEROLD;LYSANDER;1
HEROLD;VIREN;1
HEROLD;PRINZESSIN;1
HEROLD;WEISSPRINZ;1
HEROLD;MOHRENPRINZ;1
PRINZESSIN;VIREN;1
PRINZESSIN;WEISSPRINZ;1
MOHRENPRINZ;PAMPHILIO;1
MOHRENPRINZ;OLYMPIE;1
MOHRENPRINZ;VIREN;1
MOHRENPRINZ;PRINZESSIN;1
MOHRENPRINZ;WEISSPRINZ;1
CELINDE;PAMPHILIO;1
CELINDE;DORIS;1
CELINDE;OLYMPIE;2
CELINDE;LYSANDER;2
CELINDE;VIREN;2
CELINDE;PREDIGER;2
CELINDE;HALLOREN;1
CELINDE;EIN HALLOR;1
CELINDE;ZWEITER HALLOR;1
CELINDE;HALLORENWEIBER;1
CELINDE;DIE DICKE MAGD;2
CELINDE;HALLORENWEIB;1
CELINDE;DER PREDIGER;1
CELINDE;EINER AUS DEM VOLKE;1
CELINDE;EIN ANDERER AUS DEM VOLKE;1
CELINDE;DIE MENGE;1
CELINDE;TYCHE;3
CELINDE;DIE GESTALT;1
CELINDE;CLEON;2
CELINDE;VIELE III.1;1
HALLORENWEIBER;VIREN;1
DIE DICKE MAGD;VIREN;2
DIE DICKE MAGD;HALLORENWEIBER;1
DIE DICKE MAGD;HALLORENWEIB;1
HALLORENWEIB;VIREN;1
DER PREDIGER;PREDIGER;1
EINER AUS DEM VOLKE;PAMPHILIO;1
EINER AUS DEM VOLKE;OLYMPIE;1
EINER AUS DEM VOLKE;LYSANDER;1
EINER AUS DEM VOLKE;HALLOREN;1
EINER AUS DEM VOLKE;ZWEITER HALLOR;1
EINER AUS DEM VOLKE;VIELE III.1;1
EIN ANDERER AUS DEM VOLKE;PAMPHILIO;1
EIN ANDERER AUS DEM VOLKE;OLYMPIE;1
EIN ANDERER AUS DEM VOLKE;LYSANDER;1
EIN ANDERER AUS DEM VOLKE;HALLOREN;1
EIN ANDERER AUS DEM VOLKE;EIN HALLOR;1
EIN ANDERER AUS DEM VOLKE;ZWEITER HALLOR;1
EIN ANDERER AUS DEM VOLKE;EINER AUS DEM VOLKE;1
EIN ANDERER AUS DEM VOLKE;VIELE III.1;1
DIE MENGE;PAMPHILIO;1
DIE MENGE;DORIS;1
DIE MENGE;OLYMPIE;1
DIE MENGE;LYSANDER;1
DIE MENGE;HALLOREN;1
DIE MENGE;EIN HALLOR;1
DIE MENGE;ZWEITER HALLOR;1
DIE MENGE;EINER AUS DEM VOLKE;1
DIE MENGE;EIN ANDERER AUS DEM VOLKE;1
DIE MENGE;VIELE III.1;1
KÜMMERMANN;STÜRMER;1
KÜMMERMANN;MARSCHAL;1
MARSCHAL;STÜRMER;1
DIE GESTALT;OLYMPIE;1
DIE GESTALT;LYSANDER;1
DIE GESTALT;VIREN;1
DIE GESTALT;TYCHE;1
ANTON;CARDENIO;1
ANTON;OLYMPIE;1
ANTON;LYSANDER;1
ANTON;VIREN;1
ANTON;DIE GESTALT;1
CLEON;PREDIGER;1
CLEON;TYCHE;2
CLEON;DIE GESTALT;1
DIE HÄSCHER;GEVATTERIN;1
DIE HÄSCHER;PAMPHILIO;1
DIE HÄSCHER;GAST;1
DIE HÄSCHER;EIN HÄSCHER;1
DIE HÄSCHER;EIN ANDRER HÄSCHER;1
DIE HÄSCHER;EIN DRITTER HÄSCHER;1
DIE HÄSCHER;EINER II.10;1
EIN HÄSCHER;EINER III.14;1
EIN HÄSCHER;GEVATTERIN;1
EIN HÄSCHER;PAMPHILIO;2
EIN HÄSCHER;OLYMPIE;1
EIN HÄSCHER;LYSANDER;1
EIN HÄSCHER;VIREN;1
EIN HÄSCHER;GAST;1
EIN HÄSCHER;NATHANAEL;1
EIN HÄSCHER;EINER II.10;1
EIN HÄSCHER;VIELE III.14;1
EIN ANDRER HÄSCHER;EINER III.14;1
EIN ANDRER HÄSCHER;GEVATTERIN;1
EIN ANDRER HÄSCHER;PAMPHILIO;2
EIN ANDRER HÄSCHER;OLYMPIE;1
EIN ANDRER HÄSCHER;LYSANDER;1
EIN ANDRER HÄSCHER;VIREN;1
EIN ANDRER HÄSCHER;GAST;1
EIN ANDRER HÄSCHER;EIN HÄSCHER;2
EIN ANDRER HÄSCHER;EIN DRITTER HÄSCHER;2
EIN ANDRER HÄSCHER;NATHANAEL;1
EIN ANDRER HÄSCHER;EINER II.10;1
EIN ANDRER HÄSCHER;VIELE III.14;1
EIN DRITTER HÄSCHER;EINER III.14;1
EIN DRITTER HÄSCHER;GEVATTERIN;1
EIN DRITTER HÄSCHER;PAMPHILIO;2
EIN DRITTER HÄSCHER;OLYMPIE;1
EIN DRITTER HÄSCHER;LYSANDER;1
EIN DRITTER HÄSCHER;VIREN;1
EIN DRITTER HÄSCHER;GAST;1
EIN DRITTER HÄSCHER;EIN HÄSCHER;2
EIN DRITTER HÄSCHER;NATHANAEL;1
EIN DRITTER HÄSCHER;EINER II.10;1
EIN DRITTER HÄSCHER;VIELE III.14;1
NATHANAEL;PAMPHILIO;1
NATHANAEL;OLYMPIE;1
NATHANAEL;VIREN;1
NATHANAEL;VIELE III.14;1
CHOR DER STUDENTEN;EINER III.14;1
CHOR DER STUDENTEN;PAMPHILIO;1
CHOR DER STUDENTEN;OLYMPIE;1
CHOR DER STUDENTEN;LYSANDER;1
CHOR DER STUDENTEN;VIREN;1
CHOR DER STUDENTEN;EIN HÄSCHER;1
CHOR DER STUDENTEN;EIN ANDRER HÄSCHER;1
CHOR DER STUDENTEN;EIN DRITTER HÄSCHER;1
CHOR DER STUDENTEN;NATHANAEL;1
CHOR DER STUDENTEN;VIELE III.14;1
EINER II.10;GEVATTERIN;1
EINER II.10;PAMPHILIO;1
EINER II.10;GAST;1
VIELE III.1;ZWEITER HALLOR;1
VIELE III.14;VIREN;1
