DIE DREI TRÄGERINNEN;DRUHAN;1
DIE DREI TRÄGERINNEN;PRIMISLAUS;1
DIE DREI TRÄGERINNEN;LIBUSSA;1
DIE DREI TRÄGERINNEN;ZWRATKA;1
DIE DREI TRÄGERINNEN;ZIACK;1
DIE DREI TRÄGERINNEN;MENELJUBA;1
DIE DREI TRÄGERINNEN;HUBALJUTA;1
DIE DREI TRÄGERINNEN;MORIWESCHA;1
DIE DREI TRÄGERINNEN;ENTAWOPA;1
DIE DREI TRÄGERINNEN;VERWIRRTE STIMMEN;1
DIE DREI TRÄGERINNEN;LAPACK;1
DIE DREI TRÄGERINNEN;TRINITAS;1
DIE DREI TRÄGERINNEN;PACHTA;1
DIE DREI TRÄGERINNEN;SLAWOSCH;1
DIE DREI TRÄGERINNEN;WLASTA;1
DIE DREI TRÄGERINNEN;SCHARKA;1
DIE DREI TRÄGERINNEN;STRATKA;1
DIE DREI TRÄGERINNEN;TETKA;1
DIE DREI TRÄGERINNEN;KASCHA;1
DIE DREI TRÄGERINNEN;DRZEWOSLAUS;1
DIE DREI TRÄGERINNEN;WRSCHOWETZ;1
DIE DREI TRÄGERINNEN;VOLK;1
DIE DREI TRÄGERINNEN;ERSTER SLAVE;1
DIE DREI TRÄGERINNEN;ZWEITER SLAVE;1
DIE DREI TRÄGERINNEN;DRITTER SLAVE;1
DIE DREI TRÄGERINNEN;STIASON;1
DIE DREI TRÄGERINNEN;DIE MÄGDLEIN;1
DIE DREI TRÄGERINNEN;MILENKA;1
DIE DREI TRÄGERINNEN;ZASTAWA;1
DIE DREI TRÄGERINNEN;HODKA;1
DIE DREI TRÄGERINNEN;KLIMBOGNA;1
DIE DREI TRÄGERINNEN;DOBROMILA;1
DIE DREI TRÄGERINNEN;MLADKA;1
DIE DREI TRÄGERINNEN;NABKA;1
DIE DREI TRÄGERINNEN;SWATAWA;1
DIE DREI TRÄGERINNEN;RADKA;1
DIE DREI TRÄGERINNEN;TRINTTAS;1
DIE DREI TRÄGERINNEN;LIBUSSENS MÄGDLEIN;1
DIE DREI TRÄGERINNEN;DIE MÄNNER;1
DIE DREI TRÄGERINNEN;VIERTER SLAVE;1
DIE DREI TRÄGERINNEN;FÜNFTER SLAVE;1
DIE DREI TRÄGERINNEN;SECHSTER SLAVE;1
DIE DREI TRÄGERINNEN;SIEBENTER SLAVE;1
DIE DREI TRÄGERINNEN;EINE JUNGFRAU VOM TURM;1
DIE DREI TRÄGERINNEN;DIE WEIBER;1
DIE DREI TRÄGERINNEN;DIE WÄCHTERIN;1
DRUHAN;PRIMISLAUS;4
DRUHAN;LIBUSSA;4
DRUHAN;ZWRATKA;3
DRUHAN;ZIACK;3
DRUHAN;MENELJUBA;3
DRUHAN;HUBALJUTA;2
DRUHAN;MORIWESCHA;3
DRUHAN;ENTAWOPA;3
DRUHAN;VERWIRRTE STIMMEN;2
DRUHAN;LAPACK;2
DRUHAN;TRINITAS;3
DRUHAN;PACHTA;3
DRUHAN;SLAWOSCH;2
DRUHAN;WLASTA;3
DRUHAN;SCHARKA;3
DRUHAN;STRATKA;3
DRUHAN;TETKA;3
DRUHAN;KASCHA;3
DRUHAN;DRZEWOSLAUS;2
DRUHAN;WRSCHOWETZ;3
DRUHAN;VOLK;4
DRUHAN;ERSTER SLAVE;2
DRUHAN;ZWEITER SLAVE;1
DRUHAN;STIASON;1
DRUHAN;MILENKA;2
DRUHAN;ZASTAWA;2
DRUHAN;HODKA;2
DRUHAN;KLIMBOGNA;1
DRUHAN;MLADKA;1
DRUHAN;NABKA;2
DRUHAN;SWATAWA;1
DRUHAN;RADKA;1
DRUHAN;TRINTTAS;2
DRUHAN;LEBUSSA;1
DRUHAN;LIBUSSENS MÄGDLEIN;1
DRUHAN;VIERTER SLAVE;1
DRUHAN;FÜNFTER SLAVE;1
DRUHAN;SECHSTER SLAVE;1
DRUHAN;SIEBENTER SLAVE;1
DRUHAN;EINE JUNGFRAU VOM TURM;1
PRIMISLAUS;ZWRATKA;4
PRIMISLAUS;ZIACK;5
PRIMISLAUS;VERWIRRTE STIMMEN;3
PRIMISLAUS;TRINITAS;3
PRIMISLAUS;SLAWOSCH;4
PRIMISLAUS;WLASTA;5
PRIMISLAUS;SCHARKA;5
PRIMISLAUS;STRATKA;5
PRIMISLAUS;TETKA;4
PRIMISLAUS;WRSCHOWETZ;5
PRIMISLAUS;VOLK;6
PRIMISLAUS;ZWEITER SLAVE;2
PRIMISLAUS;STIASON;3
PRIMISLAUS;ROZHON;2
PRIMISLAUS;VIELE STIMMEN;1
PRIMISLAUS;ZASTAWA;3
PRIMISLAUS;SWATAWA;2
PRIMISLAUS;RADKA;2
PRIMISLAUS;WASTIL;1
PRIMISLAUS;SCHRIBEN;1
PRIMISLAUS;TRINTTAS;2
PRIMISLAUS;VIERTER SLAVE;1
PRIMISLAUS;SECHSTER SLAVE;1
PRIMISLAUS;SIEBENTER SLAVE;1
LIBUSSA;PRIMISLAUS;6
LIBUSSA;ZWRATKA;4
LIBUSSA;ZIACK;5
LIBUSSA;MENELJUBA;3
LIBUSSA;MORIWESCHA;3
LIBUSSA;VERWIRRTE STIMMEN;3
LIBUSSA;TRINITAS;3
LIBUSSA;PACHTA;4
LIBUSSA;SLAWOSCH;4
LIBUSSA;WLASTA;5
LIBUSSA;SCHARKA;5
LIBUSSA;STRATKA;5
LIBUSSA;TETKA;4
LIBUSSA;WRSCHOWETZ;5
LIBUSSA;VOLK;6
LIBUSSA;MORIBUD;1
LIBUSSA;ZWEITER SLAVE;2
LIBUSSA;STIASON;3
LIBUSSA;ROZHON;2
LIBUSSA;VIELE STIMMEN;1
LIBUSSA;MILENKA;3
LIBUSSA;ZASTAWA;3
LIBUSSA;MLADKA;2
LIBUSSA;NABKA;3
LIBUSSA;SWATAWA;2
LIBUSSA;RADKA;2
LIBUSSA;WASTIL;1
LIBUSSA;MILICK;1
LIBUSSA;POPLOPECK;1
LIBUSSA;SCHRIBEN;1
LIBUSSA;TRINTTAS;2
LIBUSSA;LIBUSSENS MÄGDLEIN;1
LIBUSSA;VIERTER SLAVE;1
LIBUSSA;SECHSTER SLAVE;1
LIBUSSA;SIEBENTER SLAVE;1
ZIACK;ZWRATKA;4
ZIACK;ZWEITER SLAVE;2
MENELJUBA;PRIMISLAUS;3
MENELJUBA;ZWRATKA;3
MENELJUBA;ZIACK;3
MENELJUBA;MORIWESCHA;3
MENELJUBA;VERWIRRTE STIMMEN;2
MENELJUBA;TRINITAS;3
MENELJUBA;PACHTA;3
MENELJUBA;SLAWOSCH;2
MENELJUBA;WLASTA;3
MENELJUBA;SCHARKA;3
MENELJUBA;STRATKA;3
MENELJUBA;TETKA;3
MENELJUBA;WRSCHOWETZ;3
MENELJUBA;VOLK;3
MENELJUBA;ZWEITER SLAVE;1
MENELJUBA;STIASON;1
MENELJUBA;MILENKA;2
MENELJUBA;ZASTAWA;2
MENELJUBA;MLADKA;1
MENELJUBA;NABKA;2
MENELJUBA;SWATAWA;1
MENELJUBA;RADKA;1
MENELJUBA;TRINTTAS;2
MENELJUBA;VIERTER SLAVE;1
MENELJUBA;SECHSTER SLAVE;1
MENELJUBA;SIEBENTER SLAVE;1
HUBALJUTA;PRIMISLAUS;2
HUBALJUTA;LIBUSSA;2
HUBALJUTA;ZWRATKA;2
HUBALJUTA;ZIACK;2
HUBALJUTA;MENELJUBA;2
HUBALJUTA;MORIWESCHA;2
HUBALJUTA;VERWIRRTE STIMMEN;2
HUBALJUTA;LAPACK;2
HUBALJUTA;TRINITAS;2
HUBALJUTA;PACHTA;2
HUBALJUTA;SLAWOSCH;2
HUBALJUTA;WLASTA;2
HUBALJUTA;SCHARKA;2
HUBALJUTA;STRATKA;2
HUBALJUTA;TETKA;2
HUBALJUTA;KASCHA;2
HUBALJUTA;WRSCHOWETZ;2
HUBALJUTA;VOLK;2
HUBALJUTA;ZWEITER SLAVE;1
HUBALJUTA;STIASON;1
HUBALJUTA;MILENKA;1
HUBALJUTA;ZASTAWA;1
HUBALJUTA;KLIMBOGNA;1
HUBALJUTA;MLADKA;1
HUBALJUTA;NABKA;1
HUBALJUTA;SWATAWA;1
HUBALJUTA;RADKA;1
HUBALJUTA;TRINTTAS;1
HUBALJUTA;LIBUSSENS MÄGDLEIN;1
HUBALJUTA;VIERTER SLAVE;1
HUBALJUTA;SECHSTER SLAVE;1
HUBALJUTA;SIEBENTER SLAVE;1
MORIWESCHA;PRIMISLAUS;3
MORIWESCHA;ZWRATKA;3
MORIWESCHA;ZIACK;3
MORIWESCHA;VERWIRRTE STIMMEN;2
MORIWESCHA;TRINITAS;3
MORIWESCHA;PACHTA;3
MORIWESCHA;SLAWOSCH;2
MORIWESCHA;WLASTA;3
MORIWESCHA;SCHARKA;3
MORIWESCHA;STRATKA;3
MORIWESCHA;TETKA;3
MORIWESCHA;WRSCHOWETZ;3
MORIWESCHA;VOLK;3
MORIWESCHA;ZWEITER SLAVE;1
MORIWESCHA;STIASON;1
MORIWESCHA;ZASTAWA;2
MORIWESCHA;NABKA;2
MORIWESCHA;SWATAWA;1
MORIWESCHA;RADKA;1
MORIWESCHA;TRINTTAS;2
MORIWESCHA;VIERTER SLAVE;1
MORIWESCHA;SECHSTER SLAVE;1
MORIWESCHA;SIEBENTER SLAVE;1
ENTAWOPA;PRIMISLAUS;3
ENTAWOPA;LIBUSSA;3
ENTAWOPA;ZWRATKA;3
ENTAWOPA;ZIACK;3
ENTAWOPA;MENELJUBA;3
ENTAWOPA;HUBALJUTA;2
ENTAWOPA;MORIWESCHA;3
ENTAWOPA;VERWIRRTE STIMMEN;2
ENTAWOPA;LAPACK;2
ENTAWOPA;TRINITAS;3
ENTAWOPA;PACHTA;3
ENTAWOPA;SLAWOSCH;2
ENTAWOPA;WLASTA;3
ENTAWOPA;SCHARKA;3
ENTAWOPA;STRATKA;3
ENTAWOPA;TETKA;3
ENTAWOPA;KASCHA;3
ENTAWOPA;WRSCHOWETZ;3
ENTAWOPA;VOLK;3
ENTAWOPA;ERSTER SLAVE;2
ENTAWOPA;ZWEITER SLAVE;1
ENTAWOPA;STIASON;1
ENTAWOPA;MILENKA;2
ENTAWOPA;ZASTAWA;2
ENTAWOPA;HODKA;2
ENTAWOPA;KLIMBOGNA;1
ENTAWOPA;MLADKA;1
ENTAWOPA;NABKA;2
ENTAWOPA;SWATAWA;1
ENTAWOPA;RADKA;1
ENTAWOPA;TRINTTAS;2
ENTAWOPA;LEBUSSA;1
ENTAWOPA;LIBUSSENS MÄGDLEIN;1
ENTAWOPA;VIERTER SLAVE;1
ENTAWOPA;FÜNFTER SLAVE;1
ENTAWOPA;SECHSTER SLAVE;1
ENTAWOPA;SIEBENTER SLAVE;1
VERWIRRTE STIMMEN;ZWRATKA;2
VERWIRRTE STIMMEN;ZIACK;3
VERWIRRTE STIMMEN;WLASTA;3
VERWIRRTE STIMMEN;WRSCHOWETZ;3
VERWIRRTE STIMMEN;VOLK;3
VERWIRRTE STIMMEN;ZWEITER SLAVE;1
VERWIRRTE STIMMEN;ZASTAWA;2
VERWIRRTE STIMMEN;WASTIL;1
VERWIRRTE STIMMEN;VIERTER SLAVE;1
LAPACK;PRIMISLAUS;4
LAPACK;LIBUSSA;4
LAPACK;ZWRATKA;3
LAPACK;ZIACK;4
LAPACK;MENELJUBA;2
LAPACK;MORIWESCHA;2
LAPACK;VERWIRRTE STIMMEN;3
LAPACK;TRINITAS;2
LAPACK;PACHTA;3
LAPACK;SLAWOSCH;4
LAPACK;WLASTA;4
LAPACK;SCHARKA;4
LAPACK;STRATKA;4
LAPACK;TETKA;3
LAPACK;WRSCHOWETZ;4
LAPACK;VOLK;4
LAPACK;MORIBUD;1
LAPACK;ZWEITER SLAVE;2
LAPACK;STIASON;3
LAPACK;ROZHON;2
LAPACK;VIELE STIMMEN;1
LAPACK;MILENKA;2
LAPACK;ZASTAWA;2
LAPACK;MLADKA;2
LAPACK;NABKA;2
LAPACK;SWATAWA;2
LAPACK;RADKA;2
LAPACK;WASTIL;1
LAPACK;MILICK;1
LAPACK;POPLOPECK;1
LAPACK;SCHRIBEN;1
LAPACK;TRINTTAS;1
LAPACK;LIBUSSENS MÄGDLEIN;1
LAPACK;VIERTER SLAVE;1
LAPACK;SECHSTER SLAVE;1
LAPACK;SIEBENTER SLAVE;1
TRINITAS;ZWRATKA;3
TRINITAS;ZIACK;3
TRINITAS;VERWIRRTE STIMMEN;2
TRINITAS;WLASTA;3
TRINITAS;WRSCHOWETZ;3
TRINITAS;VOLK;3
TRINITAS;ZWEITER SLAVE;1
TRINITAS;ZASTAWA;2
TRINITAS;TRINTTAS;2
TRINITAS;VIERTER SLAVE;1
PACHTA;PRIMISLAUS;4
PACHTA;ZWRATKA;3
PACHTA;ZIACK;4
PACHTA;VERWIRRTE STIMMEN;3
PACHTA;TRINITAS;3
PACHTA;SLAWOSCH;3
PACHTA;WLASTA;4
PACHTA;SCHARKA;4
PACHTA;STRATKA;4
PACHTA;TETKA;4
PACHTA;WRSCHOWETZ;4
PACHTA;VOLK;4
PACHTA;ZWEITER SLAVE;1
PACHTA;STIASON;2
PACHTA;ROZHON;1
PACHTA;ZASTAWA;3
PACHTA;SWATAWA;2
PACHTA;RADKA;2
PACHTA;WASTIL;1
PACHTA;POPLOPECK;1
PACHTA;SCHRIBEN;1
PACHTA;TRINTTAS;2
PACHTA;VIERTER SLAVE;1
PACHTA;SECHSTER SLAVE;1
PACHTA;SIEBENTER SLAVE;1
SLAWOSCH;ZWRATKA;3
SLAWOSCH;ZIACK;4
SLAWOSCH;VERWIRRTE STIMMEN;3
SLAWOSCH;TRINITAS;2
SLAWOSCH;WLASTA;4
SLAWOSCH;STRATKA;4
SLAWOSCH;TETKA;3
SLAWOSCH;WRSCHOWETZ;4
SLAWOSCH;VOLK;4
SLAWOSCH;ZWEITER SLAVE;2
SLAWOSCH;STIASON;3
SLAWOSCH;VIELE STIMMEN;1
SLAWOSCH;ZASTAWA;2
SLAWOSCH;SWATAWA;2
SLAWOSCH;WASTIL;1
SLAWOSCH;TRINTTAS;1
SLAWOSCH;VIERTER SLAVE;1
WLASTA;ZWRATKA;4
WLASTA;ZIACK;5
WLASTA;WRSCHOWETZ;5
WLASTA;ZWEITER SLAVE;2
WLASTA;ZASTAWA;3
SCHARKA;ZWRATKA;4
SCHARKA;ZIACK;5
SCHARKA;VERWIRRTE STIMMEN;3
SCHARKA;TRINITAS;3
SCHARKA;SLAWOSCH;4
SCHARKA;WLASTA;5
SCHARKA;STRATKA;5
SCHARKA;TETKA;4
SCHARKA;WRSCHOWETZ;5
SCHARKA;VOLK;5
SCHARKA;ZWEITER SLAVE;2
SCHARKA;STIASON;3
SCHARKA;VIELE STIMMEN;1
SCHARKA;ZASTAWA;3
SCHARKA;SWATAWA;2
SCHARKA;WASTIL;1
SCHARKA;SCHRIBEN;1
SCHARKA;TRINTTAS;2
SCHARKA;VIERTER SLAVE;1
SCHARKA;SECHSTER SLAVE;1
SCHARKA;SIEBENTER SLAVE;1
BIWOG;DIE DREI TRÄGERINNEN;1
BIWOG;DRUHAN;2
BIWOG;PRIMISLAUS;4
BIWOG;LIBUSSA;4
BIWOG;ZWRATKA;3
BIWOG;ZIACK;4
BIWOG;MENELJUBA;2
BIWOG;HUBALJUTA;2
BIWOG;MORIWESCHA;2
BIWOG;ENTAWOPA;2
BIWOG;VERWIRRTE STIMMEN;3
BIWOG;LAPACK;4
BIWOG;TRINITAS;2
BIWOG;PACHTA;3
BIWOG;SLAWOSCH;4
BIWOG;WLASTA;4
BIWOG;SCHARKA;4
BIWOG;STRATKA;4
BIWOG;CHOR DER MÄGDLEIN;1
BIWOG;CHOR DER JUNGFRAUEN;1
BIWOG;TETKA;3
BIWOG;KASCHA;4
BIWOG;DRZEWOSLAUS;3
BIWOG;DOMASLAUS;3
BIWOG;WRSCHOWETZ;4
BIWOG;VOLK;4
BIWOG;MORIBUD;1
BIWOG;ERSTER SLAVE;2
BIWOG;ZWEITER SLAVE;2
BIWOG;DRITTER SLAVE;2
BIWOG;STIASON;3
BIWOG;ROZHON;2
BIWOG;DIE DIRNEN;3
BIWOG;CHIRCH;3
BIWOG;VIELE STIMMEN;1
BIWOG;DIE MÄGDLEIN;2
BIWOG;EINE VON DEN WACHEN;1
BIWOG;MILENKA;2
BIWOG;ZASTAWA;2
BIWOG;DOBROWKA;1
BIWOG;HODKA;2
BIWOG;BUDESLAWKA;2
BIWOG;KLIMBOGNA;2
BIWOG;DOBROMILA;2
BIWOG;MLADKA;2
BIWOG;NABKA;2
BIWOG;SWATAWA;2
BIWOG;RADKA;2
BIWOG;WASTIL;1
BIWOG;HOWOR;1
BIWOG;MILICK;1
BIWOG;POPLOPECK;1
BIWOG;SCHRIBEN;1
BIWOG;DAS HEER;1
BIWOG;GESCHREI DER VERWUNDETEN;1
BIWOG;KRIEGER;1
BIWOG;TRINTTAS;1
BIWOG;CHOBOL;1
BIWOG;LIBUSSENS MÄGDLEIN;1
BIWOG;DIE MÄNNER;2
BIWOG;VIERTER SLAVE;1
BIWOG;FÜNFTER SLAVE;1
BIWOG;SECHSTER SLAVE;1
BIWOG;SIEBENTER SLAVE;1
BIWOG;EINE JUNGFRAU VOM TURM;1
BIWOG;DIE WEIBER;1
BIWOG;CHOR DER PRIESTER;1
BIWOG;DIE WÄCHTERIN;1
STRATKA;ZWRATKA;4
STRATKA;ZIACK;5
STRATKA;VERWIRRTE STIMMEN;3
STRATKA;TRINITAS;3
STRATKA;WLASTA;5
STRATKA;TETKA;4
STRATKA;WRSCHOWETZ;5
STRATKA;VOLK;5
STRATKA;ZWEITER SLAVE;2
STRATKA;VIELE STIMMEN;1
STRATKA;ZASTAWA;3
STRATKA;SWATAWA;2
STRATKA;WASTIL;1
STRATKA;TRINTTAS;2
STRATKA;VIERTER SLAVE;1
CHOR DER MÄGDLEIN;DRUHAN;1
CHOR DER MÄGDLEIN;PRIMISLAUS;2
CHOR DER MÄGDLEIN;LIBUSSA;2
CHOR DER MÄGDLEIN;ZWRATKA;1
CHOR DER MÄGDLEIN;ZIACK;2
CHOR DER MÄGDLEIN;MENELJUBA;1
CHOR DER MÄGDLEIN;MORIWESCHA;1
CHOR DER MÄGDLEIN;ENTAWOPA;1
CHOR DER MÄGDLEIN;VERWIRRTE STIMMEN;1
CHOR DER MÄGDLEIN;LAPACK;1
CHOR DER MÄGDLEIN;TRINITAS;1
CHOR DER MÄGDLEIN;PACHTA;2
CHOR DER MÄGDLEIN;SLAWOSCH;1
CHOR DER MÄGDLEIN;WLASTA;2
CHOR DER MÄGDLEIN;SCHARKA;2
CHOR DER MÄGDLEIN;STRATKA;2
CHOR DER MÄGDLEIN;TETKA;2
CHOR DER MÄGDLEIN;KASCHA;2
CHOR DER MÄGDLEIN;DOMASLAUS;2
CHOR DER MÄGDLEIN;WRSCHOWETZ;2
CHOR DER MÄGDLEIN;VOLK;2
CHOR DER MÄGDLEIN;ERSTER SLAVE;1
CHOR DER MÄGDLEIN;STIASON;1
CHOR DER MÄGDLEIN;ROZHON;1
CHOR DER MÄGDLEIN;DIE DIRNEN;2
CHOR DER MÄGDLEIN;DIE MÄGDLEIN;2
CHOR DER MÄGDLEIN;EINE VON DEN WACHEN;1
CHOR DER MÄGDLEIN;MILENKA;2
CHOR DER MÄGDLEIN;ZASTAWA;2
CHOR DER MÄGDLEIN;DOBROWKA;1
CHOR DER MÄGDLEIN;HODKA;2
CHOR DER MÄGDLEIN;KLIMBOGNA;1
CHOR DER MÄGDLEIN;DOBROMILA;1
CHOR DER MÄGDLEIN;MLADKA;1
CHOR DER MÄGDLEIN;NABKA;2
CHOR DER MÄGDLEIN;SWATAWA;1
CHOR DER MÄGDLEIN;RADKA;1
CHOR DER MÄGDLEIN;WASTIL;1
CHOR DER MÄGDLEIN;HOWOR;1
CHOR DER MÄGDLEIN;MILICK;1
CHOR DER MÄGDLEIN;POPLOPECK;1
CHOR DER MÄGDLEIN;SCHRIBEN;1
CHOR DER MÄGDLEIN;DAS HEER;2
CHOR DER MÄGDLEIN;GESCHREI DER VERWUNDETEN;1
CHOR DER MÄGDLEIN;KRIEGER;1
CHOR DER MÄGDLEIN;TRINTTAS;1
CHOR DER MÄGDLEIN;LEBUSSA;1
CHOR DER MÄGDLEIN;DIE SCHÜLERINNEN;1
CHOR DER MÄGDLEIN;DIE MÄNNER;1
CHOR DER JUNGFRAUEN;DRUHAN;1
CHOR DER JUNGFRAUEN;PRIMISLAUS;1
CHOR DER JUNGFRAUEN;LIBUSSA;1
CHOR DER JUNGFRAUEN;ZWRATKA;1
CHOR DER JUNGFRAUEN;ZIACK;1
CHOR DER JUNGFRAUEN;MENELJUBA;1
CHOR DER JUNGFRAUEN;HUBALJUTA;1
CHOR DER JUNGFRAUEN;MORIWESCHA;1
CHOR DER JUNGFRAUEN;ENTAWOPA;1
CHOR DER JUNGFRAUEN;VERWIRRTE STIMMEN;1
CHOR DER JUNGFRAUEN;LAPACK;1
CHOR DER JUNGFRAUEN;TRINITAS;1
CHOR DER JUNGFRAUEN;PACHTA;1
CHOR DER JUNGFRAUEN;SLAWOSCH;1
CHOR DER JUNGFRAUEN;WLASTA;1
CHOR DER JUNGFRAUEN;SCHARKA;1
CHOR DER JUNGFRAUEN;STRATKA;1
CHOR DER JUNGFRAUEN;TETKA;1
CHOR DER JUNGFRAUEN;KASCHA;1
CHOR DER JUNGFRAUEN;DRZEWOSLAUS;1
CHOR DER JUNGFRAUEN;DOMASLAUS;1
CHOR DER JUNGFRAUEN;WRSCHOWETZ;1
CHOR DER JUNGFRAUEN;VOLK;1
CHOR DER JUNGFRAUEN;DIE MÄNNER;1
TETKA;ZWRATKA;3
TETKA;ZIACK;4
TETKA;VERWIRRTE STIMMEN;3
TETKA;TRINITAS;3
TETKA;WLASTA;4
TETKA;WRSCHOWETZ;4
TETKA;VOLK;4
TETKA;ZWEITER SLAVE;1
TETKA;ZASTAWA;3
TETKA;WASTIL;1
TETKA;TRINTTAS;2
TETKA;VIERTER SLAVE;1
KASCHA;PRIMISLAUS;5
KASCHA;LIBUSSA;5
KASCHA;ZWRATKA;4
KASCHA;ZIACK;5
KASCHA;MENELJUBA;3
KASCHA;MORIWESCHA;3
KASCHA;VERWIRRTE STIMMEN;3
KASCHA;LAPACK;4
KASCHA;TRINITAS;3
KASCHA;PACHTA;4
KASCHA;SLAWOSCH;4
KASCHA;WLASTA;5
KASCHA;SCHARKA;5
KASCHA;STRATKA;5
KASCHA;TETKA;4
KASCHA;WRSCHOWETZ;5
KASCHA;VOLK;5
KASCHA;MORIBUD;1
KASCHA;ZWEITER SLAVE;2
KASCHA;STIASON;3
KASCHA;ROZHON;2
KASCHA;VIELE STIMMEN;1
KASCHA;MILENKA;3
KASCHA;ZASTAWA;3
KASCHA;KLIMBOGNA;2
KASCHA;MLADKA;2
KASCHA;NABKA;3
KASCHA;SWATAWA;2
KASCHA;RADKA;2
KASCHA;WASTIL;1
KASCHA;MILICK;1
KASCHA;POPLOPECK;1
KASCHA;SCHRIBEN;1
KASCHA;KRIEGER;1
KASCHA;TRINTTAS;2
KASCHA;LEBUSSA;1
KASCHA;LIBUSSENS MÄGDLEIN;1
KASCHA;VIERTER SLAVE;1
KASCHA;SECHSTER SLAVE;1
KASCHA;SIEBENTER SLAVE;1
DRZEWOSLAUS;PRIMISLAUS;3
DRZEWOSLAUS;LIBUSSA;3
DRZEWOSLAUS;ZWRATKA;3
DRZEWOSLAUS;ZIACK;3
DRZEWOSLAUS;MENELJUBA;2
DRZEWOSLAUS;HUBALJUTA;2
DRZEWOSLAUS;MORIWESCHA;2
DRZEWOSLAUS;ENTAWOPA;2
DRZEWOSLAUS;VERWIRRTE STIMMEN;2
DRZEWOSLAUS;LAPACK;3
DRZEWOSLAUS;TRINITAS;2
DRZEWOSLAUS;PACHTA;2
DRZEWOSLAUS;SLAWOSCH;3
DRZEWOSLAUS;WLASTA;3
DRZEWOSLAUS;SCHARKA;3
DRZEWOSLAUS;STRATKA;3
DRZEWOSLAUS;TETKA;2
DRZEWOSLAUS;KASCHA;3
DRZEWOSLAUS;WRSCHOWETZ;3
DRZEWOSLAUS;VOLK;3
DRZEWOSLAUS;MORIBUD;1
DRZEWOSLAUS;ERSTER SLAVE;2
DRZEWOSLAUS;ZWEITER SLAVE;2
DRZEWOSLAUS;STIASON;2
DRZEWOSLAUS;ROZHON;1
DRZEWOSLAUS;VIELE STIMMEN;1
DRZEWOSLAUS;MILENKA;1
DRZEWOSLAUS;ZASTAWA;1
DRZEWOSLAUS;HODKA;1
DRZEWOSLAUS;KLIMBOGNA;1
DRZEWOSLAUS;MLADKA;1
DRZEWOSLAUS;NABKA;1
DRZEWOSLAUS;SWATAWA;1
DRZEWOSLAUS;RADKA;1
DRZEWOSLAUS;TRINTTAS;1
DRZEWOSLAUS;LIBUSSENS MÄGDLEIN;1
DRZEWOSLAUS;VIERTER SLAVE;1
DRZEWOSLAUS;FÜNFTER SLAVE;1
DRZEWOSLAUS;SECHSTER SLAVE;1
DRZEWOSLAUS;SIEBENTER SLAVE;1
DRZEWOSLAUS;EINE JUNGFRAU VOM TURM;1
DOMASLAUS;DRUHAN;2
DOMASLAUS;PRIMISLAUS;4
DOMASLAUS;LIBUSSA;4
DOMASLAUS;ZWRATKA;3
DOMASLAUS;ZIACK;4
DOMASLAUS;MENELJUBA;2
DOMASLAUS;HUBALJUTA;1
DOMASLAUS;MORIWESCHA;2
DOMASLAUS;ENTAWOPA;2
DOMASLAUS;VERWIRRTE STIMMEN;2
DOMASLAUS;LAPACK;3
DOMASLAUS;TRINITAS;2
DOMASLAUS;PACHTA;3
DOMASLAUS;SLAWOSCH;3
DOMASLAUS;WLASTA;4
DOMASLAUS;SCHARKA;4
DOMASLAUS;STRATKA;4
DOMASLAUS;TETKA;3
DOMASLAUS;KASCHA;4
DOMASLAUS;DRZEWOSLAUS;2
DOMASLAUS;WRSCHOWETZ;4
DOMASLAUS;VOLK;4
DOMASLAUS;MORIBUD;1
DOMASLAUS;ERSTER SLAVE;2
DOMASLAUS;ZWEITER SLAVE;1
DOMASLAUS;DRITTER SLAVE;1
DOMASLAUS;STIASON;2
DOMASLAUS;ROZHON;2
DOMASLAUS;VIELE STIMMEN;1
DOMASLAUS;EINE VON DEN WACHEN;1
DOMASLAUS;MILENKA;2
DOMASLAUS;ZASTAWA;2
DOMASLAUS;HODKA;2
DOMASLAUS;KLIMBOGNA;1
DOMASLAUS;MLADKA;1
DOMASLAUS;NABKA;2
DOMASLAUS;SWATAWA;1
DOMASLAUS;RADKA;1
DOMASLAUS;WASTIL;1
DOMASLAUS;HOWOR;1
DOMASLAUS;MILICK;1
DOMASLAUS;POPLOPECK;1
DOMASLAUS;SCHRIBEN;1
DOMASLAUS;GESCHREI DER VERWUNDETEN;1
DOMASLAUS;KRIEGER;1
DOMASLAUS;TRINTTAS;1
DOMASLAUS;LEBUSSA;1
WRSCHOWETZ;ZWRATKA;4
WRSCHOWETZ;ZIACK;5
WRSCHOWETZ;ZWEITER SLAVE;2
WRSCHOWETZ;ZASTAWA;3
VOLK;ZWRATKA;4
VOLK;ZIACK;5
VOLK;WLASTA;5
VOLK;WRSCHOWETZ;5
VOLK;ZWEITER SLAVE;2
VOLK;ZASTAWA;3
VOLK;WASTIL;1
MORIBUD;PRIMISLAUS;1
MORIBUD;ZWRATKA;1
MORIBUD;ZIACK;1
MORIBUD;SLAWOSCH;1
MORIBUD;WLASTA;1
MORIBUD;SCHARKA;1
MORIBUD;STRATKA;1
MORIBUD;WRSCHOWETZ;1
MORIBUD;VOLK;1
MORIBUD;ZWEITER SLAVE;1
MORIBUD;STIASON;1
MORIBUD;ROZHON;1
MORIBUD;VIELE STIMMEN;1
ERSTER SLAVE;PRIMISLAUS;3
ERSTER SLAVE;LIBUSSA;3
ERSTER SLAVE;ZWRATKA;3
ERSTER SLAVE;ZIACK;3
ERSTER SLAVE;MENELJUBA;2
ERSTER SLAVE;HUBALJUTA;1
ERSTER SLAVE;MORIWESCHA;2
ERSTER SLAVE;VERWIRRTE STIMMEN;1
ERSTER SLAVE;LAPACK;2
ERSTER SLAVE;TRINITAS;2
ERSTER SLAVE;PACHTA;2
ERSTER SLAVE;SLAWOSCH;2
ERSTER SLAVE;WLASTA;3
ERSTER SLAVE;SCHARKA;3
ERSTER SLAVE;STRATKA;3
ERSTER SLAVE;TETKA;2
ERSTER SLAVE;KASCHA;3
ERSTER SLAVE;WRSCHOWETZ;3
ERSTER SLAVE;VOLK;3
ERSTER SLAVE;MORIBUD;1
ERSTER SLAVE;ZWEITER SLAVE;2
ERSTER SLAVE;STIASON;2
ERSTER SLAVE;ROZHON;1
ERSTER SLAVE;VIELE STIMMEN;1
ERSTER SLAVE;MILENKA;2
ERSTER SLAVE;ZASTAWA;2
ERSTER SLAVE;HODKA;2
ERSTER SLAVE;KLIMBOGNA;1
ERSTER SLAVE;MLADKA;1
ERSTER SLAVE;NABKA;2
ERSTER SLAVE;SWATAWA;1
ERSTER SLAVE;RADKA;1
ERSTER SLAVE;TRINTTAS;2
ERSTER SLAVE;LEBUSSA;1
ERSTER SLAVE;LIBUSSENS MÄGDLEIN;1
ERSTER SLAVE;VIERTER SLAVE;1
ERSTER SLAVE;FÜNFTER SLAVE;1
ERSTER SLAVE;SECHSTER SLAVE;1
ERSTER SLAVE;SIEBENTER SLAVE;1
ZWEITER SLAVE;ZWRATKA;2
DRITTER SLAVE;DRUHAN;1
DRITTER SLAVE;PRIMISLAUS;2
DRITTER SLAVE;LIBUSSA;2
DRITTER SLAVE;ZWRATKA;2
DRITTER SLAVE;ZIACK;2
DRITTER SLAVE;MENELJUBA;1
DRITTER SLAVE;HUBALJUTA;1
DRITTER SLAVE;MORIWESCHA;1
DRITTER SLAVE;ENTAWOPA;1
DRITTER SLAVE;VERWIRRTE STIMMEN;1
DRITTER SLAVE;LAPACK;2
DRITTER SLAVE;TRINITAS;1
DRITTER SLAVE;PACHTA;1
DRITTER SLAVE;SLAWOSCH;2
DRITTER SLAVE;WLASTA;2
DRITTER SLAVE;SCHARKA;2
DRITTER SLAVE;STRATKA;2
DRITTER SLAVE;TETKA;1
DRITTER SLAVE;KASCHA;2
DRITTER SLAVE;DRZEWOSLAUS;2
DRITTER SLAVE;WRSCHOWETZ;2
DRITTER SLAVE;VOLK;2
DRITTER SLAVE;MORIBUD;1
DRITTER SLAVE;ERSTER SLAVE;2
DRITTER SLAVE;ZWEITER SLAVE;2
DRITTER SLAVE;STIASON;2
DRITTER SLAVE;ROZHON;1
DRITTER SLAVE;VIELE STIMMEN;1
DRITTER SLAVE;MILENKA;1
DRITTER SLAVE;ZASTAWA;1
DRITTER SLAVE;HODKA;1
DRITTER SLAVE;KLIMBOGNA;1
DRITTER SLAVE;MLADKA;1
DRITTER SLAVE;NABKA;1
DRITTER SLAVE;SWATAWA;1
DRITTER SLAVE;RADKA;1
DRITTER SLAVE;TRINTTAS;1
DRITTER SLAVE;LIBUSSENS MÄGDLEIN;1
DRITTER SLAVE;VIERTER SLAVE;1
DRITTER SLAVE;FÜNFTER SLAVE;1
DRITTER SLAVE;SECHSTER SLAVE;1
DRITTER SLAVE;SIEBENTER SLAVE;1
DRITTER SLAVE;EINE JUNGFRAU VOM TURM;1
STIASON;ZWRATKA;2
STIASON;ZIACK;3
STIASON;VERWIRRTE STIMMEN;2
STIASON;TRINITAS;1
STIASON;WLASTA;3
STIASON;STRATKA;3
STIASON;TETKA;2
STIASON;WRSCHOWETZ;3
STIASON;VOLK;3
STIASON;ZWEITER SLAVE;2
STIASON;VIELE STIMMEN;1
STIASON;ZASTAWA;2
STIASON;SWATAWA;2
STIASON;WASTIL;1
STIASON;TRINTTAS;1
STIASON;VIERTER SLAVE;1
ROZHON;ZWRATKA;1
ROZHON;ZIACK;2
ROZHON;VERWIRRTE STIMMEN;1
ROZHON;SLAWOSCH;2
ROZHON;WLASTA;2
ROZHON;SCHARKA;2
ROZHON;STRATKA;2
ROZHON;TETKA;1
ROZHON;WRSCHOWETZ;2
ROZHON;VOLK;2
ROZHON;ZWEITER SLAVE;1
ROZHON;STIASON;2
ROZHON;VIELE STIMMEN;1
ROZHON;ZASTAWA;1
ROZHON;SWATAWA;1
ROZHON;WASTIL;1
ROZHON;SCHRIBEN;1
DIE DIRNEN;DIE DREI TRÄGERINNEN;1
DIE DIRNEN;DRUHAN;2
DIE DIRNEN;PRIMISLAUS;4
DIE DIRNEN;LIBUSSA;4
DIE DIRNEN;ZWRATKA;3
DIE DIRNEN;ZIACK;4
DIE DIRNEN;MENELJUBA;2
DIE DIRNEN;HUBALJUTA;1
DIE DIRNEN;MORIWESCHA;2
DIE DIRNEN;ENTAWOPA;2
DIE DIRNEN;VERWIRRTE STIMMEN;2
DIE DIRNEN;LAPACK;3
DIE DIRNEN;TRINITAS;2
DIE DIRNEN;PACHTA;3
DIE DIRNEN;SLAWOSCH;3
DIE DIRNEN;WLASTA;4
DIE DIRNEN;SCHARKA;4
DIE DIRNEN;STRATKA;4
DIE DIRNEN;TETKA;3
DIE DIRNEN;KASCHA;4
DIE DIRNEN;DRZEWOSLAUS;2
DIE DIRNEN;DOMASLAUS;3
DIE DIRNEN;WRSCHOWETZ;4
DIE DIRNEN;VOLK;4
DIE DIRNEN;MORIBUD;1
DIE DIRNEN;ERSTER SLAVE;3
DIE DIRNEN;ZWEITER SLAVE;2
DIE DIRNEN;DRITTER SLAVE;2
DIE DIRNEN;STIASON;3
DIE DIRNEN;ROZHON;2
DIE DIRNEN;VIELE STIMMEN;1
DIE DIRNEN;DIE MÄGDLEIN;3
DIE DIRNEN;EINE VON DEN WACHEN;1
DIE DIRNEN;MILENKA;3
DIE DIRNEN;ZASTAWA;3
DIE DIRNEN;DOBROWKA;1
DIE DIRNEN;HODKA;3
DIE DIRNEN;KLIMBOGNA;2
DIE DIRNEN;DOBROMILA;2
DIE DIRNEN;MLADKA;2
DIE DIRNEN;NABKA;3
DIE DIRNEN;SWATAWA;2
DIE DIRNEN;RADKA;2
DIE DIRNEN;WASTIL;1
DIE DIRNEN;HOWOR;1
DIE DIRNEN;MILICK;1
DIE DIRNEN;POPLOPECK;1
DIE DIRNEN;SCHRIBEN;1
DIE DIRNEN;GESCHREI DER VERWUNDETEN;1
DIE DIRNEN;KRIEGER;1
DIE DIRNEN;TRINTTAS;2
DIE DIRNEN;LEBUSSA;1
DIE DIRNEN;DIE SCHÜLERINNEN;1
DIE DIRNEN;LIBUSSENS MÄGDLEIN;1
DIE DIRNEN;DIE MÄNNER;2
DIE DIRNEN;VIERTER SLAVE;1
DIE DIRNEN;FÜNFTER SLAVE;1
DIE DIRNEN;SECHSTER SLAVE;1
DIE DIRNEN;SIEBENTER SLAVE;1
DIE DIRNEN;EINE JUNGFRAU VOM TURM;1
DIE DIRNEN;DIE WEIBER;1
DIE DIRNEN;DIE WÄCHTERIN;1
CHIRCH;DIE DREI TRÄGERINNEN;1
CHIRCH;DRUHAN;1
CHIRCH;PRIMISLAUS;3
CHIRCH;LIBUSSA;3
CHIRCH;ZWRATKA;2
CHIRCH;ZIACK;3
CHIRCH;MENELJUBA;1
CHIRCH;HUBALJUTA;1
CHIRCH;MORIWESCHA;1
CHIRCH;ENTAWOPA;1
CHIRCH;VERWIRRTE STIMMEN;2
CHIRCH;LAPACK;3
CHIRCH;TRINITAS;1
CHIRCH;PACHTA;2
CHIRCH;SLAWOSCH;3
CHIRCH;WLASTA;3
CHIRCH;SCHARKA;3
CHIRCH;STRATKA;3
CHIRCH;CHOR DER MÄGDLEIN;1
CHIRCH;TETKA;2
CHIRCH;KASCHA;3
CHIRCH;DRZEWOSLAUS;2
CHIRCH;DOMASLAUS;2
CHIRCH;WRSCHOWETZ;3
CHIRCH;VOLK;3
CHIRCH;MORIBUD;1
CHIRCH;ERSTER SLAVE;2
CHIRCH;ZWEITER SLAVE;2
CHIRCH;DRITTER SLAVE;2
CHIRCH;STIASON;3
CHIRCH;ROZHON;2
CHIRCH;DIE DIRNEN;3
CHIRCH;VIELE STIMMEN;1
CHIRCH;DIE MÄGDLEIN;2
CHIRCH;EINE VON DEN WACHEN;1
CHIRCH;MILENKA;2
CHIRCH;ZASTAWA;2
CHIRCH;DOBROWKA;1
CHIRCH;HODKA;2
CHIRCH;KLIMBOGNA;2
CHIRCH;DOBROMILA;2
CHIRCH;MLADKA;2
CHIRCH;NABKA;2
CHIRCH;SWATAWA;2
CHIRCH;RADKA;2
CHIRCH;WASTIL;1
CHIRCH;HOWOR;1
CHIRCH;MILICK;1
CHIRCH;POPLOPECK;1
CHIRCH;SCHRIBEN;1
CHIRCH;DAS HEER;1
CHIRCH;GESCHREI DER VERWUNDETEN;1
CHIRCH;KRIEGER;1
CHIRCH;TRINTTAS;1
CHIRCH;CHOBOL;1
CHIRCH;LIBUSSENS MÄGDLEIN;1
CHIRCH;DIE MÄNNER;1
CHIRCH;VIERTER SLAVE;1
CHIRCH;FÜNFTER SLAVE;1
CHIRCH;SECHSTER SLAVE;1
CHIRCH;SIEBENTER SLAVE;1
CHIRCH;EINE JUNGFRAU VOM TURM;1
CHIRCH;DIE WEIBER;1
CHIRCH;CHOR DER PRIESTER;1
CHIRCH;DIE WÄCHTERIN;1
VIELE STIMMEN;ZWRATKA;1
VIELE STIMMEN;ZIACK;1
VIELE STIMMEN;WLASTA;1
VIELE STIMMEN;WRSCHOWETZ;1
VIELE STIMMEN;VOLK;1
VIELE STIMMEN;ZWEITER SLAVE;1
DIE MÄGDLEIN;DRUHAN;2
DIE MÄGDLEIN;PRIMISLAUS;3
DIE MÄGDLEIN;LIBUSSA;3
DIE MÄGDLEIN;ZWRATKA;2
DIE MÄGDLEIN;ZIACK;3
DIE MÄGDLEIN;MENELJUBA;2
DIE MÄGDLEIN;HUBALJUTA;1
DIE MÄGDLEIN;MORIWESCHA;2
DIE MÄGDLEIN;ENTAWOPA;2
DIE MÄGDLEIN;VERWIRRTE STIMMEN;2
DIE MÄGDLEIN;LAPACK;2
DIE MÄGDLEIN;TRINITAS;2
DIE MÄGDLEIN;PACHTA;3
DIE MÄGDLEIN;SLAWOSCH;2
DIE MÄGDLEIN;WLASTA;3
DIE MÄGDLEIN;SCHARKA;3
DIE MÄGDLEIN;STRATKA;3
DIE MÄGDLEIN;TETKA;3
DIE MÄGDLEIN;KASCHA;3
DIE MÄGDLEIN;DRZEWOSLAUS;1
DIE MÄGDLEIN;DOMASLAUS;2
DIE MÄGDLEIN;WRSCHOWETZ;3
DIE MÄGDLEIN;VOLK;3
DIE MÄGDLEIN;ERSTER SLAVE;2
DIE MÄGDLEIN;ZWEITER SLAVE;1
DIE MÄGDLEIN;DRITTER SLAVE;1
DIE MÄGDLEIN;STIASON;2
DIE MÄGDLEIN;ROZHON;1
DIE MÄGDLEIN;EINE VON DEN WACHEN;1
DIE MÄGDLEIN;MILENKA;3
DIE MÄGDLEIN;ZASTAWA;3
DIE MÄGDLEIN;DOBROWKA;1
DIE MÄGDLEIN;HODKA;3
DIE MÄGDLEIN;KLIMBOGNA;2
DIE MÄGDLEIN;DOBROMILA;2
DIE MÄGDLEIN;MLADKA;2
DIE MÄGDLEIN;NABKA;3
DIE MÄGDLEIN;SWATAWA;2
DIE MÄGDLEIN;RADKA;2
DIE MÄGDLEIN;WASTIL;1
DIE MÄGDLEIN;HOWOR;1
DIE MÄGDLEIN;MILICK;1
DIE MÄGDLEIN;POPLOPECK;1
DIE MÄGDLEIN;SCHRIBEN;1
DIE MÄGDLEIN;GESCHREI DER VERWUNDETEN;1
DIE MÄGDLEIN;KRIEGER;1
DIE MÄGDLEIN;TRINTTAS;2
DIE MÄGDLEIN;LEBUSSA;1
DIE MÄGDLEIN;DIE SCHÜLERINNEN;1
DIE MÄGDLEIN;LIBUSSENS MÄGDLEIN;1
DIE MÄGDLEIN;DIE MÄNNER;2
DIE MÄGDLEIN;VIERTER SLAVE;1
DIE MÄGDLEIN;FÜNFTER SLAVE;1
DIE MÄGDLEIN;SECHSTER SLAVE;1
DIE MÄGDLEIN;SIEBENTER SLAVE;1
DIE MÄGDLEIN;EINE JUNGFRAU VOM TURM;1
DIE MÄGDLEIN;DIE WEIBER;1
DIE MÄGDLEIN;DIE WÄCHTERIN;1
EINE VON DEN WACHEN;PRIMISLAUS;1
EINE VON DEN WACHEN;LIBUSSA;1
EINE VON DEN WACHEN;ZIACK;1
EINE VON DEN WACHEN;VERWIRRTE STIMMEN;1
EINE VON DEN WACHEN;LAPACK;1
EINE VON DEN WACHEN;PACHTA;1
EINE VON DEN WACHEN;SLAWOSCH;1
EINE VON DEN WACHEN;WLASTA;1
EINE VON DEN WACHEN;SCHARKA;1
EINE VON DEN WACHEN;STRATKA;1
EINE VON DEN WACHEN;TETKA;1
EINE VON DEN WACHEN;KASCHA;1
EINE VON DEN WACHEN;WRSCHOWETZ;1
EINE VON DEN WACHEN;VOLK;1
EINE VON DEN WACHEN;STIASON;1
EINE VON DEN WACHEN;ROZHON;1
EINE VON DEN WACHEN;MILENKA;1
EINE VON DEN WACHEN;ZASTAWA;1
EINE VON DEN WACHEN;HODKA;1
EINE VON DEN WACHEN;KLIMBOGNA;1
EINE VON DEN WACHEN;MLADKA;1
EINE VON DEN WACHEN;NABKA;1
EINE VON DEN WACHEN;SWATAWA;1
EINE VON DEN WACHEN;RADKA;1
EINE VON DEN WACHEN;WASTIL;1
EINE VON DEN WACHEN;HOWOR;1
EINE VON DEN WACHEN;MILICK;1
EINE VON DEN WACHEN;POPLOPECK;1
EINE VON DEN WACHEN;SCHRIBEN;1
EINE VON DEN WACHEN;GESCHREI DER VERWUNDETEN;1
EINE VON DEN WACHEN;KRIEGER;1
MILENKA;PRIMISLAUS;3
MILENKA;ZWRATKA;2
MILENKA;ZIACK;3
MILENKA;MORIWESCHA;2
MILENKA;VERWIRRTE STIMMEN;2
MILENKA;TRINITAS;2
MILENKA;PACHTA;3
MILENKA;SLAWOSCH;2
MILENKA;WLASTA;3
MILENKA;SCHARKA;3
MILENKA;STRATKA;3
MILENKA;TETKA;3
MILENKA;WRSCHOWETZ;3
MILENKA;VOLK;3
MILENKA;ZWEITER SLAVE;1
MILENKA;STIASON;2
MILENKA;ROZHON;1
MILENKA;ZASTAWA;3
MILENKA;MLADKA;2
MILENKA;NABKA;3
MILENKA;SWATAWA;2
MILENKA;RADKA;2
MILENKA;WASTIL;1
MILENKA;MILICK;1
MILENKA;POPLOPECK;1
MILENKA;SCHRIBEN;1
MILENKA;TRINTTAS;2
MILENKA;VIERTER SLAVE;1
MILENKA;SECHSTER SLAVE;1
MILENKA;SIEBENTER SLAVE;1
ZASTAWA;ZWRATKA;2
ZASTAWA;ZIACK;3
ZASTAWA;ZWEITER SLAVE;1
DOBROWKA;PRIMISLAUS;1
DOBROWKA;LIBUSSA;1
DOBROWKA;ZIACK;1
DOBROWKA;VERWIRRTE STIMMEN;1
DOBROWKA;LAPACK;1
DOBROWKA;PACHTA;1
DOBROWKA;SLAWOSCH;1
DOBROWKA;WLASTA;1
DOBROWKA;SCHARKA;1
DOBROWKA;STRATKA;1
DOBROWKA;TETKA;1
DOBROWKA;KASCHA;1
DOBROWKA;DOMASLAUS;1
DOBROWKA;WRSCHOWETZ;1
DOBROWKA;VOLK;1
DOBROWKA;STIASON;1
DOBROWKA;ROZHON;1
DOBROWKA;EINE VON DEN WACHEN;1
DOBROWKA;MILENKA;1
DOBROWKA;ZASTAWA;1
DOBROWKA;HODKA;1
DOBROWKA;KLIMBOGNA;1
DOBROWKA;MLADKA;1
DOBROWKA;NABKA;1
DOBROWKA;SWATAWA;1
DOBROWKA;RADKA;1
DOBROWKA;WASTIL;1
DOBROWKA;HOWOR;1
DOBROWKA;MILICK;1
DOBROWKA;POPLOPECK;1
DOBROWKA;SCHRIBEN;1
DOBROWKA;GESCHREI DER VERWUNDETEN;1
DOBROWKA;KRIEGER;1
HODKA;PRIMISLAUS;3
HODKA;LIBUSSA;3
HODKA;ZWRATKA;2
HODKA;ZIACK;3
HODKA;MENELJUBA;2
HODKA;HUBALJUTA;1
HODKA;MORIWESCHA;2
HODKA;VERWIRRTE STIMMEN;2
HODKA;LAPACK;2
HODKA;TRINITAS;2
HODKA;PACHTA;3
HODKA;SLAWOSCH;2
HODKA;WLASTA;3
HODKA;SCHARKA;3
HODKA;STRATKA;3
HODKA;TETKA;3
HODKA;KASCHA;3
HODKA;WRSCHOWETZ;3
HODKA;VOLK;3
HODKA;ZWEITER SLAVE;1
HODKA;STIASON;2
HODKA;ROZHON;1
HODKA;MILENKA;3
HODKA;ZASTAWA;3
HODKA;KLIMBOGNA;2
HODKA;MLADKA;2
HODKA;NABKA;3
HODKA;SWATAWA;2
HODKA;RADKA;2
HODKA;WASTIL;1
HODKA;HOWOR;1
HODKA;MILICK;1
HODKA;POPLOPECK;1
HODKA;SCHRIBEN;1
HODKA;KRIEGER;1
HODKA;TRINTTAS;2
HODKA;LEBUSSA;1
HODKA;LIBUSSENS MÄGDLEIN;1
HODKA;VIERTER SLAVE;1
HODKA;SECHSTER SLAVE;1
HODKA;SIEBENTER SLAVE;1
BUDESLAWKA;DIE DREI TRÄGERINNEN;1
BUDESLAWKA;DRUHAN;1
BUDESLAWKA;PRIMISLAUS;2
BUDESLAWKA;LIBUSSA;2
BUDESLAWKA;ZWRATKA;1
BUDESLAWKA;ZIACK;2
BUDESLAWKA;MENELJUBA;1
BUDESLAWKA;HUBALJUTA;1
BUDESLAWKA;MORIWESCHA;1
BUDESLAWKA;ENTAWOPA;1
BUDESLAWKA;VERWIRRTE STIMMEN;2
BUDESLAWKA;LAPACK;2
BUDESLAWKA;TRINITAS;1
BUDESLAWKA;PACHTA;2
BUDESLAWKA;SLAWOSCH;2
BUDESLAWKA;WLASTA;2
BUDESLAWKA;SCHARKA;2
BUDESLAWKA;STRATKA;2
BUDESLAWKA;CHOR DER MÄGDLEIN;1
BUDESLAWKA;TETKA;2
BUDESLAWKA;KASCHA;2
BUDESLAWKA;DRZEWOSLAUS;1
BUDESLAWKA;DOMASLAUS;1
BUDESLAWKA;WRSCHOWETZ;2
BUDESLAWKA;VOLK;2
BUDESLAWKA;ERSTER SLAVE;1
BUDESLAWKA;ZWEITER SLAVE;1
BUDESLAWKA;DRITTER SLAVE;1
BUDESLAWKA;STIASON;2
BUDESLAWKA;ROZHON;1
BUDESLAWKA;DIE DIRNEN;2
BUDESLAWKA;CHIRCH;2
BUDESLAWKA;DIE MÄGDLEIN;2
BUDESLAWKA;EINE VON DEN WACHEN;1
BUDESLAWKA;MILENKA;2
BUDESLAWKA;ZASTAWA;2
BUDESLAWKA;DOBROWKA;1
BUDESLAWKA;HODKA;2
BUDESLAWKA;KLIMBOGNA;2
BUDESLAWKA;DOBROMILA;2
BUDESLAWKA;MLADKA;2
BUDESLAWKA;NABKA;2
BUDESLAWKA;SWATAWA;2
BUDESLAWKA;RADKA;2
BUDESLAWKA;WASTIL;1
BUDESLAWKA;HOWOR;1
BUDESLAWKA;MILICK;1
BUDESLAWKA;POPLOPECK;1
BUDESLAWKA;SCHRIBEN;1
BUDESLAWKA;DAS HEER;1
BUDESLAWKA;GESCHREI DER VERWUNDETEN;1
BUDESLAWKA;KRIEGER;1
BUDESLAWKA;TRINTTAS;1
BUDESLAWKA;CHOBOL;1
BUDESLAWKA;LIBUSSENS MÄGDLEIN;1
BUDESLAWKA;DIE MÄNNER;1
BUDESLAWKA;VIERTER SLAVE;1
BUDESLAWKA;FÜNFTER SLAVE;1
BUDESLAWKA;SECHSTER SLAVE;1
BUDESLAWKA;SIEBENTER SLAVE;1
BUDESLAWKA;EINE JUNGFRAU VOM TURM;1
BUDESLAWKA;DIE WEIBER;1
BUDESLAWKA;CHOR DER PRIESTER;1
BUDESLAWKA;DIE WÄCHTERIN;1
KLIMBOGNA;PRIMISLAUS;2
KLIMBOGNA;LIBUSSA;2
KLIMBOGNA;ZWRATKA;1
KLIMBOGNA;ZIACK;2
KLIMBOGNA;MENELJUBA;1
KLIMBOGNA;MORIWESCHA;1
KLIMBOGNA;VERWIRRTE STIMMEN;2
KLIMBOGNA;LAPACK;2
KLIMBOGNA;TRINITAS;1
KLIMBOGNA;PACHTA;2
KLIMBOGNA;SLAWOSCH;2
KLIMBOGNA;WLASTA;2
KLIMBOGNA;SCHARKA;2
KLIMBOGNA;STRATKA;2
KLIMBOGNA;TETKA;2
KLIMBOGNA;WRSCHOWETZ;2
KLIMBOGNA;VOLK;2
KLIMBOGNA;ZWEITER SLAVE;1
KLIMBOGNA;STIASON;2
KLIMBOGNA;ROZHON;1
KLIMBOGNA;MILENKA;2
KLIMBOGNA;ZASTAWA;2
KLIMBOGNA;MLADKA;2
KLIMBOGNA;NABKA;2
KLIMBOGNA;SWATAWA;2
KLIMBOGNA;RADKA;2
KLIMBOGNA;WASTIL;1
KLIMBOGNA;MILICK;1
KLIMBOGNA;POPLOPECK;1
KLIMBOGNA;SCHRIBEN;1
KLIMBOGNA;KRIEGER;1
KLIMBOGNA;TRINTTAS;1
KLIMBOGNA;LIBUSSENS MÄGDLEIN;1
KLIMBOGNA;VIERTER SLAVE;1
KLIMBOGNA;SECHSTER SLAVE;1
KLIMBOGNA;SIEBENTER SLAVE;1
DOBROMILA;DRUHAN;1
DOBROMILA;PRIMISLAUS;2
DOBROMILA;LIBUSSA;2
DOBROMILA;ZWRATKA;1
DOBROMILA;ZIACK;2
DOBROMILA;MENELJUBA;1
DOBROMILA;HUBALJUTA;1
DOBROMILA;MORIWESCHA;1
DOBROMILA;ENTAWOPA;1
DOBROMILA;VERWIRRTE STIMMEN;2
DOBROMILA;LAPACK;2
DOBROMILA;TRINITAS;1
DOBROMILA;PACHTA;2
DOBROMILA;SLAWOSCH;2
DOBROMILA;WLASTA;2
DOBROMILA;SCHARKA;2
DOBROMILA;STRATKA;2
DOBROMILA;TETKA;2
DOBROMILA;KASCHA;2
DOBROMILA;DRZEWOSLAUS;1
DOBROMILA;DOMASLAUS;1
DOBROMILA;WRSCHOWETZ;2
DOBROMILA;VOLK;2
DOBROMILA;ERSTER SLAVE;1
DOBROMILA;ZWEITER SLAVE;1
DOBROMILA;DRITTER SLAVE;1
DOBROMILA;STIASON;2
DOBROMILA;ROZHON;1
DOBROMILA;EINE VON DEN WACHEN;1
DOBROMILA;MILENKA;2
DOBROMILA;ZASTAWA;2
DOBROMILA;DOBROWKA;1
DOBROMILA;HODKA;2
DOBROMILA;KLIMBOGNA;2
DOBROMILA;MLADKA;2
DOBROMILA;NABKA;2
DOBROMILA;SWATAWA;2
DOBROMILA;RADKA;2
DOBROMILA;WASTIL;1
DOBROMILA;HOWOR;1
DOBROMILA;MILICK;1
DOBROMILA;POPLOPECK;1
DOBROMILA;SCHRIBEN;1
DOBROMILA;GESCHREI DER VERWUNDETEN;1
DOBROMILA;KRIEGER;1
DOBROMILA;TRINTTAS;1
DOBROMILA;LIBUSSENS MÄGDLEIN;1
DOBROMILA;VIERTER SLAVE;1
DOBROMILA;FÜNFTER SLAVE;1
DOBROMILA;SECHSTER SLAVE;1
DOBROMILA;SIEBENTER SLAVE;1
DOBROMILA;EINE JUNGFRAU VOM TURM;1
MLADKA;PRIMISLAUS;2
MLADKA;ZWRATKA;1
MLADKA;ZIACK;2
MLADKA;MORIWESCHA;1
MLADKA;VERWIRRTE STIMMEN;2
MLADKA;TRINITAS;1
MLADKA;PACHTA;2
MLADKA;SLAWOSCH;2
MLADKA;WLASTA;2
MLADKA;SCHARKA;2
MLADKA;STRATKA;2
MLADKA;TETKA;2
MLADKA;WRSCHOWETZ;2
MLADKA;VOLK;2
MLADKA;ZWEITER SLAVE;1
MLADKA;STIASON;2
MLADKA;ROZHON;1
MLADKA;ZASTAWA;2
MLADKA;NABKA;2
MLADKA;SWATAWA;2
MLADKA;RADKA;2
MLADKA;WASTIL;1
MLADKA;POPLOPECK;1
MLADKA;SCHRIBEN;1
MLADKA;TRINTTAS;1
MLADKA;VIERTER SLAVE;1
MLADKA;SECHSTER SLAVE;1
MLADKA;SIEBENTER SLAVE;1
NABKA;PRIMISLAUS;3
NABKA;ZWRATKA;2
NABKA;ZIACK;3
NABKA;VERWIRRTE STIMMEN;2
NABKA;TRINITAS;2
NABKA;PACHTA;3
NABKA;SLAWOSCH;2
NABKA;WLASTA;3
NABKA;SCHARKA;3
NABKA;STRATKA;3
NABKA;TETKA;3
NABKA;WRSCHOWETZ;3
NABKA;VOLK;3
NABKA;ZWEITER SLAVE;1
NABKA;STIASON;2
NABKA;ROZHON;1
NABKA;ZASTAWA;3
NABKA;SWATAWA;2
NABKA;RADKA;2
NABKA;WASTIL;1
NABKA;POPLOPECK;1
NABKA;SCHRIBEN;1
NABKA;TRINTTAS;2
NABKA;VIERTER SLAVE;1
NABKA;SECHSTER SLAVE;1
NABKA;SIEBENTER SLAVE;1
SWATAWA;ZWRATKA;1
SWATAWA;ZIACK;2
SWATAWA;VERWIRRTE STIMMEN;2
SWATAWA;TRINITAS;1
SWATAWA;WLASTA;2
SWATAWA;TETKA;2
SWATAWA;WRSCHOWETZ;2
SWATAWA;VOLK;2
SWATAWA;ZWEITER SLAVE;1
SWATAWA;ZASTAWA;2
SWATAWA;WASTIL;1
SWATAWA;TRINTTAS;1
SWATAWA;VIERTER SLAVE;1
RADKA;ZWRATKA;1
RADKA;ZIACK;2
RADKA;VERWIRRTE STIMMEN;2
RADKA;TRINITAS;1
RADKA;SLAWOSCH;2
RADKA;WLASTA;2
RADKA;SCHARKA;2
RADKA;STRATKA;2
RADKA;TETKA;2
RADKA;WRSCHOWETZ;2
RADKA;VOLK;2
RADKA;ZWEITER SLAVE;1
RADKA;STIASON;2
RADKA;ROZHON;1
RADKA;ZASTAWA;2
RADKA;SWATAWA;2
RADKA;WASTIL;1
RADKA;SCHRIBEN;1
RADKA;TRINTTAS;1
RADKA;VIERTER SLAVE;1
RADKA;SECHSTER SLAVE;1
RADKA;SIEBENTER SLAVE;1
WASTIL;ZIACK;1
WASTIL;WLASTA;1
WASTIL;WRSCHOWETZ;1
WASTIL;ZASTAWA;1
HOWOR;PRIMISLAUS;1
HOWOR;LIBUSSA;1
HOWOR;ZIACK;1
HOWOR;VERWIRRTE STIMMEN;1
HOWOR;LAPACK;1
HOWOR;PACHTA;1
HOWOR;SLAWOSCH;1
HOWOR;WLASTA;1
HOWOR;SCHARKA;1
HOWOR;STRATKA;1
HOWOR;TETKA;1
HOWOR;KASCHA;1
HOWOR;WRSCHOWETZ;1
HOWOR;VOLK;1
HOWOR;STIASON;1
HOWOR;ROZHON;1
HOWOR;MILENKA;1
HOWOR;ZASTAWA;1
HOWOR;KLIMBOGNA;1
HOWOR;MLADKA;1
HOWOR;NABKA;1
HOWOR;SWATAWA;1
HOWOR;RADKA;1
HOWOR;WASTIL;1
HOWOR;MILICK;1
HOWOR;POPLOPECK;1
HOWOR;SCHRIBEN;1
HOWOR;KRIEGER;1
MILICK;PRIMISLAUS;1
MILICK;ZIACK;1
MILICK;VERWIRRTE STIMMEN;1
MILICK;PACHTA;1
MILICK;SLAWOSCH;1
MILICK;WLASTA;1
MILICK;SCHARKA;1
MILICK;STRATKA;1
MILICK;TETKA;1
MILICK;WRSCHOWETZ;1
MILICK;VOLK;1
MILICK;STIASON;1
MILICK;ROZHON;1
MILICK;ZASTAWA;1
MILICK;MLADKA;1
MILICK;NABKA;1
MILICK;SWATAWA;1
MILICK;RADKA;1
MILICK;WASTIL;1
MILICK;POPLOPECK;1
MILICK;SCHRIBEN;1
POPLOPECK;PRIMISLAUS;1
POPLOPECK;ZIACK;1
POPLOPECK;VERWIRRTE STIMMEN;1
POPLOPECK;SLAWOSCH;1
POPLOPECK;WLASTA;1
POPLOPECK;SCHARKA;1
POPLOPECK;STRATKA;1
POPLOPECK;TETKA;1
POPLOPECK;WRSCHOWETZ;1
POPLOPECK;VOLK;1
POPLOPECK;STIASON;1
POPLOPECK;ROZHON;1
POPLOPECK;ZASTAWA;1
POPLOPECK;SWATAWA;1
POPLOPECK;RADKA;1
POPLOPECK;WASTIL;1
POPLOPECK;SCHRIBEN;1
SCHRIBEN;ZIACK;1
SCHRIBEN;VERWIRRTE STIMMEN;1
SCHRIBEN;SLAWOSCH;1
SCHRIBEN;WLASTA;1
SCHRIBEN;STRATKA;1
SCHRIBEN;TETKA;1
SCHRIBEN;WRSCHOWETZ;1
SCHRIBEN;VOLK;1
SCHRIBEN;STIASON;1
SCHRIBEN;ZASTAWA;1
SCHRIBEN;SWATAWA;1
SCHRIBEN;WASTIL;1
DAS HEER;DRUHAN;1
DAS HEER;PRIMISLAUS;2
DAS HEER;LIBUSSA;2
DAS HEER;ZWRATKA;1
DAS HEER;ZIACK;2
DAS HEER;MENELJUBA;1
DAS HEER;MORIWESCHA;1
DAS HEER;ENTAWOPA;1
DAS HEER;VERWIRRTE STIMMEN;1
DAS HEER;LAPACK;1
DAS HEER;TRINITAS;1
DAS HEER;PACHTA;2
DAS HEER;SLAWOSCH;1
DAS HEER;WLASTA;2
DAS HEER;SCHARKA;2
DAS HEER;STRATKA;2
DAS HEER;TETKA;2
DAS HEER;KASCHA;2
DAS HEER;DOMASLAUS;2
DAS HEER;WRSCHOWETZ;2
DAS HEER;VOLK;2
DAS HEER;ERSTER SLAVE;1
DAS HEER;STIASON;1
DAS HEER;ROZHON;1
DAS HEER;DIE DIRNEN;2
DAS HEER;DIE MÄGDLEIN;2
DAS HEER;EINE VON DEN WACHEN;1
DAS HEER;MILENKA;2
DAS HEER;ZASTAWA;2
DAS HEER;DOBROWKA;1
DAS HEER;HODKA;2
DAS HEER;KLIMBOGNA;1
DAS HEER;DOBROMILA;1
DAS HEER;MLADKA;1
DAS HEER;NABKA;2
DAS HEER;SWATAWA;1
DAS HEER;RADKA;1
DAS HEER;WASTIL;1
DAS HEER;HOWOR;1
DAS HEER;MILICK;1
DAS HEER;POPLOPECK;1
DAS HEER;SCHRIBEN;1
DAS HEER;GESCHREI DER VERWUNDETEN;1
DAS HEER;KRIEGER;1
DAS HEER;TRINTTAS;1
DAS HEER;LEBUSSA;1
DAS HEER;DIE SCHÜLERINNEN;1
DAS HEER;DIE MÄNNER;1
GESCHREI DER VERWUNDETEN;PRIMISLAUS;1
GESCHREI DER VERWUNDETEN;LIBUSSA;1
GESCHREI DER VERWUNDETEN;ZIACK;1
GESCHREI DER VERWUNDETEN;VERWIRRTE STIMMEN;1
GESCHREI DER VERWUNDETEN;LAPACK;1
GESCHREI DER VERWUNDETEN;PACHTA;1
GESCHREI DER VERWUNDETEN;SLAWOSCH;1
GESCHREI DER VERWUNDETEN;WLASTA;1
GESCHREI DER VERWUNDETEN;SCHARKA;1
GESCHREI DER VERWUNDETEN;STRATKA;1
GESCHREI DER VERWUNDETEN;TETKA;1
GESCHREI DER VERWUNDETEN;KASCHA;1
GESCHREI DER VERWUNDETEN;WRSCHOWETZ;1
GESCHREI DER VERWUNDETEN;VOLK;1
GESCHREI DER VERWUNDETEN;STIASON;1
GESCHREI DER VERWUNDETEN;ROZHON;1
GESCHREI DER VERWUNDETEN;MILENKA;1
GESCHREI DER VERWUNDETEN;ZASTAWA;1
GESCHREI DER VERWUNDETEN;HODKA;1
GESCHREI DER VERWUNDETEN;KLIMBOGNA;1
GESCHREI DER VERWUNDETEN;MLADKA;1
GESCHREI DER VERWUNDETEN;NABKA;1
GESCHREI DER VERWUNDETEN;SWATAWA;1
GESCHREI DER VERWUNDETEN;RADKA;1
GESCHREI DER VERWUNDETEN;WASTIL;1
GESCHREI DER VERWUNDETEN;HOWOR;1
GESCHREI DER VERWUNDETEN;MILICK;1
GESCHREI DER VERWUNDETEN;POPLOPECK;1
GESCHREI DER VERWUNDETEN;SCHRIBEN;1
GESCHREI DER VERWUNDETEN;KRIEGER;1
KRIEGER;PRIMISLAUS;1
KRIEGER;LIBUSSA;1
KRIEGER;ZIACK;1
KRIEGER;VERWIRRTE STIMMEN;1
KRIEGER;LAPACK;1
KRIEGER;PACHTA;1
KRIEGER;SLAWOSCH;1
KRIEGER;WLASTA;1
KRIEGER;SCHARKA;1
KRIEGER;STRATKA;1
KRIEGER;TETKA;1
KRIEGER;WRSCHOWETZ;1
KRIEGER;VOLK;1
KRIEGER;STIASON;1
KRIEGER;ROZHON;1
KRIEGER;MILENKA;1
KRIEGER;ZASTAWA;1
KRIEGER;MLADKA;1
KRIEGER;NABKA;1
KRIEGER;SWATAWA;1
KRIEGER;RADKA;1
KRIEGER;WASTIL;1
KRIEGER;MILICK;1
KRIEGER;POPLOPECK;1
KRIEGER;SCHRIBEN;1
TRINTTAS;ZWRATKA;2
TRINTTAS;ZIACK;2
TRINTTAS;VERWIRRTE STIMMEN;1
TRINTTAS;WLASTA;2
TRINTTAS;WRSCHOWETZ;2
TRINTTAS;VOLK;2
TRINTTAS;ZWEITER SLAVE;1
TRINTTAS;ZASTAWA;2
TRINTTAS;VIERTER SLAVE;1
LEBUSSA;PRIMISLAUS;1
LEBUSSA;LIBUSSA;1
LEBUSSA;ZWRATKA;1
LEBUSSA;ZIACK;1
LEBUSSA;MENELJUBA;1
LEBUSSA;MORIWESCHA;1
LEBUSSA;TRINITAS;1
LEBUSSA;PACHTA;1
LEBUSSA;WLASTA;1
LEBUSSA;SCHARKA;1
LEBUSSA;STRATKA;1
LEBUSSA;TETKA;1
LEBUSSA;WRSCHOWETZ;1
LEBUSSA;VOLK;1
LEBUSSA;MILENKA;1
LEBUSSA;ZASTAWA;1
LEBUSSA;NABKA;1
LEBUSSA;TRINTTAS;1
CHOBOL;DIE DREI TRÄGERINNEN;1
CHOBOL;DRUHAN;2
CHOBOL;PRIMISLAUS;2
CHOBOL;LIBUSSA;2
CHOBOL;ZWRATKA;2
CHOBOL;ZIACK;2
CHOBOL;MENELJUBA;2
CHOBOL;HUBALJUTA;1
CHOBOL;MORIWESCHA;2
CHOBOL;ENTAWOPA;2
CHOBOL;VERWIRRTE STIMMEN;1
CHOBOL;LAPACK;1
CHOBOL;TRINITAS;2
CHOBOL;PACHTA;2
CHOBOL;SLAWOSCH;1
CHOBOL;WLASTA;2
CHOBOL;SCHARKA;2
CHOBOL;STRATKA;2
CHOBOL;CHOR DER MÄGDLEIN;1
CHOBOL;TETKA;2
CHOBOL;KASCHA;2
CHOBOL;DRZEWOSLAUS;1
CHOBOL;DOMASLAUS;1
CHOBOL;WRSCHOWETZ;2
CHOBOL;VOLK;2
CHOBOL;ERSTER SLAVE;2
CHOBOL;ZWEITER SLAVE;1
CHOBOL;DRITTER SLAVE;1
CHOBOL;STIASON;1
CHOBOL;DIE DIRNEN;2
CHOBOL;DIE MÄGDLEIN;2
CHOBOL;MILENKA;2
CHOBOL;ZASTAWA;2
CHOBOL;HODKA;2
CHOBOL;KLIMBOGNA;1
CHOBOL;DOBROMILA;1
CHOBOL;MLADKA;1
CHOBOL;NABKA;2
CHOBOL;SWATAWA;1
CHOBOL;RADKA;1
CHOBOL;DAS HEER;1
CHOBOL;TRINTTAS;2
CHOBOL;LEBUSSA;1
CHOBOL;CHOR DER BERGLEUTE;1
CHOBOL;DIE SCHÜLERINNEN;1
CHOBOL;LIBUSSENS MÄGDLEIN;1
CHOBOL;DIE MÄNNER;2
CHOBOL;VIERTER SLAVE;1
CHOBOL;FÜNFTER SLAVE;1
CHOBOL;SECHSTER SLAVE;1
CHOBOL;SIEBENTER SLAVE;1
CHOBOL;EINE JUNGFRAU VOM TURM;1
CHOBOL;DIE WEIBER;1
CHOBOL;CHOR DER PRIESTER;1
CHOBOL;DIE WÄCHTERIN;1
CHOR DER BERGLEUTE;DRUHAN;1
CHOR DER BERGLEUTE;PRIMISLAUS;1
CHOR DER BERGLEUTE;LIBUSSA;1
CHOR DER BERGLEUTE;ZWRATKA;1
CHOR DER BERGLEUTE;ZIACK;1
CHOR DER BERGLEUTE;MENELJUBA;1
CHOR DER BERGLEUTE;MORIWESCHA;1
CHOR DER BERGLEUTE;ENTAWOPA;1
CHOR DER BERGLEUTE;TRINITAS;1
CHOR DER BERGLEUTE;PACHTA;1
CHOR DER BERGLEUTE;WLASTA;1
CHOR DER BERGLEUTE;SCHARKA;1
CHOR DER BERGLEUTE;STRATKA;1
CHOR DER BERGLEUTE;CHOR DER MÄGDLEIN;1
CHOR DER BERGLEUTE;TETKA;1
CHOR DER BERGLEUTE;KASCHA;1
CHOR DER BERGLEUTE;DOMASLAUS;1
CHOR DER BERGLEUTE;WRSCHOWETZ;1
CHOR DER BERGLEUTE;VOLK;1
CHOR DER BERGLEUTE;ERSTER SLAVE;1
CHOR DER BERGLEUTE;DIE DIRNEN;1
CHOR DER BERGLEUTE;DIE MÄGDLEIN;1
CHOR DER BERGLEUTE;MILENKA;1
CHOR DER BERGLEUTE;ZASTAWA;1
CHOR DER BERGLEUTE;HODKA;1
CHOR DER BERGLEUTE;NABKA;1
CHOR DER BERGLEUTE;DAS HEER;1
CHOR DER BERGLEUTE;TRINTTAS;1
CHOR DER BERGLEUTE;LEBUSSA;1
CHOR DER BERGLEUTE;DIE SCHÜLERINNEN;1
CHOR DER BERGLEUTE;DIE MÄNNER;1
DIE SCHÜLERINNEN;DRUHAN;1
DIE SCHÜLERINNEN;PRIMISLAUS;1
DIE SCHÜLERINNEN;LIBUSSA;1
DIE SCHÜLERINNEN;ZWRATKA;1
DIE SCHÜLERINNEN;ZIACK;1
DIE SCHÜLERINNEN;MENELJUBA;1
DIE SCHÜLERINNEN;MORIWESCHA;1
DIE SCHÜLERINNEN;ENTAWOPA;1
DIE SCHÜLERINNEN;TRINITAS;1
DIE SCHÜLERINNEN;PACHTA;1
DIE SCHÜLERINNEN;WLASTA;1
DIE SCHÜLERINNEN;SCHARKA;1
DIE SCHÜLERINNEN;STRATKA;1
DIE SCHÜLERINNEN;TETKA;1
DIE SCHÜLERINNEN;KASCHA;1
DIE SCHÜLERINNEN;DOMASLAUS;1
DIE SCHÜLERINNEN;WRSCHOWETZ;1
DIE SCHÜLERINNEN;VOLK;1
DIE SCHÜLERINNEN;ERSTER SLAVE;1
DIE SCHÜLERINNEN;MILENKA;1
DIE SCHÜLERINNEN;ZASTAWA;1
DIE SCHÜLERINNEN;HODKA;1
DIE SCHÜLERINNEN;NABKA;1
DIE SCHÜLERINNEN;TRINTTAS;1
DIE SCHÜLERINNEN;LEBUSSA;1
LIBUSSENS MÄGDLEIN;PRIMISLAUS;1
LIBUSSENS MÄGDLEIN;ZWRATKA;1
LIBUSSENS MÄGDLEIN;ZIACK;1
LIBUSSENS MÄGDLEIN;MENELJUBA;1
LIBUSSENS MÄGDLEIN;MORIWESCHA;1
LIBUSSENS MÄGDLEIN;VERWIRRTE STIMMEN;1
LIBUSSENS MÄGDLEIN;TRINITAS;1
LIBUSSENS MÄGDLEIN;PACHTA;1
LIBUSSENS MÄGDLEIN;SLAWOSCH;1
LIBUSSENS MÄGDLEIN;WLASTA;1
LIBUSSENS MÄGDLEIN;SCHARKA;1
LIBUSSENS MÄGDLEIN;STRATKA;1
LIBUSSENS MÄGDLEIN;TETKA;1
LIBUSSENS MÄGDLEIN;WRSCHOWETZ;1
LIBUSSENS MÄGDLEIN;VOLK;1
LIBUSSENS MÄGDLEIN;ZWEITER SLAVE;1
LIBUSSENS MÄGDLEIN;STIASON;1
LIBUSSENS MÄGDLEIN;MILENKA;1
LIBUSSENS MÄGDLEIN;ZASTAWA;1
LIBUSSENS MÄGDLEIN;MLADKA;1
LIBUSSENS MÄGDLEIN;NABKA;1
LIBUSSENS MÄGDLEIN;SWATAWA;1
LIBUSSENS MÄGDLEIN;RADKA;1
LIBUSSENS MÄGDLEIN;TRINTTAS;1
LIBUSSENS MÄGDLEIN;VIERTER SLAVE;1
LIBUSSENS MÄGDLEIN;SECHSTER SLAVE;1
LIBUSSENS MÄGDLEIN;SIEBENTER SLAVE;1
DIE MÄNNER;DRUHAN;3
DIE MÄNNER;PRIMISLAUS;3
DIE MÄNNER;LIBUSSA;3
DIE MÄNNER;ZWRATKA;3
DIE MÄNNER;ZIACK;3
DIE MÄNNER;MENELJUBA;3
DIE MÄNNER;HUBALJUTA;2
DIE MÄNNER;MORIWESCHA;3
DIE MÄNNER;ENTAWOPA;3
DIE MÄNNER;VERWIRRTE STIMMEN;2
DIE MÄNNER;LAPACK;2
DIE MÄNNER;TRINITAS;3
DIE MÄNNER;PACHTA;3
DIE MÄNNER;SLAWOSCH;2
DIE MÄNNER;WLASTA;3
DIE MÄNNER;SCHARKA;3
DIE MÄNNER;STRATKA;3
DIE MÄNNER;TETKA;3
DIE MÄNNER;KASCHA;3
DIE MÄNNER;DRZEWOSLAUS;2
DIE MÄNNER;DOMASLAUS;2
DIE MÄNNER;WRSCHOWETZ;3
DIE MÄNNER;VOLK;3
DIE MÄNNER;ERSTER SLAVE;2
DIE MÄNNER;ZWEITER SLAVE;1
DIE MÄNNER;DRITTER SLAVE;1
DIE MÄNNER;STIASON;1
DIE MÄNNER;MILENKA;2
DIE MÄNNER;ZASTAWA;2
DIE MÄNNER;HODKA;2
DIE MÄNNER;KLIMBOGNA;1
DIE MÄNNER;DOBROMILA;1
DIE MÄNNER;MLADKA;1
DIE MÄNNER;NABKA;2
DIE MÄNNER;SWATAWA;1
DIE MÄNNER;RADKA;1
DIE MÄNNER;TRINTTAS;2
DIE MÄNNER;LEBUSSA;1
DIE MÄNNER;DIE SCHÜLERINNEN;1
DIE MÄNNER;LIBUSSENS MÄGDLEIN;1
DIE MÄNNER;VIERTER SLAVE;1
DIE MÄNNER;FÜNFTER SLAVE;1
DIE MÄNNER;SECHSTER SLAVE;1
DIE MÄNNER;SIEBENTER SLAVE;1
DIE MÄNNER;EINE JUNGFRAU VOM TURM;1
DIE MÄNNER;DIE WEIBER;1
DIE MÄNNER;DIE WÄCHTERIN;1
VIERTER SLAVE;ZWRATKA;1
VIERTER SLAVE;ZIACK;1
VIERTER SLAVE;WLASTA;1
VIERTER SLAVE;WRSCHOWETZ;1
VIERTER SLAVE;VOLK;1
VIERTER SLAVE;ZWEITER SLAVE;1
VIERTER SLAVE;ZASTAWA;1
FÜNFTER SLAVE;PRIMISLAUS;1
FÜNFTER SLAVE;LIBUSSA;1
FÜNFTER SLAVE;ZWRATKA;1
FÜNFTER SLAVE;ZIACK;1
FÜNFTER SLAVE;MENELJUBA;1
FÜNFTER SLAVE;HUBALJUTA;1
FÜNFTER SLAVE;MORIWESCHA;1
FÜNFTER SLAVE;VERWIRRTE STIMMEN;1
FÜNFTER SLAVE;LAPACK;1
FÜNFTER SLAVE;TRINITAS;1
FÜNFTER SLAVE;PACHTA;1
FÜNFTER SLAVE;SLAWOSCH;1
FÜNFTER SLAVE;WLASTA;1
FÜNFTER SLAVE;SCHARKA;1
FÜNFTER SLAVE;STRATKA;1
FÜNFTER SLAVE;TETKA;1
FÜNFTER SLAVE;KASCHA;1
FÜNFTER SLAVE;WRSCHOWETZ;1
FÜNFTER SLAVE;VOLK;1
FÜNFTER SLAVE;ZWEITER SLAVE;1
FÜNFTER SLAVE;STIASON;1
FÜNFTER SLAVE;MILENKA;1
FÜNFTER SLAVE;ZASTAWA;1
FÜNFTER SLAVE;HODKA;1
FÜNFTER SLAVE;KLIMBOGNA;1
FÜNFTER SLAVE;MLADKA;1
FÜNFTER SLAVE;NABKA;1
FÜNFTER SLAVE;SWATAWA;1
FÜNFTER SLAVE;RADKA;1
FÜNFTER SLAVE;TRINTTAS;1
FÜNFTER SLAVE;LIBUSSENS MÄGDLEIN;1
FÜNFTER SLAVE;VIERTER SLAVE;1
FÜNFTER SLAVE;SECHSTER SLAVE;1
FÜNFTER SLAVE;SIEBENTER SLAVE;1
SECHSTER SLAVE;ZWRATKA;1
SECHSTER SLAVE;ZIACK;1
SECHSTER SLAVE;VERWIRRTE STIMMEN;1
SECHSTER SLAVE;TRINITAS;1
SECHSTER SLAVE;SLAWOSCH;1
SECHSTER SLAVE;WLASTA;1
SECHSTER SLAVE;STRATKA;1
SECHSTER SLAVE;TETKA;1
SECHSTER SLAVE;WRSCHOWETZ;1
SECHSTER SLAVE;VOLK;1
SECHSTER SLAVE;ZWEITER SLAVE;1
SECHSTER SLAVE;STIASON;1
SECHSTER SLAVE;ZASTAWA;1
SECHSTER SLAVE;SWATAWA;1
SECHSTER SLAVE;TRINTTAS;1
SECHSTER SLAVE;VIERTER SLAVE;1
SECHSTER SLAVE;SIEBENTER SLAVE;1
SIEBENTER SLAVE;ZWRATKA;1
SIEBENTER SLAVE;ZIACK;1
SIEBENTER SLAVE;VERWIRRTE STIMMEN;1
SIEBENTER SLAVE;TRINITAS;1
SIEBENTER SLAVE;SLAWOSCH;1
SIEBENTER SLAVE;WLASTA;1
SIEBENTER SLAVE;STRATKA;1
SIEBENTER SLAVE;TETKA;1
SIEBENTER SLAVE;WRSCHOWETZ;1
SIEBENTER SLAVE;VOLK;1
SIEBENTER SLAVE;ZWEITER SLAVE;1
SIEBENTER SLAVE;STIASON;1
SIEBENTER SLAVE;ZASTAWA;1
SIEBENTER SLAVE;SWATAWA;1
SIEBENTER SLAVE;TRINTTAS;1
SIEBENTER SLAVE;VIERTER SLAVE;1
ACHTER SLAVE;DIE DREI TRÄGERINNEN;1
ACHTER SLAVE;DRUHAN;1
ACHTER SLAVE;PRIMISLAUS;1
ACHTER SLAVE;LIBUSSA;1
ACHTER SLAVE;ZWRATKA;1
ACHTER SLAVE;ZIACK;1
ACHTER SLAVE;MENELJUBA;1
ACHTER SLAVE;HUBALJUTA;1
ACHTER SLAVE;MORIWESCHA;1
ACHTER SLAVE;ENTAWOPA;1
ACHTER SLAVE;VERWIRRTE STIMMEN;1
ACHTER SLAVE;LAPACK;1
ACHTER SLAVE;TRINITAS;1
ACHTER SLAVE;PACHTA;1
ACHTER SLAVE;SLAWOSCH;1
ACHTER SLAVE;WLASTA;1
ACHTER SLAVE;SCHARKA;1
ACHTER SLAVE;BIWOG;1
ACHTER SLAVE;STRATKA;1
ACHTER SLAVE;TETKA;1
ACHTER SLAVE;KASCHA;1
ACHTER SLAVE;DRZEWOSLAUS;1
ACHTER SLAVE;WRSCHOWETZ;1
ACHTER SLAVE;VOLK;1
ACHTER SLAVE;ERSTER SLAVE;1
ACHTER SLAVE;ZWEITER SLAVE;1
ACHTER SLAVE;DRITTER SLAVE;1
ACHTER SLAVE;STIASON;1
ACHTER SLAVE;DIE DIRNEN;1
ACHTER SLAVE;CHIRCH;1
ACHTER SLAVE;DIE MÄGDLEIN;1
ACHTER SLAVE;MILENKA;1
ACHTER SLAVE;ZASTAWA;1
ACHTER SLAVE;HODKA;1
ACHTER SLAVE;BUDESLAWKA;1
ACHTER SLAVE;KLIMBOGNA;1
ACHTER SLAVE;DOBROMILA;1
ACHTER SLAVE;MLADKA;1
ACHTER SLAVE;NABKA;1
ACHTER SLAVE;SWATAWA;1
ACHTER SLAVE;RADKA;1
ACHTER SLAVE;TRINTTAS;1
ACHTER SLAVE;CHOBOL;1
ACHTER SLAVE;LIBUSSENS MÄGDLEIN;1
ACHTER SLAVE;DIE MÄNNER;1
ACHTER SLAVE;VIERTER SLAVE;1
ACHTER SLAVE;FÜNFTER SLAVE;1
ACHTER SLAVE;SECHSTER SLAVE;1
ACHTER SLAVE;SIEBENTER SLAVE;1
ACHTER SLAVE;EINE JUNGFRAU VOM TURM;1
ACHTER SLAVE;DIE WEIBER;1
ACHTER SLAVE;CHOR DER PRIESTER;1
ACHTER SLAVE;DIE WÄCHTERIN;1
EINE JUNGFRAU VOM TURM;PRIMISLAUS;1
EINE JUNGFRAU VOM TURM;LIBUSSA;1
EINE JUNGFRAU VOM TURM;ZWRATKA;1
EINE JUNGFRAU VOM TURM;ZIACK;1
EINE JUNGFRAU VOM TURM;MENELJUBA;1
EINE JUNGFRAU VOM TURM;HUBALJUTA;1
EINE JUNGFRAU VOM TURM;MORIWESCHA;1
EINE JUNGFRAU VOM TURM;ENTAWOPA;1
EINE JUNGFRAU VOM TURM;VERWIRRTE STIMMEN;1
EINE JUNGFRAU VOM TURM;LAPACK;1
EINE JUNGFRAU VOM TURM;TRINITAS;1
EINE JUNGFRAU VOM TURM;PACHTA;1
EINE JUNGFRAU VOM TURM;SLAWOSCH;1
EINE JUNGFRAU VOM TURM;WLASTA;1
EINE JUNGFRAU VOM TURM;SCHARKA;1
EINE JUNGFRAU VOM TURM;STRATKA;1
EINE JUNGFRAU VOM TURM;TETKA;1
EINE JUNGFRAU VOM TURM;KASCHA;1
EINE JUNGFRAU VOM TURM;WRSCHOWETZ;1
EINE JUNGFRAU VOM TURM;VOLK;1
EINE JUNGFRAU VOM TURM;ERSTER SLAVE;1
EINE JUNGFRAU VOM TURM;ZWEITER SLAVE;1
EINE JUNGFRAU VOM TURM;STIASON;1
EINE JUNGFRAU VOM TURM;MILENKA;1
EINE JUNGFRAU VOM TURM;ZASTAWA;1
EINE JUNGFRAU VOM TURM;HODKA;1
EINE JUNGFRAU VOM TURM;KLIMBOGNA;1
EINE JUNGFRAU VOM TURM;MLADKA;1
EINE JUNGFRAU VOM TURM;NABKA;1
EINE JUNGFRAU VOM TURM;SWATAWA;1
EINE JUNGFRAU VOM TURM;RADKA;1
EINE JUNGFRAU VOM TURM;TRINTTAS;1
EINE JUNGFRAU VOM TURM;LIBUSSENS MÄGDLEIN;1
EINE JUNGFRAU VOM TURM;VIERTER SLAVE;1
EINE JUNGFRAU VOM TURM;FÜNFTER SLAVE;1
EINE JUNGFRAU VOM TURM;SECHSTER SLAVE;1
EINE JUNGFRAU VOM TURM;SIEBENTER SLAVE;1
DIE WEIBER;DRUHAN;1
DIE WEIBER;PRIMISLAUS;1
DIE WEIBER;LIBUSSA;1
DIE WEIBER;ZWRATKA;1
DIE WEIBER;ZIACK;1
DIE WEIBER;MENELJUBA;1
DIE WEIBER;HUBALJUTA;1
DIE WEIBER;MORIWESCHA;1
DIE WEIBER;ENTAWOPA;1
DIE WEIBER;VERWIRRTE STIMMEN;1
DIE WEIBER;LAPACK;1
DIE WEIBER;TRINITAS;1
DIE WEIBER;PACHTA;1
DIE WEIBER;SLAWOSCH;1
DIE WEIBER;WLASTA;1
DIE WEIBER;SCHARKA;1
DIE WEIBER;STRATKA;1
DIE WEIBER;TETKA;1
DIE WEIBER;KASCHA;1
DIE WEIBER;DRZEWOSLAUS;1
DIE WEIBER;WRSCHOWETZ;1
DIE WEIBER;VOLK;1
DIE WEIBER;ERSTER SLAVE;1
DIE WEIBER;ZWEITER SLAVE;1
DIE WEIBER;DRITTER SLAVE;1
DIE WEIBER;STIASON;1
DIE WEIBER;MILENKA;1
DIE WEIBER;ZASTAWA;1
DIE WEIBER;HODKA;1
DIE WEIBER;KLIMBOGNA;1
DIE WEIBER;DOBROMILA;1
DIE WEIBER;MLADKA;1
DIE WEIBER;NABKA;1
DIE WEIBER;SWATAWA;1
DIE WEIBER;RADKA;1
DIE WEIBER;TRINTTAS;1
DIE WEIBER;LIBUSSENS MÄGDLEIN;1
DIE WEIBER;VIERTER SLAVE;1
DIE WEIBER;FÜNFTER SLAVE;1
DIE WEIBER;SECHSTER SLAVE;1
DIE WEIBER;SIEBENTER SLAVE;1
DIE WEIBER;EINE JUNGFRAU VOM TURM;1
DIE WEIBER;DIE WÄCHTERIN;1
CHOR DER PRIESTER;DIE DREI TRÄGERINNEN;1
CHOR DER PRIESTER;DRUHAN;1
CHOR DER PRIESTER;PRIMISLAUS;1
CHOR DER PRIESTER;LIBUSSA;1
CHOR DER PRIESTER;ZWRATKA;1
CHOR DER PRIESTER;ZIACK;1
CHOR DER PRIESTER;MENELJUBA;1
CHOR DER PRIESTER;HUBALJUTA;1
CHOR DER PRIESTER;MORIWESCHA;1
CHOR DER PRIESTER;ENTAWOPA;1
CHOR DER PRIESTER;VERWIRRTE STIMMEN;1
CHOR DER PRIESTER;LAPACK;1
CHOR DER PRIESTER;TRINITAS;1
CHOR DER PRIESTER;PACHTA;1
CHOR DER PRIESTER;SLAWOSCH;1
CHOR DER PRIESTER;WLASTA;1
CHOR DER PRIESTER;SCHARKA;1
CHOR DER PRIESTER;STRATKA;1
CHOR DER PRIESTER;TETKA;1
CHOR DER PRIESTER;KASCHA;1
CHOR DER PRIESTER;DRZEWOSLAUS;1
CHOR DER PRIESTER;WRSCHOWETZ;1
CHOR DER PRIESTER;VOLK;1
CHOR DER PRIESTER;ERSTER SLAVE;1
CHOR DER PRIESTER;ZWEITER SLAVE;1
CHOR DER PRIESTER;DRITTER SLAVE;1
CHOR DER PRIESTER;STIASON;1
CHOR DER PRIESTER;DIE DIRNEN;1
CHOR DER PRIESTER;DIE MÄGDLEIN;1
CHOR DER PRIESTER;MILENKA;1
CHOR DER PRIESTER;ZASTAWA;1
CHOR DER PRIESTER;HODKA;1
CHOR DER PRIESTER;KLIMBOGNA;1
CHOR DER PRIESTER;DOBROMILA;1
CHOR DER PRIESTER;MLADKA;1
CHOR DER PRIESTER;NABKA;1
CHOR DER PRIESTER;SWATAWA;1
CHOR DER PRIESTER;RADKA;1
CHOR DER PRIESTER;TRINTTAS;1
CHOR DER PRIESTER;LIBUSSENS MÄGDLEIN;1
CHOR DER PRIESTER;DIE MÄNNER;1
CHOR DER PRIESTER;VIERTER SLAVE;1
CHOR DER PRIESTER;FÜNFTER SLAVE;1
CHOR DER PRIESTER;SECHSTER SLAVE;1
CHOR DER PRIESTER;SIEBENTER SLAVE;1
CHOR DER PRIESTER;EINE JUNGFRAU VOM TURM;1
CHOR DER PRIESTER;DIE WEIBER;1
CHOR DER PRIESTER;DIE WÄCHTERIN;1
DIE WÄCHTERIN;DRUHAN;1
DIE WÄCHTERIN;PRIMISLAUS;1
DIE WÄCHTERIN;LIBUSSA;1
DIE WÄCHTERIN;ZWRATKA;1
DIE WÄCHTERIN;ZIACK;1
DIE WÄCHTERIN;MENELJUBA;1
DIE WÄCHTERIN;HUBALJUTA;1
DIE WÄCHTERIN;MORIWESCHA;1
DIE WÄCHTERIN;ENTAWOPA;1
DIE WÄCHTERIN;VERWIRRTE STIMMEN;1
DIE WÄCHTERIN;LAPACK;1
DIE WÄCHTERIN;TRINITAS;1
DIE WÄCHTERIN;PACHTA;1
DIE WÄCHTERIN;SLAWOSCH;1
DIE WÄCHTERIN;WLASTA;1
DIE WÄCHTERIN;SCHARKA;1
DIE WÄCHTERIN;STRATKA;1
DIE WÄCHTERIN;TETKA;1
DIE WÄCHTERIN;KASCHA;1
DIE WÄCHTERIN;DRZEWOSLAUS;1
DIE WÄCHTERIN;WRSCHOWETZ;1
DIE WÄCHTERIN;VOLK;1
DIE WÄCHTERIN;ERSTER SLAVE;1
DIE WÄCHTERIN;ZWEITER SLAVE;1
DIE WÄCHTERIN;DRITTER SLAVE;1
DIE WÄCHTERIN;STIASON;1
DIE WÄCHTERIN;MILENKA;1
DIE WÄCHTERIN;ZASTAWA;1
DIE WÄCHTERIN;HODKA;1
DIE WÄCHTERIN;KLIMBOGNA;1
DIE WÄCHTERIN;DOBROMILA;1
DIE WÄCHTERIN;MLADKA;1
DIE WÄCHTERIN;NABKA;1
DIE WÄCHTERIN;SWATAWA;1
DIE WÄCHTERIN;RADKA;1
DIE WÄCHTERIN;TRINTTAS;1
DIE WÄCHTERIN;LIBUSSENS MÄGDLEIN;1
DIE WÄCHTERIN;VIERTER SLAVE;1
DIE WÄCHTERIN;FÜNFTER SLAVE;1
DIE WÄCHTERIN;SECHSTER SLAVE;1
DIE WÄCHTERIN;SIEBENTER SLAVE;1
DIE WÄCHTERIN;EINE JUNGFRAU VOM TURM;1
