EINER;PROCOLI;1
EINER;MITROVICH;1
EINER;MARINA;1
EINER;VIELE;1
EINER;RATSHERR;1
EINER;HITROV;1
EINER;KASSUBA;1
EINER;POLO;1
BÜSCHING;JOHANNES MÜLLER;1
BETTLER;EINER;1
BETTLER;CAROFILLI;2
BETTLER;CABOGA;2
BETTLER;PROCOLI;2
BETTLER;MITROVICH;2
BETTLER;MARINA;2
BETTLER;CROOK;1
BETTLER;CORNELIA;1
BETTLER;HERZOG;1
BETTLER;VIELE;2
BETTLER;RATSHERR;2
BETTLER;HITROV;2
BETTLER;KASSUBA;1
BETTLER;POLO;1
CAROFILLI;EINER;1
CAROFILLI;PROCOLI;2
CAROFILLI;MITROVICH;2
CAROFILLI;MARINA;2
CAROFILLI;CROOK;1
CAROFILLI;CORNELIA;1
CAROFILLI;HERZOG;1
CAROFILLI;VIELE;2
CAROFILLI;RATSHERR;2
CAROFILLI;HITROV;2
CAROFILLI;KASSUBA;1
CAROFILLI;POLO;1
CABOGA;EINER;1
CABOGA;CAROFILLI;2
CABOGA;PROCOLI;3
CABOGA;MITROVICH;3
CABOGA;MARINA;3
CABOGA;CROOK;1
CABOGA;CORNELIA;2
CABOGA;HERZOG;2
CABOGA;VIELE;2
CABOGA;RATSHERR;2
CABOGA;HITROV;3
CABOGA;CZIRICH;1
CABOGA;KASSUBA;1
CABOGA;POLO;1
PROCOLI;VIELE;2
PROCOLI;RATSHERR;2
MITROVICH;PROCOLI;3
MITROVICH;VIELE;2
MITROVICH;RATSHERR;2
MITROVICH;POLO;1
MARINA;PROCOLI;3
MARINA;MITROVICH;3
MARINA;VIELE;2
MARINA;RATSHERR;2
MARINA;POLO;1
CROOK;PROCOLI;1
CROOK;MITROVICH;1
CROOK;MARINA;1
CROOK;HERZOG;1
CROOK;VIELE;1
CROOK;RATSHERR;1
CROOK;HITROV;1
CORNELIA;PROCOLI;2
CORNELIA;MITROVICH;2
CORNELIA;MARINA;2
CORNELIA;CROOK;1
CORNELIA;HERZOG;2
CORNELIA;VIELE;1
CORNELIA;RATSHERR;1
CORNELIA;HITROV;2
CORNELIA;CZIRICH;1
HERZOG;PROCOLI;2
HERZOG;MITROVICH;2
HERZOG;MARINA;2
HERZOG;VIELE;1
HERZOG;RATSHERR;1
HERZOG;HITROV;2
RATSHERR;VIELE;2
HITROV;PROCOLI;3
HITROV;MITROVICH;3
HITROV;MARINA;3
HITROV;VIELE;2
HITROV;RATSHERR;2
HITROV;KASSUBA;1
HITROV;POLO;1
CZIRICH;PROCOLI;1
CZIRICH;MITROVICH;1
CZIRICH;MARINA;1
CZIRICH;HERZOG;1
CZIRICH;HITROV;1
KASSUBA;PROCOLI;1
KASSUBA;MITROVICH;1
KASSUBA;MARINA;1
KASSUBA;VIELE;1
KASSUBA;RATSHERR;1
KASSUBA;POLO;1
POLO;PROCOLI;1
POLO;VIELE;1
POLO;RATSHERR;1
