VON DER STRASSE HERAUF;ZWEITER DIENER;1
VON DER STRASSE HERAUF;ZWEITER BEGLEITER;1
BANCBANUS;ZWEITER ANFÜHRER;1
BANCBANUS;VON DER STRASSE HERAUF;1
BANCBANUS;ERSTER DIENER;3
BANCBANUS;GESANG;1
BANCBANUS;VIELE STIMMEN;1
BANCBANUS;ZWEITER DIENER;3
BANCBANUS;DIENERIN;1
BANCBANUS;ERNY;3
BANCBANUS;GESCHREI;1
BANCBANUS;KAMMERFRAU;2
BANCBANUS;ERSTER BEGLEITER;1
BANCBANUS;OTTO;5
BANCBANUS;ZWEITER BEGLEITER;1
BANCBANUS;DIENER;3
BANCBANUS;HAUPTMANN;2
BANCBANUS;GERTRUDE;1
BANCBANUS;KÖNIG;2
BANCBANUS;KÄMMERER;2
BANCBANUS;KÖNIGIN;4
BANCBANUS;BELA;1
BANCBANUS;EDELMANN;1
BANCBANUS;PETER;5
BANCBANUS;SIMON;5
BANCBANUS;SCHLOSSHAUPTMANN;1
BANCBANUS;EIN GEWAFFNETER;1
BANCBANUS;ERSTER EDELMANN;1
BANCBANUS;ZWEITER EDELMANN;1
BANCBANUS;UNGARISCHER ANFÜHRER;1
BANCBANUS;SOLDAT;1
BANCBANUS;BEFEHLSHABER;1
ERSTER DIENER;VON DER STRASSE HERAUF;1
ERSTER DIENER;GESANG;1
ERSTER DIENER;VIELE STIMMEN;1
ERSTER DIENER;ZWEITER DIENER;3
ERSTER DIENER;GESCHREI;1
ERSTER DIENER;KAMMERFRAU;1
ERSTER DIENER;OTTO;3
ERSTER DIENER;ZWEITER BEGLEITER;1
ERSTER DIENER;HAUPTMANN;1
ERSTER DIENER;GERTRUDE;1
ERSTER DIENER;KÖNIG;1
ERSTER DIENER;KÄMMERER;2
ERSTER DIENER;KÖNIGIN;3
ERSTER DIENER;PETER;3
ERSTER DIENER;SIMON;3
GESANG;VON DER STRASSE HERAUF;1
GESANG;VIELE STIMMEN;1
GESANG;ZWEITER DIENER;1
GESANG;GESCHREI;1
GESANG;KAMMERFRAU;1
GESANG;OTTO;1
GESANG;ZWEITER BEGLEITER;1
GESANG;HAUPTMANN;1
GESANG;KÖNIG;1
GESANG;KÄMMERER;1
GESANG;KÖNIGIN;1
GESANG;PETER;1
GESANG;SIMON;1
VIELE STIMMEN;VON DER STRASSE HERAUF;1
VIELE STIMMEN;ZWEITER DIENER;1
VIELE STIMMEN;ZWEITER BEGLEITER;1
DIENERIN;VON DER STRASSE HERAUF;1
DIENERIN;ERSTER DIENER;1
DIENERIN;GESANG;1
DIENERIN;VIELE STIMMEN;1
DIENERIN;ZWEITER DIENER;1
DIENERIN;ERNY;1
DIENERIN;GESCHREI;1
DIENERIN;KAMMERFRAU;1
DIENERIN;ERSTER BEGLEITER;1
DIENERIN;OTTO;1
DIENERIN;ZWEITER BEGLEITER;1
DIENERIN;HAUPTMANN;1
DIENERIN;GERTRUDE;1
DIENERIN;KÖNIG;1
DIENERIN;KÄMMERER;1
DIENERIN;KÖNIGIN;1
DIENERIN;PETER;1
DIENERIN;SIMON;1
ERNY;VON DER STRASSE HERAUF;1
ERNY;ERSTER DIENER;3
ERNY;GESANG;1
ERNY;VIELE STIMMEN;1
ERNY;ZWEITER DIENER;3
ERNY;GESCHREI;1
ERNY;KAMMERFRAU;1
ERNY;ERSTER BEGLEITER;1
ERNY;OTTO;3
ERNY;ZWEITER BEGLEITER;1
ERNY;HAUPTMANN;1
ERNY;GERTRUDE;1
ERNY;KÖNIG;1
ERNY;KÄMMERER;2
ERNY;KÖNIGIN;3
ERNY;PETER;3
ERNY;SIMON;3
GESCHREI;VON DER STRASSE HERAUF;1
GESCHREI;VIELE STIMMEN;1
GESCHREI;ZWEITER DIENER;1
GESCHREI;KAMMERFRAU;1
GESCHREI;OTTO;1
GESCHREI;ZWEITER BEGLEITER;1
GESCHREI;HAUPTMANN;1
GESCHREI;KÖNIG;1
GESCHREI;KÄMMERER;1
GESCHREI;KÖNIGIN;1
GESCHREI;PETER;1
GESCHREI;SIMON;1
KAMMERFRAU;VON DER STRASSE HERAUF;1
KAMMERFRAU;VIELE STIMMEN;1
KAMMERFRAU;ZWEITER DIENER;1
KAMMERFRAU;OTTO;2
KAMMERFRAU;ZWEITER BEGLEITER;1
KAMMERFRAU;KÖNIG;1
KAMMERFRAU;KÄMMERER;1
KAMMERFRAU;KÖNIGIN;2
KAMMERFRAU;PETER;2
KAMMERFRAU;SIMON;2
KAMMERFRAU;SCHLOSSHAUPTMANN;1
KAMMERFRAU;ZWEITER EDELMANN;1
KAMMERFRAU;UNGARISCHER ANFÜHRER;1
ERSTER BEGLEITER;VON DER STRASSE HERAUF;1
ERSTER BEGLEITER;ERSTER DIENER;1
ERSTER BEGLEITER;GESANG;1
ERSTER BEGLEITER;VIELE STIMMEN;1
ERSTER BEGLEITER;ZWEITER DIENER;1
ERSTER BEGLEITER;GESCHREI;1
ERSTER BEGLEITER;KAMMERFRAU;1
ERSTER BEGLEITER;OTTO;1
ERSTER BEGLEITER;ZWEITER BEGLEITER;1
ERSTER BEGLEITER;HAUPTMANN;1
ERSTER BEGLEITER;GERTRUDE;1
ERSTER BEGLEITER;KÖNIG;1
ERSTER BEGLEITER;KÄMMERER;1
ERSTER BEGLEITER;KÖNIGIN;1
ERSTER BEGLEITER;PETER;1
ERSTER BEGLEITER;SIMON;1
OTTO;ZWEITER ANFÜHRER;1
OTTO;VON DER STRASSE HERAUF;1
OTTO;VIELE STIMMEN;1
OTTO;ZWEITER DIENER;3
OTTO;ZWEITER BEGLEITER;1
OTTO;PETER;5
OTTO;SIMON;5
OTTO;SCHLOSSHAUPTMANN;1
OTTO;ZWEITER EDELMANN;1
OTTO;UNGARISCHER ANFÜHRER;1
OTTO;SOLDAT;1
ZWEITER BEGLEITER;ZWEITER DIENER;1
DIENER;VON DER STRASSE HERAUF;1
DIENER;ERSTER DIENER;3
DIENER;GESANG;1
DIENER;VIELE STIMMEN;1
DIENER;ZWEITER DIENER;3
DIENER;DIENERIN;1
DIENER;ERNY;3
DIENER;GESCHREI;1
DIENER;KAMMERFRAU;1
DIENER;ERSTER BEGLEITER;1
DIENER;OTTO;3
DIENER;ZWEITER BEGLEITER;1
DIENER;HAUPTMANN;1
DIENER;GERTRUDE;1
DIENER;KÖNIG;1
DIENER;KÄMMERER;2
DIENER;KÖNIGIN;3
DIENER;EDELMANN;1
DIENER;PETER;3
DIENER;SIMON;3
HAUPTMANN;ZWEITER ANFÜHRER;1
HAUPTMANN;VON DER STRASSE HERAUF;1
HAUPTMANN;VIELE STIMMEN;1
HAUPTMANN;ZWEITER DIENER;1
HAUPTMANN;KAMMERFRAU;1
HAUPTMANN;OTTO;2
HAUPTMANN;ZWEITER BEGLEITER;1
HAUPTMANN;KÖNIG;2
HAUPTMANN;KÄMMERER;1
HAUPTMANN;KÖNIGIN;1
HAUPTMANN;PETER;2
HAUPTMANN;SIMON;2
HAUPTMANN;SOLDAT;1
GERTRUDE;VON DER STRASSE HERAUF;1
GERTRUDE;GESANG;1
GERTRUDE;VIELE STIMMEN;1
GERTRUDE;ZWEITER DIENER;1
GERTRUDE;GESCHREI;1
GERTRUDE;KAMMERFRAU;1
GERTRUDE;OTTO;1
GERTRUDE;ZWEITER BEGLEITER;1
GERTRUDE;HAUPTMANN;1
GERTRUDE;KÖNIG;1
GERTRUDE;KÄMMERER;1
GERTRUDE;KÖNIGIN;1
GERTRUDE;PETER;1
GERTRUDE;SIMON;1
KÖNIG;ZWEITER ANFÜHRER;1
KÖNIG;VON DER STRASSE HERAUF;1
KÖNIG;VIELE STIMMEN;1
KÖNIG;ZWEITER DIENER;1
KÖNIG;OTTO;2
KÖNIG;ZWEITER BEGLEITER;1
KÖNIG;KÖNIGIN;1
KÖNIG;PETER;2
KÖNIG;SIMON;2
KÖNIG;SOLDAT;1
KÄMMERER;VON DER STRASSE HERAUF;1
KÄMMERER;VIELE STIMMEN;1
KÄMMERER;ZWEITER DIENER;2
KÄMMERER;OTTO;2
KÄMMERER;ZWEITER BEGLEITER;1
KÄMMERER;KÖNIG;1
KÄMMERER;KÖNIGIN;2
KÄMMERER;PETER;2
KÄMMERER;SIMON;2
KÖNIGIN;VON DER STRASSE HERAUF;1
KÖNIGIN;VIELE STIMMEN;1
KÖNIGIN;ZWEITER DIENER;3
KÖNIGIN;OTTO;4
KÖNIGIN;ZWEITER BEGLEITER;1
KÖNIGIN;PETER;4
KÖNIGIN;SIMON;4
KÖNIGIN;SCHLOSSHAUPTMANN;1
KÖNIGIN;ZWEITER EDELMANN;1
KÖNIGIN;UNGARISCHER ANFÜHRER;1
BELA;ERSTER DIENER;1
BELA;ZWEITER DIENER;1
BELA;ERNY;1
BELA;OTTO;1
BELA;DIENER;1
BELA;KÄMMERER;1
BELA;KÖNIGIN;1
BELA;EDELMANN;1
BELA;PETER;1
BELA;SIMON;1
EDELMANN;ERSTER DIENER;1
EDELMANN;ZWEITER DIENER;1
EDELMANN;ERNY;1
EDELMANN;OTTO;1
EDELMANN;KÄMMERER;1
EDELMANN;KÖNIGIN;1
EDELMANN;PETER;1
EDELMANN;SIMON;1
PETER;ZWEITER ANFÜHRER;1
PETER;VON DER STRASSE HERAUF;1
PETER;VIELE STIMMEN;1
PETER;ZWEITER DIENER;3
PETER;ZWEITER BEGLEITER;1
PETER;SIMON;5
PETER;SCHLOSSHAUPTMANN;1
PETER;ZWEITER EDELMANN;1
PETER;UNGARISCHER ANFÜHRER;1
PETER;SOLDAT;1
SIMON;ZWEITER ANFÜHRER;1
SIMON;VON DER STRASSE HERAUF;1
SIMON;VIELE STIMMEN;1
SIMON;ZWEITER DIENER;3
SIMON;ZWEITER BEGLEITER;1
SIMON;ZWEITER EDELMANN;1
SIMON;UNGARISCHER ANFÜHRER;1
SIMON;SOLDAT;1
ARZT;BANCBANUS;1
ARZT;ERSTER DIENER;1
ARZT;ZWEITER DIENER;1
ARZT;ERNY;1
ARZT;OTTO;1
ARZT;DIENER;1
ARZT;KÖNIGIN;1
ARZT;PETER;1
ARZT;SIMON;1
SCHLOSSHAUPTMANN;SIMON;1
SCHLOSSHAUPTMANN;ZWEITER EDELMANN;1
SCHLOSSHAUPTMANN;UNGARISCHER ANFÜHRER;1
EIN GEWAFFNETER;KAMMERFRAU;1
EIN GEWAFFNETER;OTTO;1
EIN GEWAFFNETER;KÖNIGIN;1
EIN GEWAFFNETER;PETER;1
EIN GEWAFFNETER;SIMON;1
EIN GEWAFFNETER;SCHLOSSHAUPTMANN;1
EIN GEWAFFNETER;ERSTER EDELMANN;1
EIN GEWAFFNETER;ZWEITER EDELMANN;1
EIN GEWAFFNETER;UNGARISCHER ANFÜHRER;1
ERSTER EDELMANN;KAMMERFRAU;1
ERSTER EDELMANN;OTTO;1
ERSTER EDELMANN;KÖNIGIN;1
ERSTER EDELMANN;PETER;1
ERSTER EDELMANN;SIMON;1
ERSTER EDELMANN;SCHLOSSHAUPTMANN;1
ERSTER EDELMANN;ZWEITER EDELMANN;1
ERSTER EDELMANN;UNGARISCHER ANFÜHRER;1
UNGARISCHER ANFÜHRER;ZWEITER EDELMANN;1
SOLDAT;ZWEITER ANFÜHRER;1
BEFEHLSHABER;ZWEITER ANFÜHRER;1
BEFEHLSHABER;OTTO;1
BEFEHLSHABER;HAUPTMANN;1
BEFEHLSHABER;KÖNIG;1
BEFEHLSHABER;PETER;1
BEFEHLSHABER;SIMON;1
BEFEHLSHABER;SOLDAT;1
