VOLK (5. AKT);ZWEITER AUFWÄRTER;1
VITRY;VOLK (1. AKT);2
VITRY;ZEITUNGSAUSRUFER;1
VITRY;ZEITUNGSVERBREITER;1
VITRY;VOLK (2. AKT);1
VITRY;VOLK (3. AKT);1
VITRY;VORSTÄDTER;1
VITRY;ZWEITER OFFIZIER;1
VITRY;WIEDER EIN GARDIST;1
VITRY;ZWEITER ADJUTANT (4. AKT);1
CHASSECOEUR;VITRY;5
CHASSECOEUR;EIN POLIZEIBEAMTER;1
CHASSECOEUR;SAVOYARDENKNABE;3
CHASSECOEUR;VOLK (1. AKT);2
CHASSECOEUR;EIN GENSD'ARMES (1. AKT);1
CHASSECOEUR;EIN ALTER OFFIZIER IN ZIVILTRACHT;1
CHASSECOEUR;MARQUIS VON HAUTERIVE;1
CHASSECOEUR;HERR VON VILLENEUVE;1
CHASSECOEUR;DIE STUHLVERMIETERIN;1
CHASSECOEUR;ZEITUNGSAUSRUFER;1
CHASSECOEUR;EINE ALTE PUTZHÄNDLERIN;2
CHASSECOEUR;HERZOG VON ORLEANS;1
CHASSECOEUR;HERZOG VON BERRY;1
CHASSECOEUR;EINER AUS DEM GEFOLGE DES HERZOGS;1
CHASSECOEUR;EIN BÜRGER;1
CHASSECOEUR;EIN ANDERER BÜRGER;1
CHASSECOEUR;NAPOLEON;1
CHASSECOEUR;DIE DAMEN DER HALLE;1
CHASSECOEUR;EINE ANDERE DAME DER HALLE;1
CHASSECOEUR;LOUISE;1
CHASSECOEUR;ZEITUNGSVERBREITER;1
CHASSECOEUR;VOLK (2. AKT);1
CHASSECOEUR;EINE LINIENINFANTERIE-PATROUILLE;1
CHASSECOEUR;EIN GENSD'ARMES (2. AKT);1
CHASSECOEUR;FOUCHÉ;1
CHASSECOEUR;OFFIZIER (2. Akt);1
CHASSECOEUR;DER EMIGRANT;1
CHASSECOEUR;SCHNEIDERMEISTER;1
CHASSECOEUR;FRAU DES SCHNEIDERMEISTERS;1
CHASSECOEUR;EIN ÄLTLICHES FRAUENZIMMER;1
CHASSECOEUR;LEUTE VERSCHIEDENEN STANDES;1
CHASSECOEUR;VOLK (3. AKT);1
CHASSECOEUR;DER NEBENSTEHENDE;1
CHASSECOEUR;EINER AUS DER MASSE;1
CHASSECOEUR;EIN ANDERER;1
CHASSECOEUR;EIN NEBENSTEHENDER;1
CHASSECOEUR;EIN BÜRGER (3. AKT);1
CHASSECOEUR;JOUVE;1
CHASSECOEUR;EIN VORSTÄDTER;1
CHASSECOEUR;VORSTÄDTER;1
CHASSECOEUR;GÖTTIN DER VERNUNFT;1
CHASSECOEUR;EIN HAUPTMANN DER GENSD'ARMES;1
CHASSECOEUR;EIN ANKOMMENDER;1
CHASSECOEUR;EIN KRÄMER;1
CHASSECOEUR;FRAU DES KRÄMERS;1
CHASSECOEUR;EIN OFFIZIER;1
CHASSECOEUR;SERGEANT;1
CHASSECOEUR;EIN KAPITÄN DER VOLTIGEURS;1
CHASSECOEUR;ERSTER OFFIZIER;1
CHASSECOEUR;ZWEITER OFFIZIER;1
CHASSECOEUR;DRITTER OFFIZIER;1
CHASSECOEUR;EIN IN DER FERNE IN DIE SCHLACHTLINIE RÜCKENDES REGIMENT;1
CHASSECOEUR;LABÉDOYÈRE;1
CHASSECOEUR;DROUOT;1
CHASSECOEUR;EIN FLÜGELADJUTANT;1
CHASSECOEUR;EIN FUSSGARDIST;1
CHASSECOEUR;NEBENSTEHENDE KAMERADEN;1
CHASSECOEUR;WIEDER EIN GARDIST;1
CHASSECOEUR;DAS HEER;1
CHASSECOEUR;EIN ADJUTANT (4. AKT);1
CHASSECOEUR;ZWEITER ADJUTANT (4. AKT);1
CHASSECOEUR;EIN ANDERER OFFIZIER;1
CHASSECOEUR;DER HERANSPRENGENDE ADJUTANT;1
CHASSECOEUR;DIE OFFIZIERE DER GARDE;1
CHASSECOEUR;DIE GARDE;1
AUSRUFER EINER BILDERGALERIE;VITRY;1
AUSRUFER EINER BILDERGALERIE;CHASSECOEUR;1
AUSRUFER EINER BILDERGALERIE;AUSRUFER EINER MENAGERIE;1
AUSRUFER EINER BILDERGALERIE;EIN POLIZEIBEAMTER;1
AUSRUFER EINER BILDERGALERIE;SAVOYARDENKNABE;1
AUSRUFER EINER BILDERGALERIE;VOLK (1. AKT);1
AUSRUFER EINER BILDERGALERIE;EIN GENSD'ARMES (1. AKT);1
AUSRUFER EINER BILDERGALERIE;EIN ALTER OFFIZIER IN ZIVILTRACHT;1
AUSRUFER EINER BILDERGALERIE;MARQUIS VON HAUTERIVE;1
AUSRUFER EINER BILDERGALERIE;HERR VON VILLENEUVE;1
AUSRUFER EINER BILDERGALERIE;DIE STUHLVERMIETERIN;1
AUSRUFER EINER BILDERGALERIE;ZEITUNGSAUSRUFER;1
AUSRUFER EINER BILDERGALERIE;EINE ALTE PUTZHÄNDLERIN;1
AUSRUFER EINER BILDERGALERIE;HERZOG VON ORLEANS;1
AUSRUFER EINER BILDERGALERIE;HERZOG VON BERRY;1
AUSRUFER EINER BILDERGALERIE;EINER AUS DEM GEFOLGE DES HERZOGS;1
AUSRUFER EINER MENAGERIE;VITRY;1
AUSRUFER EINER MENAGERIE;CHASSECOEUR;1
AUSRUFER EINER MENAGERIE;EIN POLIZEIBEAMTER;1
AUSRUFER EINER MENAGERIE;SAVOYARDENKNABE;1
AUSRUFER EINER MENAGERIE;VOLK (1. AKT);1
AUSRUFER EINER MENAGERIE;EIN GENSD'ARMES (1. AKT);1
AUSRUFER EINER MENAGERIE;EIN ALTER OFFIZIER IN ZIVILTRACHT;1
AUSRUFER EINER MENAGERIE;MARQUIS VON HAUTERIVE;1
AUSRUFER EINER MENAGERIE;HERR VON VILLENEUVE;1
AUSRUFER EINER MENAGERIE;DIE STUHLVERMIETERIN;1
AUSRUFER EINER MENAGERIE;ZEITUNGSAUSRUFER;1
AUSRUFER EINER MENAGERIE;EINE ALTE PUTZHÄNDLERIN;1
AUSRUFER EINER MENAGERIE;HERZOG VON ORLEANS;1
AUSRUFER EINER MENAGERIE;HERZOG VON BERRY;1
AUSRUFER EINER MENAGERIE;EINER AUS DEM GEFOLGE DES HERZOGS;1
EIN POLIZEIBEAMTER;VITRY;1
EIN POLIZEIBEAMTER;SAVOYARDENKNABE;1
EIN POLIZEIBEAMTER;VOLK (1. AKT);1
EIN POLIZEIBEAMTER;MARQUIS VON HAUTERIVE;1
EIN POLIZEIBEAMTER;HERR VON VILLENEUVE;1
EIN POLIZEIBEAMTER;ZEITUNGSAUSRUFER;1
EIN POLIZEIBEAMTER;EINE ALTE PUTZHÄNDLERIN;1
EIN POLIZEIBEAMTER;HERZOG VON ORLEANS;1
EIN POLIZEIBEAMTER;HERZOG VON BERRY;1
EIN POLIZEIBEAMTER;EINER AUS DEM GEFOLGE DES HERZOGS;1
SAVOYARDENKNABE;VITRY;3
SAVOYARDENKNABE;VOLK (1. AKT);2
SAVOYARDENKNABE;ZEITUNGSAUSRUFER;1
SAVOYARDENKNABE;ZEITUNGSVERBREITER;1
SAVOYARDENKNABE;VOLK (2. AKT);1
SAVOYARDENKNABE;SCHNEIDERMEISTER;1
SAVOYARDENKNABE;VOLK (3. AKT);2
SAVOYARDENKNABE;VORSTÄDTER;1
SAVOYARDENKNABE;VOLK (4. AKT);1
SAVOYARDENKNABE;TRUPPEN;1
AUSRUFER BEI EINEM GUCKKASTEN;VITRY;1
AUSRUFER BEI EINEM GUCKKASTEN;CHASSECOEUR;1
AUSRUFER BEI EINEM GUCKKASTEN;AUSRUFER EINER BILDERGALERIE;1
AUSRUFER BEI EINEM GUCKKASTEN;AUSRUFER EINER MENAGERIE;1
AUSRUFER BEI EINEM GUCKKASTEN;EIN POLIZEIBEAMTER;1
AUSRUFER BEI EINEM GUCKKASTEN;SAVOYARDENKNABE;1
AUSRUFER BEI EINEM GUCKKASTEN;VOLK (1. AKT);1
AUSRUFER BEI EINEM GUCKKASTEN;EIN GENSD'ARMES (1. AKT);1
AUSRUFER BEI EINEM GUCKKASTEN;EIN ALTER OFFIZIER IN ZIVILTRACHT;1
AUSRUFER BEI EINEM GUCKKASTEN;MARQUIS VON HAUTERIVE;1
AUSRUFER BEI EINEM GUCKKASTEN;HERR VON VILLENEUVE;1
AUSRUFER BEI EINEM GUCKKASTEN;DIE STUHLVERMIETERIN;1
AUSRUFER BEI EINEM GUCKKASTEN;ZEITUNGSAUSRUFER;1
AUSRUFER BEI EINEM GUCKKASTEN;EINE ALTE PUTZHÄNDLERIN;1
AUSRUFER BEI EINEM GUCKKASTEN;HERZOG VON ORLEANS;1
AUSRUFER BEI EINEM GUCKKASTEN;HERZOG VON BERRY;1
AUSRUFER BEI EINEM GUCKKASTEN;EINER AUS DEM GEFOLGE DES HERZOGS;1
VOLK (1. AKT);ZEITUNGSAUSRUFER;1
VOLK (1. AKT);VOLK (3. AKT);1
VOLK (1. AKT);VORSTÄDTER;1
EIN GENSD'ARMES (1. AKT);VITRY;1
EIN GENSD'ARMES (1. AKT);EIN POLIZEIBEAMTER;1
EIN GENSD'ARMES (1. AKT);SAVOYARDENKNABE;1
EIN GENSD'ARMES (1. AKT);VOLK (1. AKT);1
EIN GENSD'ARMES (1. AKT);MARQUIS VON HAUTERIVE;1
EIN GENSD'ARMES (1. AKT);HERR VON VILLENEUVE;1
EIN GENSD'ARMES (1. AKT);ZEITUNGSAUSRUFER;1
EIN GENSD'ARMES (1. AKT);EINE ALTE PUTZHÄNDLERIN;1
EIN GENSD'ARMES (1. AKT);HERZOG VON ORLEANS;1
EIN GENSD'ARMES (1. AKT);HERZOG VON BERRY;1
EIN GENSD'ARMES (1. AKT);EINER AUS DEM GEFOLGE DES HERZOGS;1
EIN ALTER OFFIZIER IN ZIVILTRACHT;VITRY;1
EIN ALTER OFFIZIER IN ZIVILTRACHT;EIN POLIZEIBEAMTER;1
EIN ALTER OFFIZIER IN ZIVILTRACHT;SAVOYARDENKNABE;1
EIN ALTER OFFIZIER IN ZIVILTRACHT;VOLK (1. AKT);1
EIN ALTER OFFIZIER IN ZIVILTRACHT;EIN GENSD'ARMES (1. AKT);1
EIN ALTER OFFIZIER IN ZIVILTRACHT;MARQUIS VON HAUTERIVE;1
EIN ALTER OFFIZIER IN ZIVILTRACHT;HERR VON VILLENEUVE;1
EIN ALTER OFFIZIER IN ZIVILTRACHT;ZEITUNGSAUSRUFER;1
EIN ALTER OFFIZIER IN ZIVILTRACHT;EINE ALTE PUTZHÄNDLERIN;1
EIN ALTER OFFIZIER IN ZIVILTRACHT;HERZOG VON ORLEANS;1
EIN ALTER OFFIZIER IN ZIVILTRACHT;HERZOG VON BERRY;1
EIN ALTER OFFIZIER IN ZIVILTRACHT;EINER AUS DEM GEFOLGE DES HERZOGS;1
MARQUIS VON HAUTERIVE;VITRY;1
MARQUIS VON HAUTERIVE;SAVOYARDENKNABE;1
MARQUIS VON HAUTERIVE;VOLK (1. AKT);1
MARQUIS VON HAUTERIVE;ZEITUNGSAUSRUFER;1
HERR VON VILLENEUVE;VITRY;1
HERR VON VILLENEUVE;SAVOYARDENKNABE;1
HERR VON VILLENEUVE;VOLK (1. AKT);1
HERR VON VILLENEUVE;MARQUIS VON HAUTERIVE;1
HERR VON VILLENEUVE;ZEITUNGSAUSRUFER;1
HERR VON VILLENEUVE;HERZOG VON ORLEANS;1
HERR VON VILLENEUVE;HERZOG VON BERRY;1
DIE STUHLVERMIETERIN;VITRY;1
DIE STUHLVERMIETERIN;EIN POLIZEIBEAMTER;1
DIE STUHLVERMIETERIN;SAVOYARDENKNABE;1
DIE STUHLVERMIETERIN;VOLK (1. AKT);1
DIE STUHLVERMIETERIN;EIN GENSD'ARMES (1. AKT);1
DIE STUHLVERMIETERIN;EIN ALTER OFFIZIER IN ZIVILTRACHT;1
DIE STUHLVERMIETERIN;MARQUIS VON HAUTERIVE;1
DIE STUHLVERMIETERIN;HERR VON VILLENEUVE;1
DIE STUHLVERMIETERIN;ZEITUNGSAUSRUFER;1
DIE STUHLVERMIETERIN;EINE ALTE PUTZHÄNDLERIN;1
DIE STUHLVERMIETERIN;HERZOG VON ORLEANS;1
DIE STUHLVERMIETERIN;HERZOG VON BERRY;1
DIE STUHLVERMIETERIN;EINER AUS DEM GEFOLGE DES HERZOGS;1
EINE ALTE PUTZHÄNDLERIN;VITRY;2
EINE ALTE PUTZHÄNDLERIN;SAVOYARDENKNABE;2
EINE ALTE PUTZHÄNDLERIN;VOLK (1. AKT);1
EINE ALTE PUTZHÄNDLERIN;MARQUIS VON HAUTERIVE;1
EINE ALTE PUTZHÄNDLERIN;HERR VON VILLENEUVE;1
EINE ALTE PUTZHÄNDLERIN;ZEITUNGSAUSRUFER;1
EINE ALTE PUTZHÄNDLERIN;HERZOG VON ORLEANS;1
EINE ALTE PUTZHÄNDLERIN;HERZOG VON BERRY;1
EINE ALTE PUTZHÄNDLERIN;EINER AUS DEM GEFOLGE DES HERZOGS;1
EINE ALTE PUTZHÄNDLERIN;LOUISE;1
EINE ALTE PUTZHÄNDLERIN;ZEITUNGSVERBREITER;1
EINE ALTE PUTZHÄNDLERIN;VOLK (2. AKT);1
ADVOKAT DUCHESNE;VITRY;3
ADVOKAT DUCHESNE;CHASSECOEUR;3
ADVOKAT DUCHESNE;AUSRUFER EINER BILDERGALERIE;1
ADVOKAT DUCHESNE;AUSRUFER EINER MENAGERIE;1
ADVOKAT DUCHESNE;EIN POLIZEIBEAMTER;1
ADVOKAT DUCHESNE;SAVOYARDENKNABE;3
ADVOKAT DUCHESNE;AUSRUFER BEI EINEM GUCKKASTEN;1
ADVOKAT DUCHESNE;VOLK (1. AKT);2
ADVOKAT DUCHESNE;EIN GENSD'ARMES (1. AKT);1
ADVOKAT DUCHESNE;EIN ALTER OFFIZIER IN ZIVILTRACHT;1
ADVOKAT DUCHESNE;MARQUIS VON HAUTERIVE;1
ADVOKAT DUCHESNE;HERR VON VILLENEUVE;1
ADVOKAT DUCHESNE;DIE STUHLVERMIETERIN;1
ADVOKAT DUCHESNE;ZEITUNGSAUSRUFER;1
ADVOKAT DUCHESNE;EINE ALTE PUTZHÄNDLERIN;2
ADVOKAT DUCHESNE;HERZOG VON ORLEANS;1
ADVOKAT DUCHESNE;HERZOG VON BERRY;1
ADVOKAT DUCHESNE;EINER AUS DEM GEFOLGE DES HERZOGS;1
ADVOKAT DUCHESNE;DIE DAMEN DER HALLE;1
ADVOKAT DUCHESNE;EINE ANDERE DAME DER HALLE;1
ADVOKAT DUCHESNE;LOUISE;1
ADVOKAT DUCHESNE;ZEITUNGSVERBREITER;1
ADVOKAT DUCHESNE;VOLK (2. AKT);1
ADVOKAT DUCHESNE;DER EMIGRANT;1
ADVOKAT DUCHESNE;SCHNEIDERMEISTER;1
ADVOKAT DUCHESNE;FRAU DES SCHNEIDERMEISTERS;1
ADVOKAT DUCHESNE;EIN ÄLTLICHES FRAUENZIMMER;1
ADVOKAT DUCHESNE;LEUTE VERSCHIEDENEN STANDES;1
ADVOKAT DUCHESNE;VOLK (3. AKT);1
ADVOKAT DUCHESNE;DER NEBENSTEHENDE;1
ADVOKAT DUCHESNE;EINER AUS DER MASSE;1
ADVOKAT DUCHESNE;EIN ANDERER;1
ADVOKAT DUCHESNE;EIN NEBENSTEHENDER;1
ADVOKAT DUCHESNE;ALLE;1
ADVOKAT DUCHESNE;EIN BÜRGER (3. AKT);1
ADVOKAT DUCHESNE;JOUVE;1
ADVOKAT DUCHESNE;EIN VORSTÄDTER;1
ADVOKAT DUCHESNE;VORSTÄDTER;1
ADVOKAT DUCHESNE;GÖTTIN DER VERNUNFT;1
ADVOKAT DUCHESNE;EIN HAUPTMANN DER GENSD'ARMES;1
ADVOKAT DUCHESNE;EIN ANKOMMENDER;1
ADVOKAT DUCHESNE;EIN KRÄMER;1
ADVOKAT DUCHESNE;FRAU DES KRÄMERS;1
HERZOG VON ORLEANS;VITRY;1
HERZOG VON ORLEANS;SAVOYARDENKNABE;1
HERZOG VON ORLEANS;VOLK (1. AKT);1
HERZOG VON ORLEANS;MARQUIS VON HAUTERIVE;1
HERZOG VON ORLEANS;ZEITUNGSAUSRUFER;1
HERZOG VON BERRY;VITRY;1
HERZOG VON BERRY;SAVOYARDENKNABE;1
HERZOG VON BERRY;VOLK (1. AKT);1
HERZOG VON BERRY;MARQUIS VON HAUTERIVE;1
HERZOG VON BERRY;ZEITUNGSAUSRUFER;1
HERZOG VON BERRY;HERZOG VON ORLEANS;1
HERZOG VON BERRY;KÖNIG LUDWIG;2
HERZOG VON BERRY;HERZOGIN VON ANGOULEME;2
HERZOG VON BERRY;OBERZEREMONIENMEISTER;2
HERZOG VON BERRY;MONSIEUR;1
HERZOG VON BERRY;OBERDIREKTOR DES TELEGRAPHEN;1
HERZOG VON BERRY;MARSCHALL NEY;1
HERZOG VON BERRY;KURIER;1
EINER AUS DEM GEFOLGE DES HERZOGS;VITRY;1
EINER AUS DEM GEFOLGE DES HERZOGS;SAVOYARDENKNABE;1
EINER AUS DEM GEFOLGE DES HERZOGS;VOLK (1. AKT);1
EINER AUS DEM GEFOLGE DES HERZOGS;MARQUIS VON HAUTERIVE;1
EINER AUS DEM GEFOLGE DES HERZOGS;HERR VON VILLENEUVE;1
EINER AUS DEM GEFOLGE DES HERZOGS;ZEITUNGSAUSRUFER;1
EINER AUS DEM GEFOLGE DES HERZOGS;HERZOG VON ORLEANS;1
EINER AUS DEM GEFOLGE DES HERZOGS;HERZOG VON BERRY;1
MADAME DE SERRÉ;VOLK (1. AKT);1
MADAME DE SERRÉ;SCHWEIZERGARDIST;1
DIE AMME;VOLK (1. AKT);1
DIE AMME;MADAME DE SERRÉ;1
DIE AMME;EIN ALTER MARQUIS;1
DIE AMME;SCHWEIZERGARDIST;1
DIE AMME;EIN BÜRGER;1
DIE AMME;EIN ANDERER BÜRGER;1
DIE AMME;EIN KLEINER OFENHEIZER;1
DIE AMME;EIN HAUPTMANN DER SCHWEIZERGARDE;1
DIE AMME;KÖNIG LUDWIG;1
EIN ALTER MARQUIS;VOLK (1. AKT);1
EIN ALTER MARQUIS;MADAME DE SERRÉ;1
EIN ALTER MARQUIS;SCHWEIZERGARDIST;1
EIN ALTER MARQUIS;EIN BÜRGER;1
EIN ALTER MARQUIS;EIN ANDERER BÜRGER;1
EIN ALTER MARQUIS;EIN KLEINER OFENHEIZER;1
EIN ALTER MARQUIS;EIN HAUPTMANN DER SCHWEIZERGARDE;1
EIN ALTER MARQUIS;KÖNIG LUDWIG;1
SCHWEIZERGARDIST;VOLK (1. AKT);1
EIN BÜRGER;VITRY;1
EIN BÜRGER;VOLK (1. AKT);1
EIN BÜRGER;MADAME DE SERRÉ;1
EIN BÜRGER;SCHWEIZERGARDIST;1
EIN BÜRGER;EIN KLEINER OFENHEIZER;1
EIN BÜRGER;EIN HAUPTMANN DER SCHWEIZERGARDE;1
EIN BÜRGER;KÖNIG LUDWIG;1
EIN BÜRGER;EINE LINIENINFANTERIE-PATROUILLE;1
EIN BÜRGER;EIN GENSD'ARMES (2. AKT);1
EIN BÜRGER;FOUCHÉ;1
EIN BÜRGER;OFFIZIER (2. Akt);1
EIN ANDERER BÜRGER;VITRY;1
EIN ANDERER BÜRGER;VOLK (1. AKT);1
EIN ANDERER BÜRGER;MADAME DE SERRÉ;1
EIN ANDERER BÜRGER;SCHWEIZERGARDIST;1
EIN ANDERER BÜRGER;EIN BÜRGER;2
EIN ANDERER BÜRGER;EIN KLEINER OFENHEIZER;1
EIN ANDERER BÜRGER;EIN HAUPTMANN DER SCHWEIZERGARDE;1
EIN ANDERER BÜRGER;KÖNIG LUDWIG;1
EIN ANDERER BÜRGER;EINE LINIENINFANTERIE-PATROUILLE;1
EIN ANDERER BÜRGER;EIN GENSD'ARMES (2. AKT);1
EIN ANDERER BÜRGER;FOUCHÉ;1
EIN ANDERER BÜRGER;OFFIZIER (2. Akt);1
CHORUS DER ALTADLIGEN EMIGRANTEN, DAMEN UND HERREN;VOLK (1. AKT);1
CHORUS DER ALTADLIGEN EMIGRANTEN, DAMEN UND HERREN;MADAME DE SERRÉ;1
CHORUS DER ALTADLIGEN EMIGRANTEN, DAMEN UND HERREN;DIE AMME;1
CHORUS DER ALTADLIGEN EMIGRANTEN, DAMEN UND HERREN;EIN ALTER MARQUIS;1
CHORUS DER ALTADLIGEN EMIGRANTEN, DAMEN UND HERREN;SCHWEIZERGARDIST;1
CHORUS DER ALTADLIGEN EMIGRANTEN, DAMEN UND HERREN;EIN BÜRGER;1
CHORUS DER ALTADLIGEN EMIGRANTEN, DAMEN UND HERREN;EIN ANDERER BÜRGER;1
CHORUS DER ALTADLIGEN EMIGRANTEN, DAMEN UND HERREN;EIN KLEINER OFENHEIZER;1
CHORUS DER ALTADLIGEN EMIGRANTEN, DAMEN UND HERREN;EIN HAUPTMANN DER SCHWEIZERGARDE;1
CHORUS DER ALTADLIGEN EMIGRANTEN, DAMEN UND HERREN;KÖNIG LUDWIG;1
EIN KLEINER OFENHEIZER;VOLK (1. AKT);1
EIN KLEINER OFENHEIZER;MADAME DE SERRÉ;1
EIN KLEINER OFENHEIZER;SCHWEIZERGARDIST;1
EIN KLEINER OFENHEIZER;KÖNIG LUDWIG;1
EIN HAUPTMANN DER SCHWEIZERGARDE;VOLK (1. AKT);1
EIN HAUPTMANN DER SCHWEIZERGARDE;MADAME DE SERRÉ;1
EIN HAUPTMANN DER SCHWEIZERGARDE;SCHWEIZERGARDIST;1
EIN HAUPTMANN DER SCHWEIZERGARDE;EIN KLEINER OFENHEIZER;1
EIN HAUPTMANN DER SCHWEIZERGARDE;KÖNIG LUDWIG;1
KÖNIG LUDWIG;VOLK (1. AKT);1
KÖNIG LUDWIG;MADAME DE SERRÉ;1
KÖNIG LUDWIG;SCHWEIZERGARDIST;1
KÖNIG LUDWIG;OBERZEREMONIENMEISTER;2
KÖNIG LUDWIG;MONSIEUR;1
KÖNIG LUDWIG;OBERDIREKTOR DES TELEGRAPHEN;1
KÖNIG LUDWIG;MARSCHALL NEY;1
HERZOGIN VON ANGOULEME;KÖNIG LUDWIG;2
HERZOGIN VON ANGOULEME;OBERZEREMONIENMEISTER;2
HERZOGIN VON ANGOULEME;MONSIEUR;1
HERZOGIN VON ANGOULEME;OBERDIREKTOR DES TELEGRAPHEN;1
HERZOGIN VON ANGOULEME;MARSCHALL NEY;1
HERZOGIN VON ANGOULEME;KURIER;1
HERZOG VON ANGOULEME;HERZOG VON BERRY;2
HERZOG VON ANGOULEME;KÖNIG LUDWIG;2
HERZOG VON ANGOULEME;HERZOGIN VON ANGOULEME;2
HERZOG VON ANGOULEME;OBERZEREMONIENMEISTER;2
HERZOG VON ANGOULEME;MONSIEUR;1
HERZOG VON ANGOULEME;OBERDIREKTOR DES TELEGRAPHEN;1
HERZOG VON ANGOULEME;MARSCHALL NEY;1
HERZOG VON ANGOULEME;KURIER;1
GRAF BLACAS D'AULPS;HERZOG VON BERRY;2
GRAF BLACAS D'AULPS;KÖNIG LUDWIG;2
GRAF BLACAS D'AULPS;HERZOGIN VON ANGOULEME;2
GRAF BLACAS D'AULPS;OBERZEREMONIENMEISTER;2
GRAF BLACAS D'AULPS;HERZOG VON ANGOULEME;2
GRAF BLACAS D'AULPS;MONSIEUR;1
GRAF BLACAS D'AULPS;OBERDIREKTOR DES TELEGRAPHEN;1
GRAF BLACAS D'AULPS;MARSCHALL NEY;1
GRAF BLACAS D'AULPS;KURIER;1
DER OBERZEREMONIENMEISTER;HERZOG VON BERRY;1
DER OBERZEREMONIENMEISTER;KÖNIG LUDWIG;1
DER OBERZEREMONIENMEISTER;HERZOGIN VON ANGOULEME;1
DER OBERZEREMONIENMEISTER;OBERZEREMONIENMEISTER;1
DER OBERZEREMONIENMEISTER;HERZOG VON ANGOULEME;1
DER OBERZEREMONIENMEISTER;GRAF BLACAS D'AULPS;1
NAPOLEON;VITRY;1
NAPOLEON;OFFIZIER (3. Akt);1
NAPOLEON;SERGEANT;1
NAPOLEON;ZWEITER OFFIZIER;1
NAPOLEON;NEBENSTEHENDE KAMERADEN;1
NAPOLEON;WIEDER EIN GARDIST;1
NAPOLEON;ZWEITER ADJUTANT (4. AKT);1
NAPOLEON;PÄCHTER LACOSTE;1
NAPOLEON;ZWEITER ADJUTANT (5. AKT);1
NAPOLEON;ZIETHEN;1
NAPOLEON;PREUSSISCHE REITEREI;1
BERTRAND;VITRY;1
BERTRAND;CHASSECOEUR;1
BERTRAND;NAPOLEON;6
BERTRAND;DER POLNISCHE LEGIONSREITER;1
BERTRAND;DER OFFIZIER;2
BERTRAND;CAMBRONNE;4
BERTRAND;FOUCHÉ;1
BERTRAND;CARNOT;1
BERTRAND;OFFIZIER (3. Akt);1
BERTRAND;HORTENSE;2
BERTRAND;EIN OFFIZIER;2
BERTRAND;EIN KAMMERHERR;1
BERTRAND;EINE ORDONNANZ;1
BERTRAND;EINE ANDERE ORDONNANZ;1
BERTRAND;DIE SCHREIBENDEN;1
BERTRAND;BLÜCHER;1
BERTRAND;GNEISENAU;1
BERTRAND;SERGEANT;1
BERTRAND;EIN KAPITÄN DER VOLTIGEURS;1
BERTRAND;ERSTER OFFIZIER;1
BERTRAND;ZWEITER OFFIZIER;1
BERTRAND;DRITTER OFFIZIER;1
BERTRAND;EIN IN DER FERNE IN DIE SCHLACHTLINIE RÜCKENDES REGIMENT;1
BERTRAND;LABÉDOYÈRE;1
BERTRAND;DROUOT;1
BERTRAND;EIN FLÜGELADJUTANT;1
BERTRAND;EIN FUSSGARDIST;1
BERTRAND;NEBENSTEHENDE KAMERADEN;1
BERTRAND;WIEDER EIN GARDIST;1
BERTRAND;DAS HEER;1
BERTRAND;EIN ADJUTANT (4. AKT);1
BERTRAND;ZWEITER ADJUTANT (4. AKT);1
BERTRAND;EIN ANDERER OFFIZIER;1
BERTRAND;DER HERANSPRENGENDE ADJUTANT;1
BERTRAND;DIE OFFIZIERE DER GARDE;1
BERTRAND;DIE GARDE;2
BERTRAND;HERZOG VON WELLINGTON;1
BERTRAND;EIN HERANSPRENGENDER ADJUTANT;1
BERTRAND;MILHAUD;1
BERTRAND;PÄCHTER LACOSTE;1
BERTRAND;EIN OFFIZIER DER GARDEGRENADIERE ZU PFERDE;1
BERTRAND;EIN ANDERER OFFIZIER DER GARDEGRENADIERE ZU PFERDE;1
BERTRAND;EIN OFFIZIER DER SUITE;1
BERTRAND;EIN ADJUTANT (5. AKT);1
BERTRAND;DRITTER ADJUTANT (5. AKT);1
BERTRAND;ZWEITER ADJUTANT (5. AKT);1
BERTRAND;EIN ANKOMMENDER ADJUTANT;1
BERTRAND;GARDEMUSIK;1
BERTRAND;EINER DER GARDEHOBOISTEN;1
BERTRAND;EIN ENGLISCHER DRAGONEROFFIZIER;1
BERTRAND;ENGLISCHE REITEREI;1
BERTRAND;PREUSSISCHE REITEREI;1
BERTRAND;DIE GRANITKOLONNE;1
DER POLNISCHE LEGIONSREITER;NAPOLEON;1
DER OFFIZIER;NAPOLEON;2
DER OFFIZIER;DER POLNISCHE LEGIONSREITER;1
DER OFFIZIER;FOUCHÉ;1
DER OFFIZIER;OFFIZIER (3. Akt);1
DER OFFIZIER;HORTENSE;1
DER OFFIZIER;EIN OFFIZIER;1
DER OFFIZIER;EIN KAMMERHERR;1
DER OFFIZIER;EINE ORDONNANZ;1
DER OFFIZIER;EINE ANDERE ORDONNANZ;1
DER OFFIZIER;DIE SCHREIBENDEN;1
CAMBRONNE;VITRY;1
CAMBRONNE;CHASSECOEUR;1
CAMBRONNE;NAPOLEON;4
CAMBRONNE;DER POLNISCHE LEGIONSREITER;1
CAMBRONNE;DER OFFIZIER;1
CAMBRONNE;EIN OFFIZIER;1
CAMBRONNE;GNEISENAU;1
CAMBRONNE;SERGEANT;1
CAMBRONNE;EIN KAPITÄN DER VOLTIGEURS;1
CAMBRONNE;ERSTER OFFIZIER;1
CAMBRONNE;ZWEITER OFFIZIER;1
CAMBRONNE;DRITTER OFFIZIER;1
CAMBRONNE;EIN IN DER FERNE IN DIE SCHLACHTLINIE RÜCKENDES REGIMENT;1
CAMBRONNE;LABÉDOYÈRE;1
CAMBRONNE;DROUOT;1
CAMBRONNE;EIN FLÜGELADJUTANT;1
CAMBRONNE;EIN FUSSGARDIST;1
CAMBRONNE;NEBENSTEHENDE KAMERADEN;1
CAMBRONNE;WIEDER EIN GARDIST;1
CAMBRONNE;DAS HEER;1
CAMBRONNE;EIN ADJUTANT (4. AKT);1
CAMBRONNE;ZWEITER ADJUTANT (4. AKT);1
CAMBRONNE;EIN ANDERER OFFIZIER;1
CAMBRONNE;DER HERANSPRENGENDE ADJUTANT;1
CAMBRONNE;DIE OFFIZIERE DER GARDE;1
CAMBRONNE;DIE GARDE;2
CAMBRONNE;HERZOG VON WELLINGTON;1
CAMBRONNE;EIN HERANSPRENGENDER ADJUTANT;1
CAMBRONNE;MILHAUD;1
CAMBRONNE;PÄCHTER LACOSTE;1
CAMBRONNE;EIN OFFIZIER DER GARDEGRENADIERE ZU PFERDE;1
CAMBRONNE;EIN ANDERER OFFIZIER DER GARDEGRENADIERE ZU PFERDE;1
CAMBRONNE;EIN OFFIZIER DER SUITE;1
CAMBRONNE;EIN ADJUTANT (5. AKT);1
CAMBRONNE;DRITTER ADJUTANT (5. AKT);1
CAMBRONNE;ZWEITER ADJUTANT (5. AKT);1
CAMBRONNE;EIN ANKOMMENDER ADJUTANT;1
CAMBRONNE;GARDEMUSIK;1
CAMBRONNE;EINER DER GARDEHOBOISTEN;1
CAMBRONNE;EIN ENGLISCHER DRAGONEROFFIZIER;1
CAMBRONNE;ENGLISCHE REITEREI;1
CAMBRONNE;PREUSSISCHE REITEREI;1
CAMBRONNE;DIE GRANITKOLONNE;1
ALLE ANWESENDEN;NAPOLEON;1
ALLE ANWESENDEN;BERTRAND;1
ALLE ANWESENDEN;DER POLNISCHE LEGIONSREITER;1
ALLE ANWESENDEN;DER OFFIZIER;1
ALLE ANWESENDEN;CAMBRONNE;1
DER ALTE GÄRTNER;DIE NICHTE;1
DER ALTE GÄRTNER;PIERRE;1
DER ALTE GÄRTNER;DIE DAMEN DER HALLE;1
DER ALTE GÄRTNER;EINE ANDERE DAME DER HALLE;1
DIE NICHTE;PIERRE;1
DIE NICHTE;EINE ANDERE DAME DER HALLE;1
DIE DAMEN DER HALLE;VITRY;1
DIE DAMEN DER HALLE;SAVOYARDENKNABE;1
DIE DAMEN DER HALLE;VOLK (1. AKT);1
DIE DAMEN DER HALLE;DIE NICHTE;1
DIE DAMEN DER HALLE;PIERRE;1
DIE DAMEN DER HALLE;EINE ANDERE DAME DER HALLE;2
DIE DAMEN DER HALLE;SCHNEIDERMEISTER;1
DIE DAMEN DER HALLE;FRAU DES SCHNEIDERMEISTERS;1
DIE DAMEN DER HALLE;EIN ÄLTLICHES FRAUENZIMMER;1
DIE DAMEN DER HALLE;LEUTE VERSCHIEDENEN STANDES;1
DIE DAMEN DER HALLE;VOLK (3. AKT);1
DIE DAMEN DER HALLE;EINER AUS DER MASSE;1
DIE DAMEN DER HALLE;EIN ANDERER;1
DIE DAMEN DER HALLE;EIN NEBENSTEHENDER;1
DIE DAMEN DER HALLE;EIN BÜRGER (3. AKT);1
DIE DAMEN DER HALLE;JOUVE;1
DIE DAMEN DER HALLE;EIN VORSTÄDTER;1
DIE DAMEN DER HALLE;VORSTÄDTER;1
DIE DAMEN DER HALLE;GÖTTIN DER VERNUNFT;1
DIE DAMEN DER HALLE;EIN HAUPTMANN DER GENSD'ARMES;1
DIE DAMEN DER HALLE;EIN ANKOMMENDER;1
DIE DAMEN DER HALLE;EIN KRÄMER;1
DIE DAMEN DER HALLE;FRAU DES KRÄMERS;1
EINE ANDERE DAME DER HALLE;VITRY;1
EINE ANDERE DAME DER HALLE;SAVOYARDENKNABE;1
EINE ANDERE DAME DER HALLE;VOLK (1. AKT);1
EINE ANDERE DAME DER HALLE;PIERRE;1
EINE ANDERE DAME DER HALLE;SCHNEIDERMEISTER;1
EINE ANDERE DAME DER HALLE;FRAU DES SCHNEIDERMEISTERS;1
EINE ANDERE DAME DER HALLE;LEUTE VERSCHIEDENEN STANDES;1
EINE ANDERE DAME DER HALLE;VOLK (3. AKT);1
EINE ANDERE DAME DER HALLE;EINER AUS DER MASSE;1
EINE ANDERE DAME DER HALLE;JOUVE;1
EINE ANDERE DAME DER HALLE;VORSTÄDTER;1
EINE ANDERE DAME DER HALLE;GÖTTIN DER VERNUNFT;1
EINE ANDERE DAME DER HALLE;FRAU DES KRÄMERS;1
LOUISE;VITRY;1
LOUISE;SAVOYARDENKNABE;1
LOUISE;ZEITUNGSVERBREITER;1
LOUISE;VOLK (2. AKT);1
VOLK (2. AKT);ZEITUNGSVERBREITER;1
GRÄFIN VON CHOISY;HERZOGIN VON ANGOULEME;1
MONSIEUR;OBERZEREMONIENMEISTER;1
MONSIEUR;OBERDIREKTOR DES TELEGRAPHEN;1
OBERDIREKTOR DES TELEGRAPHEN;OBERZEREMONIENMEISTER;1
MARSCHALL NEY;OBERZEREMONIENMEISTER;1
MARSCHALL NEY;MONSIEUR;1
MARSCHALL NEY;OBERDIREKTOR DES TELEGRAPHEN;1
KURIER;KÖNIG LUDWIG;1
KURIER;OBERZEREMONIENMEISTER;1
KURIER;MONSIEUR;1
KURIER;OBERDIREKTOR DES TELEGRAPHEN;1
KURIER;MARSCHALL NEY;1
EINE LINIENINFANTERIE-PATROUILLE;VITRY;1
EINE LINIENINFANTERIE-PATROUILLE;FOUCHÉ;1
EINE LINIENINFANTERIE-PATROUILLE;OFFIZIER (2. Akt);1
EIN GENSD'ARMES (2. AKT);VITRY;1
EIN GENSD'ARMES (2. AKT);EINE LINIENINFANTERIE-PATROUILLE;1
EIN GENSD'ARMES (2. AKT);FOUCHÉ;1
EIN GENSD'ARMES (2. AKT);OFFIZIER (2. Akt);1
FOUCHÉ;VITRY;1
FOUCHÉ;NAPOLEON;1
FOUCHÉ;OFFIZIER (2. Akt);1
FOUCHÉ;OFFIZIER (3. Akt);1
FOUCHÉ;HORTENSE;1
CARNOT;VITRY;1
CARNOT;CHASSECOEUR;1
CARNOT;EIN BÜRGER;1
CARNOT;EIN ANDERER BÜRGER;1
CARNOT;NAPOLEON;1
CARNOT;DER OFFIZIER;1
CARNOT;EINE LINIENINFANTERIE-PATROUILLE;1
CARNOT;EIN GENSD'ARMES (2. AKT);1
CARNOT;FOUCHÉ;2
CARNOT;OFFIZIER (2. Akt);1
CARNOT;OFFIZIER (3. Akt);1
CARNOT;HORTENSE;1
CARNOT;EIN OFFIZIER;1
CARNOT;EIN KAMMERHERR;1
CARNOT;EINE ORDONNANZ;1
CARNOT;EINE ANDERE ORDONNANZ;1
CARNOT;DIE SCHREIBENDEN;1
OFFIZIER (2. Akt);VITRY;1
DER EMIGRANT;VITRY;1
DER EMIGRANT;SAVOYARDENKNABE;1
DER EMIGRANT;VOLK (1. AKT);1
DER EMIGRANT;DIE DAMEN DER HALLE;1
DER EMIGRANT;EINE ANDERE DAME DER HALLE;1
DER EMIGRANT;SCHNEIDERMEISTER;1
DER EMIGRANT;FRAU DES SCHNEIDERMEISTERS;1
DER EMIGRANT;EIN ÄLTLICHES FRAUENZIMMER;1
DER EMIGRANT;LEUTE VERSCHIEDENEN STANDES;1
DER EMIGRANT;VOLK (3. AKT);1
DER EMIGRANT;DER NEBENSTEHENDE;1
DER EMIGRANT;EINER AUS DER MASSE;1
DER EMIGRANT;EIN ANDERER;1
DER EMIGRANT;EIN NEBENSTEHENDER;1
DER EMIGRANT;EIN BÜRGER (3. AKT);1
DER EMIGRANT;JOUVE;1
DER EMIGRANT;EIN VORSTÄDTER;1
DER EMIGRANT;VORSTÄDTER;1
DER EMIGRANT;GÖTTIN DER VERNUNFT;1
DER EMIGRANT;EIN HAUPTMANN DER GENSD'ARMES;1
DER EMIGRANT;EIN ANKOMMENDER;1
DER EMIGRANT;EIN KRÄMER;1
DER EMIGRANT;FRAU DES KRÄMERS;1
SCHNEIDERMEISTER;VITRY;1
SCHNEIDERMEISTER;VOLK (1. AKT);1
SCHNEIDERMEISTER;VOLK (3. AKT);1
SCHNEIDERMEISTER;VORSTÄDTER;1
FRAU DES SCHNEIDERMEISTERS;VITRY;1
FRAU DES SCHNEIDERMEISTERS;SAVOYARDENKNABE;1
FRAU DES SCHNEIDERMEISTERS;VOLK (1. AKT);1
FRAU DES SCHNEIDERMEISTERS;SCHNEIDERMEISTER;1
FRAU DES SCHNEIDERMEISTERS;LEUTE VERSCHIEDENEN STANDES;1
FRAU DES SCHNEIDERMEISTERS;VOLK (3. AKT);1
FRAU DES SCHNEIDERMEISTERS;JOUVE;1
FRAU DES SCHNEIDERMEISTERS;VORSTÄDTER;1
FRAU DES SCHNEIDERMEISTERS;GÖTTIN DER VERNUNFT;1
EIN ÄLTLICHES FRAUENZIMMER;VITRY;1
EIN ÄLTLICHES FRAUENZIMMER;SAVOYARDENKNABE;1
EIN ÄLTLICHES FRAUENZIMMER;VOLK (1. AKT);1
EIN ÄLTLICHES FRAUENZIMMER;EINE ANDERE DAME DER HALLE;1
EIN ÄLTLICHES FRAUENZIMMER;SCHNEIDERMEISTER;1
EIN ÄLTLICHES FRAUENZIMMER;FRAU DES SCHNEIDERMEISTERS;1
EIN ÄLTLICHES FRAUENZIMMER;LEUTE VERSCHIEDENEN STANDES;1
EIN ÄLTLICHES FRAUENZIMMER;VOLK (3. AKT);1
EIN ÄLTLICHES FRAUENZIMMER;EINER AUS DER MASSE;1
EIN ÄLTLICHES FRAUENZIMMER;JOUVE;1
EIN ÄLTLICHES FRAUENZIMMER;VORSTÄDTER;1
EIN ÄLTLICHES FRAUENZIMMER;GÖTTIN DER VERNUNFT;1
EIN ÄLTLICHES FRAUENZIMMER;FRAU DES KRÄMERS;1
LEUTE VERSCHIEDENEN STANDES;VITRY;1
LEUTE VERSCHIEDENEN STANDES;SAVOYARDENKNABE;1
LEUTE VERSCHIEDENEN STANDES;VOLK (1. AKT);1
LEUTE VERSCHIEDENEN STANDES;SCHNEIDERMEISTER;1
LEUTE VERSCHIEDENEN STANDES;VOLK (3. AKT);1
LEUTE VERSCHIEDENEN STANDES;VORSTÄDTER;1
VOLK (3. AKT);VORSTÄDTER;1
VOLK (3. AKT);VOLK (4. AKT);1
DER NEBENSTEHENDE;VITRY;1
DER NEBENSTEHENDE;SAVOYARDENKNABE;1
DER NEBENSTEHENDE;VOLK (1. AKT);1
DER NEBENSTEHENDE;DIE DAMEN DER HALLE;1
DER NEBENSTEHENDE;EINE ANDERE DAME DER HALLE;1
DER NEBENSTEHENDE;SCHNEIDERMEISTER;1
DER NEBENSTEHENDE;FRAU DES SCHNEIDERMEISTERS;1
DER NEBENSTEHENDE;EIN ÄLTLICHES FRAUENZIMMER;1
DER NEBENSTEHENDE;LEUTE VERSCHIEDENEN STANDES;1
DER NEBENSTEHENDE;VOLK (3. AKT);1
DER NEBENSTEHENDE;EINER AUS DER MASSE;1
DER NEBENSTEHENDE;EIN ANDERER;1
DER NEBENSTEHENDE;EIN NEBENSTEHENDER;1
DER NEBENSTEHENDE;EIN BÜRGER (3. AKT);1
DER NEBENSTEHENDE;JOUVE;1
DER NEBENSTEHENDE;EIN VORSTÄDTER;1
DER NEBENSTEHENDE;VORSTÄDTER;1
DER NEBENSTEHENDE;GÖTTIN DER VERNUNFT;1
DER NEBENSTEHENDE;EIN HAUPTMANN DER GENSD'ARMES;1
DER NEBENSTEHENDE;EIN ANKOMMENDER;1
DER NEBENSTEHENDE;EIN KRÄMER;1
DER NEBENSTEHENDE;FRAU DES KRÄMERS;1
EINER AUS DER MASSE;VITRY;1
EINER AUS DER MASSE;SAVOYARDENKNABE;1
EINER AUS DER MASSE;VOLK (1. AKT);1
EINER AUS DER MASSE;SCHNEIDERMEISTER;1
EINER AUS DER MASSE;FRAU DES SCHNEIDERMEISTERS;1
EINER AUS DER MASSE;LEUTE VERSCHIEDENEN STANDES;1
EINER AUS DER MASSE;VOLK (3. AKT);1
EINER AUS DER MASSE;JOUVE;1
EINER AUS DER MASSE;VORSTÄDTER;1
EINER AUS DER MASSE;GÖTTIN DER VERNUNFT;1
EINER AUS DER MASSE;FRAU DES KRÄMERS;1
EIN ANDERER;VITRY;1
EIN ANDERER;SAVOYARDENKNABE;1
EIN ANDERER;VOLK (1. AKT);1
EIN ANDERER;EINE ANDERE DAME DER HALLE;1
EIN ANDERER;SCHNEIDERMEISTER;1
EIN ANDERER;FRAU DES SCHNEIDERMEISTERS;1
EIN ANDERER;EIN ÄLTLICHES FRAUENZIMMER;1
EIN ANDERER;LEUTE VERSCHIEDENEN STANDES;1
EIN ANDERER;VOLK (3. AKT);1
EIN ANDERER;EINER AUS DER MASSE;1
EIN ANDERER;EIN NEBENSTEHENDER;1
EIN ANDERER;EIN BÜRGER (3. AKT);1
EIN ANDERER;JOUVE;1
EIN ANDERER;EIN VORSTÄDTER;1
EIN ANDERER;VORSTÄDTER;1
EIN ANDERER;GÖTTIN DER VERNUNFT;1
EIN ANDERER;EIN HAUPTMANN DER GENSD'ARMES;1
EIN ANDERER;EIN ANKOMMENDER;1
EIN ANDERER;EIN KRÄMER;1
EIN ANDERER;FRAU DES KRÄMERS;1
EIN NEBENSTEHENDER;VITRY;1
EIN NEBENSTEHENDER;SAVOYARDENKNABE;1
EIN NEBENSTEHENDER;VOLK (1. AKT);1
EIN NEBENSTEHENDER;EINE ANDERE DAME DER HALLE;1
EIN NEBENSTEHENDER;SCHNEIDERMEISTER;1
EIN NEBENSTEHENDER;FRAU DES SCHNEIDERMEISTERS;1
EIN NEBENSTEHENDER;EIN ÄLTLICHES FRAUENZIMMER;1
EIN NEBENSTEHENDER;LEUTE VERSCHIEDENEN STANDES;1
EIN NEBENSTEHENDER;VOLK (3. AKT);1
EIN NEBENSTEHENDER;EINER AUS DER MASSE;1
EIN NEBENSTEHENDER;JOUVE;1
EIN NEBENSTEHENDER;EIN VORSTÄDTER;1
EIN NEBENSTEHENDER;VORSTÄDTER;1
EIN NEBENSTEHENDER;GÖTTIN DER VERNUNFT;1
EIN NEBENSTEHENDER;FRAU DES KRÄMERS;1
ALLE;VITRY;1
ALLE;CHASSECOEUR;1
ALLE;SAVOYARDENKNABE;1
ALLE;VOLK (1. AKT);1
ALLE;DIE DAMEN DER HALLE;1
ALLE;EINE ANDERE DAME DER HALLE;1
ALLE;DER EMIGRANT;1
ALLE;SCHNEIDERMEISTER;1
ALLE;FRAU DES SCHNEIDERMEISTERS;1
ALLE;EIN ÄLTLICHES FRAUENZIMMER;1
ALLE;LEUTE VERSCHIEDENEN STANDES;1
ALLE;VOLK (3. AKT);1
ALLE;DER NEBENSTEHENDE;1
ALLE;EINER AUS DER MASSE;1
ALLE;EIN ANDERER;1
ALLE;EIN NEBENSTEHENDER;1
ALLE;EIN BÜRGER (3. AKT);1
ALLE;JOUVE;1
ALLE;EIN VORSTÄDTER;1
ALLE;VORSTÄDTER;1
ALLE;GÖTTIN DER VERNUNFT;1
ALLE;EIN HAUPTMANN DER GENSD'ARMES;1
ALLE;EIN ANKOMMENDER;1
ALLE;EIN KRÄMER;1
ALLE;FRAU DES KRÄMERS;1
ALLE;BLÜCHER;1
ALLE;DER MAJOR;1
ALLE;ERSTER JÄGER;1
ALLE;VIERTER JÄGER;1
ALLE;DRITTER JÄGER;1
ALLE;ZWEITER JÄGER;1
ALLE;SECHSTER JÄGER;1
ALLE;FÜNFTER JÄGER;1
ALLE;MARKETENDERIN;1
ALLE;DIE JÄGER;1
ALLE;DER UNTEROFFIZIER;1
ALLE;BOURMONT;1
EIN BÜRGER (3. AKT);VITRY;1
EIN BÜRGER (3. AKT);SAVOYARDENKNABE;1
EIN BÜRGER (3. AKT);VOLK (1. AKT);1
EIN BÜRGER (3. AKT);EINE ANDERE DAME DER HALLE;1
EIN BÜRGER (3. AKT);SCHNEIDERMEISTER;1
EIN BÜRGER (3. AKT);FRAU DES SCHNEIDERMEISTERS;1
EIN BÜRGER (3. AKT);EIN ÄLTLICHES FRAUENZIMMER;1
EIN BÜRGER (3. AKT);LEUTE VERSCHIEDENEN STANDES;1
EIN BÜRGER (3. AKT);VOLK (3. AKT);2
EIN BÜRGER (3. AKT);EINER AUS DER MASSE;1
EIN BÜRGER (3. AKT);EIN NEBENSTEHENDER;1
EIN BÜRGER (3. AKT);JOUVE;2
EIN BÜRGER (3. AKT);EIN VORSTÄDTER;2
EIN BÜRGER (3. AKT);VORSTÄDTER;1
EIN BÜRGER (3. AKT);GÖTTIN DER VERNUNFT;1
EIN BÜRGER (3. AKT);EIN HAUPTMANN DER GENSD'ARMES;1
EIN BÜRGER (3. AKT);EIN KRÄMER;1
EIN BÜRGER (3. AKT);FRAU DES KRÄMERS;1
EIN BÜRGER (3. AKT);SCHILDWACHE;1
EIN BÜRGER (3. AKT);OFFIZIER DER GARDEGRENADIERE ZU FUSS;1
EIN BÜRGER (3. AKT);OFFIZIER DER POLNISCHEN LANZENREITER;1
EIN BÜRGER (3. AKT);HORTENSE;1
EIN ANDRER BÜRGER (3. AKT);VOLK (3. AKT);1
EIN ANDRER BÜRGER (3. AKT);EIN BÜRGER (3. AKT);1
EIN ANDRER BÜRGER (3. AKT);JOUVE;1
EIN ANDRER BÜRGER (3. AKT);EIN VORSTÄDTER;1
EIN ANDRER BÜRGER (3. AKT);SCHILDWACHE;1
EIN ANDRER BÜRGER (3. AKT);OFFIZIER DER GARDEGRENADIERE ZU FUSS;1
EIN ANDRER BÜRGER (3. AKT);OFFIZIER DER POLNISCHEN LANZENREITER;1
EIN ANDRER BÜRGER (3. AKT);HORTENSE;1
JOUVE;VITRY;1
JOUVE;SAVOYARDENKNABE;2
JOUVE;VOLK (1. AKT);1
JOUVE;SCHNEIDERMEISTER;1
JOUVE;LEUTE VERSCHIEDENEN STANDES;1
JOUVE;VOLK (3. AKT);3
JOUVE;VORSTÄDTER;1
JOUVE;SCHILDWACHE;1
JOUVE;OFFIZIER DER GARDEGRENADIERE ZU FUSS;1
JOUVE;OFFIZIER DER POLNISCHEN LANZENREITER;1
JOUVE;VOLK (4. AKT);1
JOUVE;TRUPPEN;1
EIN VORSTÄDTER;VITRY;1
EIN VORSTÄDTER;SAVOYARDENKNABE;1
EIN VORSTÄDTER;VOLK (1. AKT);1
EIN VORSTÄDTER;EINE ANDERE DAME DER HALLE;1
EIN VORSTÄDTER;SCHNEIDERMEISTER;1
EIN VORSTÄDTER;FRAU DES SCHNEIDERMEISTERS;1
EIN VORSTÄDTER;EIN ÄLTLICHES FRAUENZIMMER;1
EIN VORSTÄDTER;LEUTE VERSCHIEDENEN STANDES;1
EIN VORSTÄDTER;VOLK (3. AKT);2
EIN VORSTÄDTER;EINER AUS DER MASSE;1
EIN VORSTÄDTER;JOUVE;2
EIN VORSTÄDTER;VORSTÄDTER;1
EIN VORSTÄDTER;GÖTTIN DER VERNUNFT;1
EIN VORSTÄDTER;FRAU DES KRÄMERS;1
EIN VORSTÄDTER;SCHILDWACHE;1
EIN VORSTÄDTER;OFFIZIER DER GARDEGRENADIERE ZU FUSS;1
EIN VORSTÄDTER;OFFIZIER DER POLNISCHEN LANZENREITER;1
EIN VORSTÄDTER;HORTENSE;1
GÖTTIN DER VERNUNFT;VITRY;1
GÖTTIN DER VERNUNFT;SAVOYARDENKNABE;1
GÖTTIN DER VERNUNFT;VOLK (1. AKT);1
GÖTTIN DER VERNUNFT;SCHNEIDERMEISTER;1
GÖTTIN DER VERNUNFT;LEUTE VERSCHIEDENEN STANDES;1
GÖTTIN DER VERNUNFT;VOLK (3. AKT);1
GÖTTIN DER VERNUNFT;JOUVE;1
GÖTTIN DER VERNUNFT;VORSTÄDTER;1
EIN HAUPTMANN DER GENSD'ARMES;VITRY;1
EIN HAUPTMANN DER GENSD'ARMES;SAVOYARDENKNABE;1
EIN HAUPTMANN DER GENSD'ARMES;VOLK (1. AKT);1
EIN HAUPTMANN DER GENSD'ARMES;EINE ANDERE DAME DER HALLE;1
EIN HAUPTMANN DER GENSD'ARMES;SCHNEIDERMEISTER;1
EIN HAUPTMANN DER GENSD'ARMES;FRAU DES SCHNEIDERMEISTERS;1
EIN HAUPTMANN DER GENSD'ARMES;EIN ÄLTLICHES FRAUENZIMMER;1
EIN HAUPTMANN DER GENSD'ARMES;LEUTE VERSCHIEDENEN STANDES;1
EIN HAUPTMANN DER GENSD'ARMES;VOLK (3. AKT);1
EIN HAUPTMANN DER GENSD'ARMES;EINER AUS DER MASSE;1
EIN HAUPTMANN DER GENSD'ARMES;EIN NEBENSTEHENDER;1
EIN HAUPTMANN DER GENSD'ARMES;JOUVE;1
EIN HAUPTMANN DER GENSD'ARMES;EIN VORSTÄDTER;1
EIN HAUPTMANN DER GENSD'ARMES;VORSTÄDTER;1
EIN HAUPTMANN DER GENSD'ARMES;GÖTTIN DER VERNUNFT;1
EIN HAUPTMANN DER GENSD'ARMES;EIN KRÄMER;1
EIN HAUPTMANN DER GENSD'ARMES;FRAU DES KRÄMERS;1
EIN ANKOMMENDER;VITRY;1
EIN ANKOMMENDER;SAVOYARDENKNABE;1
EIN ANKOMMENDER;VOLK (1. AKT);1
EIN ANKOMMENDER;EINE ANDERE DAME DER HALLE;1
EIN ANKOMMENDER;SCHNEIDERMEISTER;1
EIN ANKOMMENDER;FRAU DES SCHNEIDERMEISTERS;1
EIN ANKOMMENDER;EIN ÄLTLICHES FRAUENZIMMER;1
EIN ANKOMMENDER;LEUTE VERSCHIEDENEN STANDES;1
EIN ANKOMMENDER;VOLK (3. AKT);1
EIN ANKOMMENDER;EINER AUS DER MASSE;1
EIN ANKOMMENDER;EIN NEBENSTEHENDER;1
EIN ANKOMMENDER;EIN BÜRGER (3. AKT);1
EIN ANKOMMENDER;JOUVE;1
EIN ANKOMMENDER;EIN VORSTÄDTER;1
EIN ANKOMMENDER;VORSTÄDTER;1
EIN ANKOMMENDER;GÖTTIN DER VERNUNFT;1
EIN ANKOMMENDER;EIN HAUPTMANN DER GENSD'ARMES;1
EIN ANKOMMENDER;EIN KRÄMER;1
EIN ANKOMMENDER;FRAU DES KRÄMERS;1
EIN KRÄMER;VITRY;1
EIN KRÄMER;SAVOYARDENKNABE;1
EIN KRÄMER;VOLK (1. AKT);1
EIN KRÄMER;EINE ANDERE DAME DER HALLE;1
EIN KRÄMER;SCHNEIDERMEISTER;1
EIN KRÄMER;FRAU DES SCHNEIDERMEISTERS;1
EIN KRÄMER;EIN ÄLTLICHES FRAUENZIMMER;1
EIN KRÄMER;LEUTE VERSCHIEDENEN STANDES;1
EIN KRÄMER;VOLK (3. AKT);1
EIN KRÄMER;EINER AUS DER MASSE;1
EIN KRÄMER;EIN NEBENSTEHENDER;1
EIN KRÄMER;JOUVE;1
EIN KRÄMER;EIN VORSTÄDTER;1
EIN KRÄMER;VORSTÄDTER;1
EIN KRÄMER;GÖTTIN DER VERNUNFT;1
EIN KRÄMER;FRAU DES KRÄMERS;1
FRAU DES KRÄMERS;VITRY;1
FRAU DES KRÄMERS;SAVOYARDENKNABE;1
FRAU DES KRÄMERS;VOLK (1. AKT);1
FRAU DES KRÄMERS;SCHNEIDERMEISTER;1
FRAU DES KRÄMERS;FRAU DES SCHNEIDERMEISTERS;1
FRAU DES KRÄMERS;LEUTE VERSCHIEDENEN STANDES;1
FRAU DES KRÄMERS;VOLK (3. AKT);1
FRAU DES KRÄMERS;JOUVE;1
FRAU DES KRÄMERS;VORSTÄDTER;1
FRAU DES KRÄMERS;GÖTTIN DER VERNUNFT;1
ALTER GARDEGRENADIER;VOLK (3. AKT);1
ALTER GARDEGRENADIER;EIN BÜRGER (3. AKT);1
ALTER GARDEGRENADIER;EIN ANDRER BÜRGER (3. AKT);1
ALTER GARDEGRENADIER;JOUVE;1
ALTER GARDEGRENADIER;EIN VORSTÄDTER;1
ALTER GARDEGRENADIER;EIN ANDERER ALTER GARDEGRENADIER;1
ALTER GARDEGRENADIER;SCHILDWACHE;1
ALTER GARDEGRENADIER;OFFIZIER DER GARDEGRENADIERE ZU FUSS;1
ALTER GARDEGRENADIER;OFFIZIER DER POLNISCHEN LANZENREITER;1
ALTER GARDEGRENADIER;HORTENSE;1
ALTER GARDEGRENADIER;DIE OFFIZIERE;1
EIN ANDERER ALTER GARDEGRENADIER;VOLK (3. AKT);1
EIN ANDERER ALTER GARDEGRENADIER;EIN BÜRGER (3. AKT);1
EIN ANDERER ALTER GARDEGRENADIER;EIN ANDRER BÜRGER (3. AKT);1
EIN ANDERER ALTER GARDEGRENADIER;JOUVE;1
EIN ANDERER ALTER GARDEGRENADIER;EIN VORSTÄDTER;1
EIN ANDERER ALTER GARDEGRENADIER;SCHILDWACHE;1
EIN ANDERER ALTER GARDEGRENADIER;OFFIZIER DER GARDEGRENADIERE ZU FUSS;1
EIN ANDERER ALTER GARDEGRENADIER;OFFIZIER DER POLNISCHEN LANZENREITER;1
EIN ANDERER ALTER GARDEGRENADIER;HORTENSE;1
SCHILDWACHE;VOLK (3. AKT);1
OFFIZIER DER GARDEGRENADIERE ZU FUSS;VOLK (3. AKT);1
OFFIZIER DER GARDEGRENADIERE ZU FUSS;SCHILDWACHE;1
OFFIZIER DER GARDEGRENADIERE ZU FUSS;OFFIZIER DER POLNISCHEN LANZENREITER;1
OFFIZIER DER POLNISCHEN LANZENREITER;VOLK (3. AKT);1
OFFIZIER DER POLNISCHEN LANZENREITER;SCHILDWACHE;1
HORTENSE;NAPOLEON;2
HORTENSE;OFFIZIER (3. Akt);1
HORTENSE;VOLK (3. AKT);1
HORTENSE;JOUVE;1
HORTENSE;SCHILDWACHE;1
HORTENSE;OFFIZIER DER GARDEGRENADIERE ZU FUSS;1
HORTENSE;OFFIZIER DER POLNISCHEN LANZENREITER;1
DIE OFFIZIERE;VOLK (3. AKT);1
DIE OFFIZIERE;EIN BÜRGER (3. AKT);1
DIE OFFIZIERE;EIN ANDRER BÜRGER (3. AKT);1
DIE OFFIZIERE;JOUVE;1
DIE OFFIZIERE;EIN VORSTÄDTER;1
DIE OFFIZIERE;EIN ANDERER ALTER GARDEGRENADIER;1
DIE OFFIZIERE;SCHILDWACHE;1
DIE OFFIZIERE;OFFIZIER DER GARDEGRENADIERE ZU FUSS;1
DIE OFFIZIERE;OFFIZIER DER POLNISCHEN LANZENREITER;1
DIE OFFIZIERE;HORTENSE;1
EIN OFFIZIER;VITRY;1
EIN OFFIZIER;NAPOLEON;2
EIN OFFIZIER;FOUCHÉ;1
EIN OFFIZIER;OFFIZIER (3. Akt);1
EIN OFFIZIER;HORTENSE;1
EIN OFFIZIER;EINE ORDONNANZ;1
EIN OFFIZIER;EINE ANDERE ORDONNANZ;1
EIN OFFIZIER;SERGEANT;1
EIN OFFIZIER;ERSTER OFFIZIER;1
EIN OFFIZIER;ZWEITER OFFIZIER;1
EIN OFFIZIER;LABÉDOYÈRE;1
EIN OFFIZIER;NEBENSTEHENDE KAMERADEN;1
EIN OFFIZIER;WIEDER EIN GARDIST;1
EIN OFFIZIER;ZWEITER ADJUTANT (4. AKT);1
EIN KAMMERHERR;NAPOLEON;1
EIN KAMMERHERR;FOUCHÉ;1
EIN KAMMERHERR;OFFIZIER (3. Akt);1
EIN KAMMERHERR;HORTENSE;1
EIN KAMMERHERR;EIN OFFIZIER;1
EIN KAMMERHERR;EINE ORDONNANZ;1
EIN KAMMERHERR;EINE ANDERE ORDONNANZ;1
EINE ORDONNANZ;NAPOLEON;1
EINE ORDONNANZ;FOUCHÉ;1
EINE ORDONNANZ;OFFIZIER (3. Akt);1
EINE ORDONNANZ;HORTENSE;1
EINE ANDERE ORDONNANZ;NAPOLEON;1
EINE ANDERE ORDONNANZ;FOUCHÉ;1
EINE ANDERE ORDONNANZ;OFFIZIER (3. Akt);1
EINE ANDERE ORDONNANZ;HORTENSE;1
EINE ANDERE ORDONNANZ;EINE ORDONNANZ;1
DIE SCHREIBENDEN;NAPOLEON;1
DIE SCHREIBENDEN;FOUCHÉ;1
DIE SCHREIBENDEN;OFFIZIER (3. Akt);1
DIE SCHREIBENDEN;HORTENSE;1
DIE SCHREIBENDEN;EIN OFFIZIER;1
DIE SCHREIBENDEN;EIN KAMMERHERR;1
DIE SCHREIBENDEN;EINE ORDONNANZ;1
DIE SCHREIBENDEN;EINE ANDERE ORDONNANZ;1
EIN JUNGE;SAVOYARDENKNABE;1
EIN JUNGE;VOLK (3. AKT);1
EIN JUNGE;JOUVE;1
EIN JUNGE;VOLK (4. AKT);1
EIN JUNGE;EINE DAME;1
EIN JUNGE;TRUPPEN;1
EINE DAME;SAVOYARDENKNABE;1
EINE DAME;VOLK (3. AKT);1
EINE DAME;JOUVE;1
EINE DAME;VOLK (4. AKT);1
EINE DAME;TRUPPEN;1
TRUPPEN;VOLK (3. AKT);1
TRUPPEN;VOLK (4. AKT);1
ERSTER PIQUEUR;ZWEITER PIQUEUR;1
ERSTER PIQUEUR;OBERSTALLMEISTER;1
DRITTER PIQUEUR;ERSTER PIQUEUR;1
DRITTER PIQUEUR;ZWEITER PIQUEUR;1
DRITTER PIQUEUR;OBERSTALLMEISTER;1
OBERSTALLMEISTER;ZWEITER PIQUEUR;1
FELDWEBEL;SCHLESIER;1
FELDWEBEL;GNEISENAU;2
BLÜCHER;NAPOLEON;1
BLÜCHER;CAMBRONNE;1
BLÜCHER;FELDWEBEL;2
BLÜCHER;SCHLESIER;1
BLÜCHER;GNEISENAU;3
BLÜCHER;EIN ZIETHENSCHER HUSAR;1
BLÜCHER;EIN BERLINER FREIWILLIGER;2
BLÜCHER;EIN ZWEITER BERLINER FREIWILLIGER;1
BLÜCHER;DIE HUSAREN;1
BLÜCHER;DER MAJOR;1
BLÜCHER;ERSTER JÄGER;1
BLÜCHER;VIERTER JÄGER;1
BLÜCHER;DRITTER JÄGER;1
BLÜCHER;ZWEITER JÄGER;1
BLÜCHER;SECHSTER JÄGER;1
BLÜCHER;FÜNFTER JÄGER;1
BLÜCHER;MARKETENDERIN;1
BLÜCHER;DIE JÄGER;1
BLÜCHER;DER UNTEROFFIZIER;1
BLÜCHER;BOURMONT;1
BLÜCHER;HERZOG VON WELLINGTON;1
BLÜCHER;DER TRAINKNECHT EINER KANONE;1
BLÜCHER;DER OSTPREUSSISCHE FELDWEBEL;1
BLÜCHER;EPHRAIM;1
BLÜCHER;BÜLOW;1
BLÜCHER;EIN HERANSPRENGENDER ADJUTANT;1
BLÜCHER;EIN ENGLISCHER DRAGONEROFFIZIER;1
BLÜCHER;ENGLISCHE REITEREI;1
BLÜCHER;PREUSSISCHE REITEREI;1
BLÜCHER;DIE GRANITKOLONNE;1
GNEISENAU;NAPOLEON;1
GNEISENAU;SCHLESIER;1
GNEISENAU;HERZOG VON WELLINGTON;1
GNEISENAU;PREUSSISCHE REITEREI;1
EIN ZIETHENSCHER HUSAR;FELDWEBEL;1
EIN ZIETHENSCHER HUSAR;SCHLESIER;1
EIN ZIETHENSCHER HUSAR;GNEISENAU;1
EIN ZIETHENSCHER HUSAR;EIN ZWEITER BERLINER FREIWILLIGER;1
EIN BERLINER FREIWILLIGER;FELDWEBEL;2
EIN BERLINER FREIWILLIGER;SCHLESIER;1
EIN BERLINER FREIWILLIGER;GNEISENAU;2
EIN BERLINER FREIWILLIGER;EIN ZIETHENSCHER HUSAR;1
EIN BERLINER FREIWILLIGER;EIN ZWEITER BERLINER FREIWILLIGER;1
EIN BERLINER FREIWILLIGER;EPHRAIM;1
EIN BERLINER FREIWILLIGER;EIN HERANSPRENGENDER ADJUTANT;1
EIN ZWEITER BERLINER FREIWILLIGER;FELDWEBEL;1
EIN ZWEITER BERLINER FREIWILLIGER;SCHLESIER;1
EIN ZWEITER BERLINER FREIWILLIGER;GNEISENAU;1
DIE HUSAREN;FELDWEBEL;1
DIE HUSAREN;SCHLESIER;1
DIE HUSAREN;GNEISENAU;1
DIE HUSAREN;EIN ZIETHENSCHER HUSAR;1
DIE HUSAREN;EIN BERLINER FREIWILLIGER;1
DIE HUSAREN;EIN ZWEITER BERLINER FREIWILLIGER;1
DER MAJOR;ERSTER JÄGER;1
DER MAJOR;VIERTER JÄGER;1
DER MAJOR;DRITTER JÄGER;1
DER MAJOR;ZWEITER JÄGER;1
DER MAJOR;SECHSTER JÄGER;1
DER MAJOR;FÜNFTER JÄGER;1
DER MAJOR;MARKETENDERIN;1
DER MAJOR;DIE JÄGER;1
DER MAJOR;DER UNTEROFFIZIER;1
ERSTER JÄGER;VIERTER JÄGER;1
ERSTER JÄGER;ZWEITER JÄGER;1
ERSTER JÄGER;SECHSTER JÄGER;1
ERSTER JÄGER;FÜNFTER JÄGER;1
ERSTER JÄGER;MARKETENDERIN;1
VIERTER JÄGER;ZWEITER JÄGER;1
DRITTER JÄGER;ERSTER JÄGER;1
DRITTER JÄGER;VIERTER JÄGER;1
DRITTER JÄGER;ZWEITER JÄGER;1
DRITTER JÄGER;SECHSTER JÄGER;1
DRITTER JÄGER;FÜNFTER JÄGER;1
DRITTER JÄGER;MARKETENDERIN;1
SECHSTER JÄGER;VIERTER JÄGER;1
SECHSTER JÄGER;ZWEITER JÄGER;1
FÜNFTER JÄGER;VIERTER JÄGER;1
FÜNFTER JÄGER;ZWEITER JÄGER;1
FÜNFTER JÄGER;SECHSTER JÄGER;1
FÜNFTER JÄGER;MARKETENDERIN;1
MARKETENDERIN;VIERTER JÄGER;1
MARKETENDERIN;ZWEITER JÄGER;1
MARKETENDERIN;SECHSTER JÄGER;1
DIE JÄGER;ERSTER JÄGER;1
DIE JÄGER;VIERTER JÄGER;1
DIE JÄGER;DRITTER JÄGER;1
DIE JÄGER;ZWEITER JÄGER;1
DIE JÄGER;SECHSTER JÄGER;1
DIE JÄGER;FÜNFTER JÄGER;1
DIE JÄGER;MARKETENDERIN;1
DER UNTEROFFIZIER;ERSTER JÄGER;1
DER UNTEROFFIZIER;VIERTER JÄGER;1
DER UNTEROFFIZIER;DRITTER JÄGER;1
DER UNTEROFFIZIER;ZWEITER JÄGER;1
DER UNTEROFFIZIER;SECHSTER JÄGER;1
DER UNTEROFFIZIER;FÜNFTER JÄGER;1
DER UNTEROFFIZIER;MARKETENDERIN;1
DER UNTEROFFIZIER;DIE JÄGER;1
BOURMONT;DER MAJOR;1
BOURMONT;ERSTER JÄGER;1
BOURMONT;VIERTER JÄGER;1
BOURMONT;DRITTER JÄGER;1
BOURMONT;ZWEITER JÄGER;1
BOURMONT;SECHSTER JÄGER;1
BOURMONT;FÜNFTER JÄGER;1
BOURMONT;MARKETENDERIN;1
BOURMONT;DIE JÄGER;1
BOURMONT;DER UNTEROFFIZIER;1
SERGEANT;VITRY;1
SERGEANT;ZWEITER OFFIZIER;1
SERGEANT;WIEDER EIN GARDIST;1
SERGEANT;ZWEITER ADJUTANT (4. AKT);1
EIN KAPITÄN DER VOLTIGEURS;VITRY;1
EIN KAPITÄN DER VOLTIGEURS;NAPOLEON;1
EIN KAPITÄN DER VOLTIGEURS;EIN OFFIZIER;1
EIN KAPITÄN DER VOLTIGEURS;SERGEANT;1
EIN KAPITÄN DER VOLTIGEURS;ERSTER OFFIZIER;1
EIN KAPITÄN DER VOLTIGEURS;ZWEITER OFFIZIER;1
EIN KAPITÄN DER VOLTIGEURS;LABÉDOYÈRE;1
EIN KAPITÄN DER VOLTIGEURS;NEBENSTEHENDE KAMERADEN;1
EIN KAPITÄN DER VOLTIGEURS;WIEDER EIN GARDIST;1
EIN KAPITÄN DER VOLTIGEURS;ZWEITER ADJUTANT (4. AKT);1
ERSTER OFFIZIER;VITRY;1
ERSTER OFFIZIER;NAPOLEON;1
ERSTER OFFIZIER;SERGEANT;1
ERSTER OFFIZIER;ZWEITER OFFIZIER;1
ERSTER OFFIZIER;LABÉDOYÈRE;1
ERSTER OFFIZIER;NEBENSTEHENDE KAMERADEN;1
ERSTER OFFIZIER;WIEDER EIN GARDIST;1
ERSTER OFFIZIER;ZWEITER ADJUTANT (4. AKT);1
DRITTER OFFIZIER;VITRY;1
DRITTER OFFIZIER;NAPOLEON;1
DRITTER OFFIZIER;EIN OFFIZIER;1
DRITTER OFFIZIER;SERGEANT;1
DRITTER OFFIZIER;EIN KAPITÄN DER VOLTIGEURS;1
DRITTER OFFIZIER;ERSTER OFFIZIER;1
DRITTER OFFIZIER;ZWEITER OFFIZIER;1
DRITTER OFFIZIER;EIN IN DER FERNE IN DIE SCHLACHTLINIE RÜCKENDES REGIMENT;1
DRITTER OFFIZIER;LABÉDOYÈRE;1
DRITTER OFFIZIER;DROUOT;1
DRITTER OFFIZIER;EIN FLÜGELADJUTANT;1
DRITTER OFFIZIER;EIN FUSSGARDIST;1
DRITTER OFFIZIER;NEBENSTEHENDE KAMERADEN;1
DRITTER OFFIZIER;WIEDER EIN GARDIST;1
DRITTER OFFIZIER;EIN ADJUTANT (4. AKT);1
DRITTER OFFIZIER;ZWEITER ADJUTANT (4. AKT);1
DRITTER OFFIZIER;EIN ANDERER OFFIZIER;1
EIN IN DER FERNE IN DIE SCHLACHTLINIE RÜCKENDES REGIMENT;VITRY;1
EIN IN DER FERNE IN DIE SCHLACHTLINIE RÜCKENDES REGIMENT;NAPOLEON;1
EIN IN DER FERNE IN DIE SCHLACHTLINIE RÜCKENDES REGIMENT;EIN OFFIZIER;1
EIN IN DER FERNE IN DIE SCHLACHTLINIE RÜCKENDES REGIMENT;SERGEANT;1
EIN IN DER FERNE IN DIE SCHLACHTLINIE RÜCKENDES REGIMENT;EIN KAPITÄN DER VOLTIGEURS;1
EIN IN DER FERNE IN DIE SCHLACHTLINIE RÜCKENDES REGIMENT;ERSTER OFFIZIER;1
EIN IN DER FERNE IN DIE SCHLACHTLINIE RÜCKENDES REGIMENT;ZWEITER OFFIZIER;1
EIN IN DER FERNE IN DIE SCHLACHTLINIE RÜCKENDES REGIMENT;LABÉDOYÈRE;1
EIN IN DER FERNE IN DIE SCHLACHTLINIE RÜCKENDES REGIMENT;NEBENSTEHENDE KAMERADEN;1
EIN IN DER FERNE IN DIE SCHLACHTLINIE RÜCKENDES REGIMENT;WIEDER EIN GARDIST;1
EIN IN DER FERNE IN DIE SCHLACHTLINIE RÜCKENDES REGIMENT;ZWEITER ADJUTANT (4. AKT);1
LABÉDOYÈRE;VITRY;1
LABÉDOYÈRE;NAPOLEON;1
LABÉDOYÈRE;SERGEANT;1
LABÉDOYÈRE;ZWEITER OFFIZIER;1
LABÉDOYÈRE;NEBENSTEHENDE KAMERADEN;1
LABÉDOYÈRE;WIEDER EIN GARDIST;1
LABÉDOYÈRE;ZWEITER ADJUTANT (4. AKT);1
DROUOT;VITRY;1
DROUOT;NAPOLEON;1
DROUOT;EIN OFFIZIER;1
DROUOT;SERGEANT;1
DROUOT;EIN KAPITÄN DER VOLTIGEURS;1
DROUOT;ERSTER OFFIZIER;1
DROUOT;ZWEITER OFFIZIER;1
DROUOT;EIN IN DER FERNE IN DIE SCHLACHTLINIE RÜCKENDES REGIMENT;1
DROUOT;LABÉDOYÈRE;1
DROUOT;EIN FLÜGELADJUTANT;1
DROUOT;EIN FUSSGARDIST;1
DROUOT;NEBENSTEHENDE KAMERADEN;1
DROUOT;WIEDER EIN GARDIST;1
DROUOT;EIN ADJUTANT (4. AKT);1
DROUOT;ZWEITER ADJUTANT (4. AKT);1
DROUOT;EIN ANDERER OFFIZIER;1
ADJUTANTEN;VITRY;1
ADJUTANTEN;CHASSECOEUR;1
ADJUTANTEN;NAPOLEON;1
ADJUTANTEN;BERTRAND;1
ADJUTANTEN;CAMBRONNE;1
ADJUTANTEN;EIN OFFIZIER;1
ADJUTANTEN;SERGEANT;1
ADJUTANTEN;EIN KAPITÄN DER VOLTIGEURS;1
ADJUTANTEN;ERSTER OFFIZIER;1
ADJUTANTEN;ZWEITER OFFIZIER;1
ADJUTANTEN;DRITTER OFFIZIER;1
ADJUTANTEN;EIN IN DER FERNE IN DIE SCHLACHTLINIE RÜCKENDES REGIMENT;1
ADJUTANTEN;LABÉDOYÈRE;1
ADJUTANTEN;DROUOT;1
ADJUTANTEN;EIN FLÜGELADJUTANT;1
ADJUTANTEN;EIN FUSSGARDIST;1
ADJUTANTEN;NEBENSTEHENDE KAMERADEN;1
ADJUTANTEN;WIEDER EIN GARDIST;1
ADJUTANTEN;DAS HEER;1
ADJUTANTEN;EIN ADJUTANT (4. AKT);1
ADJUTANTEN;ZWEITER ADJUTANT (4. AKT);1
ADJUTANTEN;EIN ANDERER OFFIZIER;1
ADJUTANTEN;DER HERANSPRENGENDE ADJUTANT;1
ADJUTANTEN;DIE OFFIZIERE DER GARDE;1
ADJUTANTEN;DIE GARDE;1
ADJUTANTEN;HERZOG VON WELLINGTON;1
ADJUTANTEN;EIN ENGLISCHER OFFIZIER;1
ADJUTANTEN;LORD SOMERSET;1
ADJUTANTEN;VERSPRENGTE ENGLISCHE DRAGONER;1
ADJUTANTEN;MILHAUD;1
ADJUTANTEN;DIE KÜRASSIERE;1
ADJUTANTEN;EINER DER KÜRASSIERE;1
ADJUTANTEN;ENGLISCHER FAHNENTRÄGER;1
ADJUTANTEN;EIN OFFIZIER DES GENERALSTABES;1
EIN FLÜGELADJUTANT;VITRY;1
EIN FLÜGELADJUTANT;NAPOLEON;1
EIN FLÜGELADJUTANT;EIN OFFIZIER;1
EIN FLÜGELADJUTANT;SERGEANT;1
EIN FLÜGELADJUTANT;EIN KAPITÄN DER VOLTIGEURS;1
EIN FLÜGELADJUTANT;ERSTER OFFIZIER;1
EIN FLÜGELADJUTANT;ZWEITER OFFIZIER;1
EIN FLÜGELADJUTANT;EIN IN DER FERNE IN DIE SCHLACHTLINIE RÜCKENDES REGIMENT;1
EIN FLÜGELADJUTANT;LABÉDOYÈRE;1
EIN FLÜGELADJUTANT;EIN FUSSGARDIST;1
EIN FLÜGELADJUTANT;NEBENSTEHENDE KAMERADEN;1
EIN FLÜGELADJUTANT;WIEDER EIN GARDIST;1
EIN FLÜGELADJUTANT;ZWEITER ADJUTANT (4. AKT);1
EIN FUSSGARDIST;VITRY;1
EIN FUSSGARDIST;NAPOLEON;1
EIN FUSSGARDIST;EIN OFFIZIER;1
EIN FUSSGARDIST;SERGEANT;1
EIN FUSSGARDIST;EIN KAPITÄN DER VOLTIGEURS;1
EIN FUSSGARDIST;ERSTER OFFIZIER;1
EIN FUSSGARDIST;ZWEITER OFFIZIER;1
EIN FUSSGARDIST;EIN IN DER FERNE IN DIE SCHLACHTLINIE RÜCKENDES REGIMENT;1
EIN FUSSGARDIST;LABÉDOYÈRE;1
EIN FUSSGARDIST;NEBENSTEHENDE KAMERADEN;1
EIN FUSSGARDIST;WIEDER EIN GARDIST;1
EIN FUSSGARDIST;ZWEITER ADJUTANT (4. AKT);1
NEBENSTEHENDE KAMERADEN;VITRY;1
NEBENSTEHENDE KAMERADEN;SERGEANT;1
NEBENSTEHENDE KAMERADEN;ZWEITER OFFIZIER;1
NEBENSTEHENDE KAMERADEN;WIEDER EIN GARDIST;1
NEBENSTEHENDE KAMERADEN;ZWEITER ADJUTANT (4. AKT);1
WIEDER EIN GARDIST;ZWEITER OFFIZIER;1
WIEDER EIN GARDIST;ZWEITER ADJUTANT (4. AKT);1
DAS HEER;VITRY;1
DAS HEER;NAPOLEON;1
DAS HEER;EIN OFFIZIER;1
DAS HEER;SERGEANT;1
DAS HEER;EIN KAPITÄN DER VOLTIGEURS;1
DAS HEER;ERSTER OFFIZIER;1
DAS HEER;ZWEITER OFFIZIER;1
DAS HEER;DRITTER OFFIZIER;1
DAS HEER;EIN IN DER FERNE IN DIE SCHLACHTLINIE RÜCKENDES REGIMENT;1
DAS HEER;LABÉDOYÈRE;1
DAS HEER;DROUOT;1
DAS HEER;EIN FLÜGELADJUTANT;1
DAS HEER;EIN FUSSGARDIST;1
DAS HEER;NEBENSTEHENDE KAMERADEN;1
DAS HEER;WIEDER EIN GARDIST;1
DAS HEER;EIN ADJUTANT (4. AKT);1
DAS HEER;ZWEITER ADJUTANT (4. AKT);1
DAS HEER;EIN ANDERER OFFIZIER;1
DAS HEER;DER HERANSPRENGENDE ADJUTANT;1
DAS HEER;DIE OFFIZIERE DER GARDE;1
DAS HEER;DIE GARDE;1
EIN ADJUTANT (4. AKT);VITRY;1
EIN ADJUTANT (4. AKT);NAPOLEON;1
EIN ADJUTANT (4. AKT);EIN OFFIZIER;1
EIN ADJUTANT (4. AKT);SERGEANT;1
EIN ADJUTANT (4. AKT);EIN KAPITÄN DER VOLTIGEURS;1
EIN ADJUTANT (4. AKT);ERSTER OFFIZIER;1
EIN ADJUTANT (4. AKT);ZWEITER OFFIZIER;1
EIN ADJUTANT (4. AKT);EIN IN DER FERNE IN DIE SCHLACHTLINIE RÜCKENDES REGIMENT;1
EIN ADJUTANT (4. AKT);LABÉDOYÈRE;1
EIN ADJUTANT (4. AKT);EIN FLÜGELADJUTANT;1
EIN ADJUTANT (4. AKT);EIN FUSSGARDIST;1
EIN ADJUTANT (4. AKT);NEBENSTEHENDE KAMERADEN;1
EIN ADJUTANT (4. AKT);WIEDER EIN GARDIST;1
EIN ADJUTANT (4. AKT);ZWEITER ADJUTANT (4. AKT);1
EIN ADJUTANT (4. AKT);EIN ANDERER OFFIZIER;1
ZWEITER ADJUTANT (4. AKT);ZWEITER OFFIZIER;1
EIN ANDERER OFFIZIER;VITRY;1
EIN ANDERER OFFIZIER;NAPOLEON;1
EIN ANDERER OFFIZIER;EIN OFFIZIER;1
EIN ANDERER OFFIZIER;SERGEANT;1
EIN ANDERER OFFIZIER;EIN KAPITÄN DER VOLTIGEURS;1
EIN ANDERER OFFIZIER;ERSTER OFFIZIER;1
EIN ANDERER OFFIZIER;ZWEITER OFFIZIER;1
EIN ANDERER OFFIZIER;EIN IN DER FERNE IN DIE SCHLACHTLINIE RÜCKENDES REGIMENT;1
EIN ANDERER OFFIZIER;LABÉDOYÈRE;1
EIN ANDERER OFFIZIER;EIN FLÜGELADJUTANT;1
EIN ANDERER OFFIZIER;EIN FUSSGARDIST;1
EIN ANDERER OFFIZIER;NEBENSTEHENDE KAMERADEN;1
EIN ANDERER OFFIZIER;WIEDER EIN GARDIST;1
EIN ANDERER OFFIZIER;ZWEITER ADJUTANT (4. AKT);1
DER HERANSPRENGENDE ADJUTANT;VITRY;1
DER HERANSPRENGENDE ADJUTANT;NAPOLEON;1
DER HERANSPRENGENDE ADJUTANT;EIN OFFIZIER;1
DER HERANSPRENGENDE ADJUTANT;SERGEANT;1
DER HERANSPRENGENDE ADJUTANT;EIN KAPITÄN DER VOLTIGEURS;1
DER HERANSPRENGENDE ADJUTANT;ERSTER OFFIZIER;1
DER HERANSPRENGENDE ADJUTANT;ZWEITER OFFIZIER;1
DER HERANSPRENGENDE ADJUTANT;DRITTER OFFIZIER;1
DER HERANSPRENGENDE ADJUTANT;EIN IN DER FERNE IN DIE SCHLACHTLINIE RÜCKENDES REGIMENT;1
DER HERANSPRENGENDE ADJUTANT;LABÉDOYÈRE;1
DER HERANSPRENGENDE ADJUTANT;DROUOT;1
DER HERANSPRENGENDE ADJUTANT;EIN FLÜGELADJUTANT;1
DER HERANSPRENGENDE ADJUTANT;EIN FUSSGARDIST;1
DER HERANSPRENGENDE ADJUTANT;NEBENSTEHENDE KAMERADEN;1
DER HERANSPRENGENDE ADJUTANT;WIEDER EIN GARDIST;1
DER HERANSPRENGENDE ADJUTANT;EIN ADJUTANT (4. AKT);1
DER HERANSPRENGENDE ADJUTANT;ZWEITER ADJUTANT (4. AKT);1
DER HERANSPRENGENDE ADJUTANT;EIN ANDERER OFFIZIER;1
DER HERANSPRENGENDE ADJUTANT;DIE OFFIZIERE DER GARDE;1
DER HERANSPRENGENDE ADJUTANT;DIE GARDE;1
DIE OFFIZIERE DER GARDE;VITRY;1
DIE OFFIZIERE DER GARDE;NAPOLEON;1
DIE OFFIZIERE DER GARDE;EIN OFFIZIER;1
DIE OFFIZIERE DER GARDE;SERGEANT;1
DIE OFFIZIERE DER GARDE;EIN KAPITÄN DER VOLTIGEURS;1
DIE OFFIZIERE DER GARDE;ERSTER OFFIZIER;1
DIE OFFIZIERE DER GARDE;ZWEITER OFFIZIER;1
DIE OFFIZIERE DER GARDE;DRITTER OFFIZIER;1
DIE OFFIZIERE DER GARDE;EIN IN DER FERNE IN DIE SCHLACHTLINIE RÜCKENDES REGIMENT;1
DIE OFFIZIERE DER GARDE;LABÉDOYÈRE;1
DIE OFFIZIERE DER GARDE;DROUOT;1
DIE OFFIZIERE DER GARDE;EIN FLÜGELADJUTANT;1
DIE OFFIZIERE DER GARDE;EIN FUSSGARDIST;1
DIE OFFIZIERE DER GARDE;NEBENSTEHENDE KAMERADEN;1
DIE OFFIZIERE DER GARDE;WIEDER EIN GARDIST;1
DIE OFFIZIERE DER GARDE;EIN ADJUTANT (4. AKT);1
DIE OFFIZIERE DER GARDE;ZWEITER ADJUTANT (4. AKT);1
DIE OFFIZIERE DER GARDE;EIN ANDERER OFFIZIER;1
DIE GARDE;VITRY;1
DIE GARDE;NAPOLEON;2
DIE GARDE;EIN OFFIZIER;1
DIE GARDE;SERGEANT;1
DIE GARDE;EIN KAPITÄN DER VOLTIGEURS;1
DIE GARDE;ERSTER OFFIZIER;1
DIE GARDE;ZWEITER OFFIZIER;1
DIE GARDE;DRITTER OFFIZIER;1
DIE GARDE;EIN IN DER FERNE IN DIE SCHLACHTLINIE RÜCKENDES REGIMENT;1
DIE GARDE;LABÉDOYÈRE;1
DIE GARDE;DROUOT;1
DIE GARDE;EIN FLÜGELADJUTANT;1
DIE GARDE;EIN FUSSGARDIST;1
DIE GARDE;NEBENSTEHENDE KAMERADEN;1
DIE GARDE;WIEDER EIN GARDIST;1
DIE GARDE;EIN ADJUTANT (4. AKT);1
DIE GARDE;ZWEITER ADJUTANT (4. AKT);1
DIE GARDE;EIN ANDERER OFFIZIER;1
DIE GARDE;DIE OFFIZIERE DER GARDE;1
DIE GARDE;EIN HERANSPRENGENDER ADJUTANT;1
DIE GARDE;MILHAUD;1
DIE GARDE;PÄCHTER LACOSTE;1
DIE GARDE;EIN OFFIZIER DER GARDEGRENADIERE ZU PFERDE;1
DIE GARDE;EIN ANDERER OFFIZIER DER GARDEGRENADIERE ZU PFERDE;1
DIE GARDE;EIN OFFIZIER DER SUITE;1
DIE GARDE;EIN ADJUTANT (5. AKT);1
DIE GARDE;DRITTER ADJUTANT (5. AKT);1
DIE GARDE;ZWEITER ADJUTANT (5. AKT);1
DIE GARDE;EIN ANKOMMENDER ADJUTANT;1
DIE GARDE;GARDEMUSIK;1
DIE GARDE;EINER DER GARDEHOBOISTEN;1
HERZOG VON BRAUNSCHWEIG;VOLK (5. AKT);1
HERZOG VON BRAUNSCHWEIG;SCHWARZER BECKER;1
HERZOG VON BRAUNSCHWEIG;HERZOG VON WELLINGTON;1
HERZOG VON BRAUNSCHWEIG;HERZOGIN VON CHIMAY;1
HERZOG VON BRAUNSCHWEIG;ZWEITER AUFWÄRTER;1
SCHWARZER BECKER;VOLK (5. AKT);1
SCHWARZER BECKER;ZWEITER AUFWÄRTER;1
EIN ENGLISCHER ARTILLERIEOBRIST;VOLK (5. AKT);1
EIN ENGLISCHER ARTILLERIEOBRIST;HERZOG VON BRAUNSCHWEIG;1
EIN ENGLISCHER ARTILLERIEOBRIST;SCHWARZER BECKER;1
EIN ENGLISCHER ARTILLERIEOBRIST;HERZOG VON WELLINGTON;1
EIN ENGLISCHER ARTILLERIEOBRIST;HERZOGIN VON CHIMAY;1
EIN ENGLISCHER ARTILLERIEOBRIST;ERSTER PREUSSISCHER ADJUTANT;1
EIN ENGLISCHER ARTILLERIEOBRIST;EIN ENGLISCHER OFFIZIER;1
EIN ENGLISCHER ARTILLERIEOBRIST;ERSTER AUFWÄRTER;1
EIN ENGLISCHER ARTILLERIEOBRIST;ZWEITER AUFWÄRTER;1
ADELINE;VOLK (5. AKT);1
ADELINE;HERZOG VON BRAUNSCHWEIG;1
ADELINE;SCHWARZER BECKER;1
ADELINE;EIN ENGLISCHER ARTILLERIEOBRIST;1
ADELINE;HERZOG VON WELLINGTON;1
ADELINE;HERZOGIN VON CHIMAY;1
ADELINE;ERSTER PREUSSISCHER ADJUTANT;1
ADELINE;EIN ENGLISCHER OFFIZIER;1
ADELINE;DIE HOCHLÄNDISCHEN REGIMENTER;1
ADELINE;ERSTER AUFWÄRTER;1
ADELINE;ZWEITER AUFWÄRTER;1
HERZOG VON WELLINGTON;VOLK (5. AKT);1
HERZOG VON WELLINGTON;NAPOLEON;1
HERZOG VON WELLINGTON;SCHWARZER BECKER;1
HERZOG VON WELLINGTON;HERZOGIN VON CHIMAY;1
HERZOG VON WELLINGTON;ZWEITER AUFWÄRTER;1
HERZOG VON WELLINGTON;LORD SOMERSET;1
HERZOG VON WELLINGTON;VERSPRENGTE ENGLISCHE DRAGONER;1
HERZOG VON WELLINGTON;MILHAUD;1
HERZOG VON WELLINGTON;PREUSSISCHE REITEREI;1
HERZOGIN VON CHIMAY;VOLK (5. AKT);1
HERZOGIN VON CHIMAY;SCHWARZER BECKER;1
HERZOGIN VON CHIMAY;ZWEITER AUFWÄRTER;1
ERSTER PREUSSISCHER ADJUTANT;VOLK (5. AKT);1
ERSTER PREUSSISCHER ADJUTANT;HERZOG VON BRAUNSCHWEIG;1
ERSTER PREUSSISCHER ADJUTANT;SCHWARZER BECKER;1
ERSTER PREUSSISCHER ADJUTANT;HERZOG VON WELLINGTON;1
ERSTER PREUSSISCHER ADJUTANT;HERZOGIN VON CHIMAY;1
ERSTER PREUSSISCHER ADJUTANT;ZWEITER AUFWÄRTER;1
EIN ENGLISCHER OFFIZIER;VOLK (5. AKT);1
EIN ENGLISCHER OFFIZIER;HERZOG VON BRAUNSCHWEIG;1
EIN ENGLISCHER OFFIZIER;SCHWARZER BECKER;1
EIN ENGLISCHER OFFIZIER;HERZOG VON WELLINGTON;2
EIN ENGLISCHER OFFIZIER;HERZOGIN VON CHIMAY;1
EIN ENGLISCHER OFFIZIER;ERSTER PREUSSISCHER ADJUTANT;1
EIN ENGLISCHER OFFIZIER;ERSTER AUFWÄRTER;1
EIN ENGLISCHER OFFIZIER;ZWEITER AUFWÄRTER;1
EIN ENGLISCHER OFFIZIER;LORD SOMERSET;1
EIN ENGLISCHER OFFIZIER;VERSPRENGTE ENGLISCHE DRAGONER;1
EIN ENGLISCHER OFFIZIER;MILHAUD;1
EIN ENGLISCHER OFFIZIER;EINER DER KÜRASSIERE;1
EIN ENGLISCHER OFFIZIER;ENGLISCHER FAHNENTRÄGER;1
EIN ENGLISCHER OFFIZIER;EIN OFFIZIER DES GENERALSTABES;1
DIE HOCHLÄNDISCHEN REGIMENTER;VOLK (5. AKT);1
DIE HOCHLÄNDISCHEN REGIMENTER;HERZOG VON BRAUNSCHWEIG;1
DIE HOCHLÄNDISCHEN REGIMENTER;SCHWARZER BECKER;1
DIE HOCHLÄNDISCHEN REGIMENTER;EIN ENGLISCHER ARTILLERIEOBRIST;1
DIE HOCHLÄNDISCHEN REGIMENTER;HERZOG VON WELLINGTON;1
DIE HOCHLÄNDISCHEN REGIMENTER;HERZOGIN VON CHIMAY;1
DIE HOCHLÄNDISCHEN REGIMENTER;ERSTER PREUSSISCHER ADJUTANT;1
DIE HOCHLÄNDISCHEN REGIMENTER;EIN ENGLISCHER OFFIZIER;1
DIE HOCHLÄNDISCHEN REGIMENTER;ERSTER AUFWÄRTER;1
DIE HOCHLÄNDISCHEN REGIMENTER;ZWEITER AUFWÄRTER;1
ERSTER AUFWÄRTER;VOLK (5. AKT);1
ERSTER AUFWÄRTER;HERZOG VON BRAUNSCHWEIG;1
ERSTER AUFWÄRTER;SCHWARZER BECKER;1
ERSTER AUFWÄRTER;HERZOG VON WELLINGTON;1
ERSTER AUFWÄRTER;HERZOGIN VON CHIMAY;1
ERSTER AUFWÄRTER;ERSTER PREUSSISCHER ADJUTANT;1
ERSTER AUFWÄRTER;ZWEITER AUFWÄRTER;1
DER TRAINKNECHT EINER KANONE;FELDWEBEL;1
DER TRAINKNECHT EINER KANONE;GNEISENAU;1
DER TRAINKNECHT EINER KANONE;EIN BERLINER FREIWILLIGER;1
DER TRAINKNECHT EINER KANONE;EPHRAIM;1
DER TRAINKNECHT EINER KANONE;EIN HERANSPRENGENDER ADJUTANT;1
DER OSTPREUSSISCHE FELDWEBEL;FELDWEBEL;1
DER OSTPREUSSISCHE FELDWEBEL;GNEISENAU;1
DER OSTPREUSSISCHE FELDWEBEL;EIN BERLINER FREIWILLIGER;1
DER OSTPREUSSISCHE FELDWEBEL;DER TRAINKNECHT EINER KANONE;1
DER OSTPREUSSISCHE FELDWEBEL;EPHRAIM;1
DER OSTPREUSSISCHE FELDWEBEL;EIN HERANSPRENGENDER ADJUTANT;1
EPHRAIM;FELDWEBEL;1
EPHRAIM;GNEISENAU;1
BÜLOW;NAPOLEON;1
BÜLOW;FELDWEBEL;1
BÜLOW;GNEISENAU;1
BÜLOW;EIN BERLINER FREIWILLIGER;1
BÜLOW;DER TRAINKNECHT EINER KANONE;1
BÜLOW;DER OSTPREUSSISCHE FELDWEBEL;1
BÜLOW;EPHRAIM;1
BÜLOW;EIN HERANSPRENGENDER ADJUTANT;1
BÜLOW;LOBAU;1
BÜLOW;ZIETHEN;1
BÜLOW;EINE MASSE FRANZÖSISCHER REITER;1
BÜLOW;EINE MASSE FRANZÖSISCHER INFANTERIE;1
BÜLOW;EINE MASSE FRANZÖSISCHER REITTENDER ARTILLERIE;1
BÜLOW;EIN FRANZÖSISCHER INFANTERIEOFFIZIER;1
EIN HERANSPRENGENDER ADJUTANT;NAPOLEON;1
EIN HERANSPRENGENDER ADJUTANT;FELDWEBEL;1
EIN HERANSPRENGENDER ADJUTANT;GNEISENAU;1
EIN HERANSPRENGENDER ADJUTANT;EPHRAIM;1
EIN HERANSPRENGENDER ADJUTANT;MILHAUD;1
EIN HERANSPRENGENDER ADJUTANT;PÄCHTER LACOSTE;1
EIN HERANSPRENGENDER ADJUTANT;EIN OFFIZIER DER GARDEGRENADIERE ZU PFERDE;1
EIN HERANSPRENGENDER ADJUTANT;EIN OFFIZIER DER SUITE;1
EIN HERANSPRENGENDER ADJUTANT;ZWEITER ADJUTANT (5. AKT);1
EIN HERANSPRENGENDER ADJUTANT;GARDEMUSIK;1
EIN HERANSPRENGENDER ADJUTANT;EINER DER GARDEHOBOISTEN;1
EIN ENGLISCHER JÄGER;SERGEANT;1
EIN ENGLISCHER JÄGER;EIN SERGEANT DER ENGLISCHEN JÄGER;1
EIN ENGLISCHER JÄGER;JAMES;1
EIN ENGLISCHER JÄGER;EIN HAUPTMANN DER HANNOVERISCHEN SCHARFSCHÜTZEN;1
EIN ENGLISCHER JÄGER;FRITZ;1
EIN ENGLISCHER JÄGER;EIN FRANZÖSISCHER HAUPTMANN;1
EIN ENGLISCHER JÄGER;EIN ENGLISCHER LINIENSOLDAT;1
EIN ENGLISCHER JÄGER;EIN FRANZÖSISCHER SOLDAT;1
EIN ENGLISCHER JÄGER;FRANZÖSISCHE ADJUTANTEN;1
EIN ENGLISCHER JÄGER;EIN ENGLISCHER OBRIST;1
EIN SERGEANT DER ENGLISCHEN JÄGER;SERGEANT;1
EIN SERGEANT DER ENGLISCHEN JÄGER;JAMES;1
EIN SERGEANT DER ENGLISCHEN JÄGER;FRITZ;1
EIN SERGEANT DER ENGLISCHEN JÄGER;FRANZÖSISCHE ADJUTANTEN;1
JAMES;SERGEANT;1
DER AM HOHLWEG KOMMANDIERENDE ENGLISCHE GENERAL;SERGEANT;1
DER AM HOHLWEG KOMMANDIERENDE ENGLISCHE GENERAL;EIN ENGLISCHER JÄGER;1
DER AM HOHLWEG KOMMANDIERENDE ENGLISCHE GENERAL;EIN SERGEANT DER ENGLISCHEN JÄGER;1
DER AM HOHLWEG KOMMANDIERENDE ENGLISCHE GENERAL;JAMES;1
DER AM HOHLWEG KOMMANDIERENDE ENGLISCHE GENERAL;EIN HAUPTMANN DER HANNOVERISCHEN SCHARFSCHÜTZEN;1
DER AM HOHLWEG KOMMANDIERENDE ENGLISCHE GENERAL;FRITZ;1
DER AM HOHLWEG KOMMANDIERENDE ENGLISCHE GENERAL;EIN ALTER HANNOVERISCHER SCHARFSCHUTZ;1
DER AM HOHLWEG KOMMANDIERENDE ENGLISCHE GENERAL;DER SCHÜTZENHAUPTMANN;1
DER AM HOHLWEG KOMMANDIERENDE ENGLISCHE GENERAL;EIN FRANZÖSISCHER HAUPTMANN;1
DER AM HOHLWEG KOMMANDIERENDE ENGLISCHE GENERAL;EIN ANDERER FRANZÖSISCHER HAUPTMANN;1
DER AM HOHLWEG KOMMANDIERENDE ENGLISCHE GENERAL;EIN ENGLISCHER LINIENSOLDAT;1
DER AM HOHLWEG KOMMANDIERENDE ENGLISCHE GENERAL;EIN FRANZÖSISCHER SOLDAT;1
DER AM HOHLWEG KOMMANDIERENDE ENGLISCHE GENERAL;FRANZÖSISCHE ADJUTANTEN;1
DER AM HOHLWEG KOMMANDIERENDE ENGLISCHE GENERAL;EIN ENGLISCHER OBRIST;1
EIN HAUPTMANN DER HANNOVERISCHEN SCHARFSCHÜTZEN;SERGEANT;1
EIN HAUPTMANN DER HANNOVERISCHEN SCHARFSCHÜTZEN;EIN SERGEANT DER ENGLISCHEN JÄGER;1
EIN HAUPTMANN DER HANNOVERISCHEN SCHARFSCHÜTZEN;JAMES;1
EIN HAUPTMANN DER HANNOVERISCHEN SCHARFSCHÜTZEN;FRITZ;1
EIN HAUPTMANN DER HANNOVERISCHEN SCHARFSCHÜTZEN;FRANZÖSISCHE ADJUTANTEN;1
FRITZ;SERGEANT;1
FRITZ;JAMES;1
EIN ALTER HANNOVERISCHER SCHARFSCHUTZ;SERGEANT;1
EIN ALTER HANNOVERISCHER SCHARFSCHUTZ;EIN ENGLISCHER JÄGER;1
EIN ALTER HANNOVERISCHER SCHARFSCHUTZ;EIN SERGEANT DER ENGLISCHEN JÄGER;1
EIN ALTER HANNOVERISCHER SCHARFSCHUTZ;JAMES;1
EIN ALTER HANNOVERISCHER SCHARFSCHUTZ;EIN HAUPTMANN DER HANNOVERISCHEN SCHARFSCHÜTZEN;1
EIN ALTER HANNOVERISCHER SCHARFSCHUTZ;FRITZ;1
EIN ALTER HANNOVERISCHER SCHARFSCHUTZ;EIN FRANZÖSISCHER HAUPTMANN;1
EIN ALTER HANNOVERISCHER SCHARFSCHUTZ;EIN ANDERER FRANZÖSISCHER HAUPTMANN;1
EIN ALTER HANNOVERISCHER SCHARFSCHUTZ;EIN ENGLISCHER LINIENSOLDAT;1
EIN ALTER HANNOVERISCHER SCHARFSCHUTZ;EIN FRANZÖSISCHER SOLDAT;1
EIN ALTER HANNOVERISCHER SCHARFSCHUTZ;FRANZÖSISCHE ADJUTANTEN;1
EIN ALTER HANNOVERISCHER SCHARFSCHUTZ;EIN ENGLISCHER OBRIST;1
DER SCHÜTZENHAUPTMANN;SERGEANT;1
DER SCHÜTZENHAUPTMANN;EIN ENGLISCHER JÄGER;1
DER SCHÜTZENHAUPTMANN;EIN SERGEANT DER ENGLISCHEN JÄGER;1
DER SCHÜTZENHAUPTMANN;JAMES;1
DER SCHÜTZENHAUPTMANN;EIN HAUPTMANN DER HANNOVERISCHEN SCHARFSCHÜTZEN;1
DER SCHÜTZENHAUPTMANN;FRITZ;1
DER SCHÜTZENHAUPTMANN;EIN ALTER HANNOVERISCHER SCHARFSCHUTZ;1
DER SCHÜTZENHAUPTMANN;EIN FRANZÖSISCHER HAUPTMANN;1
DER SCHÜTZENHAUPTMANN;EIN ANDERER FRANZÖSISCHER HAUPTMANN;1
DER SCHÜTZENHAUPTMANN;EIN ENGLISCHER LINIENSOLDAT;1
DER SCHÜTZENHAUPTMANN;EIN FRANZÖSISCHER SOLDAT;1
DER SCHÜTZENHAUPTMANN;FRANZÖSISCHE ADJUTANTEN;1
DER SCHÜTZENHAUPTMANN;EIN ENGLISCHER OBRIST;1
EIN FRANZÖSISCHER HAUPTMANN;SERGEANT;1
EIN FRANZÖSISCHER HAUPTMANN;EIN SERGEANT DER ENGLISCHEN JÄGER;1
EIN FRANZÖSISCHER HAUPTMANN;JAMES;1
EIN FRANZÖSISCHER HAUPTMANN;EIN HAUPTMANN DER HANNOVERISCHEN SCHARFSCHÜTZEN;1
EIN FRANZÖSISCHER HAUPTMANN;FRITZ;1
EIN FRANZÖSISCHER HAUPTMANN;EIN FRANZÖSISCHER SOLDAT;1
EIN FRANZÖSISCHER HAUPTMANN;FRANZÖSISCHE ADJUTANTEN;1
EIN ANDERER FRANZÖSISCHER HAUPTMANN;SERGEANT;1
EIN ANDERER FRANZÖSISCHER HAUPTMANN;EIN ENGLISCHER JÄGER;1
EIN ANDERER FRANZÖSISCHER HAUPTMANN;EIN SERGEANT DER ENGLISCHEN JÄGER;1
EIN ANDERER FRANZÖSISCHER HAUPTMANN;JAMES;1
EIN ANDERER FRANZÖSISCHER HAUPTMANN;EIN HAUPTMANN DER HANNOVERISCHEN SCHARFSCHÜTZEN;1
EIN ANDERER FRANZÖSISCHER HAUPTMANN;FRITZ;1
EIN ANDERER FRANZÖSISCHER HAUPTMANN;EIN FRANZÖSISCHER HAUPTMANN;1
EIN ANDERER FRANZÖSISCHER HAUPTMANN;EIN ENGLISCHER LINIENSOLDAT;1
EIN ANDERER FRANZÖSISCHER HAUPTMANN;EIN FRANZÖSISCHER SOLDAT;1
EIN ANDERER FRANZÖSISCHER HAUPTMANN;FRANZÖSISCHE ADJUTANTEN;1
EIN ANDERER FRANZÖSISCHER HAUPTMANN;EIN ENGLISCHER OBRIST;1
EIN ENGLISCHER LINIENSOLDAT;SERGEANT;1
EIN ENGLISCHER LINIENSOLDAT;EIN SERGEANT DER ENGLISCHEN JÄGER;1
EIN ENGLISCHER LINIENSOLDAT;JAMES;1
EIN ENGLISCHER LINIENSOLDAT;EIN HAUPTMANN DER HANNOVERISCHEN SCHARFSCHÜTZEN;1
EIN ENGLISCHER LINIENSOLDAT;FRITZ;1
EIN ENGLISCHER LINIENSOLDAT;EIN FRANZÖSISCHER HAUPTMANN;1
EIN ENGLISCHER LINIENSOLDAT;EIN FRANZÖSISCHER SOLDAT;1
EIN ENGLISCHER LINIENSOLDAT;FRANZÖSISCHE ADJUTANTEN;1
EIN ENGLISCHER LINIENSOLDAT;EIN ENGLISCHER OBRIST;1
EIN FRANZÖSISCHER SOLDAT;SERGEANT;1
EIN FRANZÖSISCHER SOLDAT;EIN SERGEANT DER ENGLISCHEN JÄGER;1
EIN FRANZÖSISCHER SOLDAT;JAMES;1
EIN FRANZÖSISCHER SOLDAT;EIN HAUPTMANN DER HANNOVERISCHEN SCHARFSCHÜTZEN;1
EIN FRANZÖSISCHER SOLDAT;FRITZ;1
EIN FRANZÖSISCHER SOLDAT;FRANZÖSISCHE ADJUTANTEN;1
FRANZÖSISCHE ADJUTANTEN;SERGEANT;1
FRANZÖSISCHE ADJUTANTEN;JAMES;1
FRANZÖSISCHE ADJUTANTEN;FRITZ;1
EIN ENGLISCHER OBRIST;SERGEANT;1
EIN ENGLISCHER OBRIST;EIN SERGEANT DER ENGLISCHEN JÄGER;1
EIN ENGLISCHER OBRIST;JAMES;1
EIN ENGLISCHER OBRIST;EIN HAUPTMANN DER HANNOVERISCHEN SCHARFSCHÜTZEN;1
EIN ENGLISCHER OBRIST;FRITZ;1
EIN ENGLISCHER OBRIST;EIN FRANZÖSISCHER HAUPTMANN;1
EIN ENGLISCHER OBRIST;EIN FRANZÖSISCHER SOLDAT;1
EIN ENGLISCHER OBRIST;FRANZÖSISCHE ADJUTANTEN;1
DER ADJUTANT;SERGEANT;1
DER ADJUTANT;EIN ENGLISCHER JÄGER;1
DER ADJUTANT;EIN SERGEANT DER ENGLISCHEN JÄGER;1
DER ADJUTANT;JAMES;1
DER ADJUTANT;DER AM HOHLWEG KOMMANDIERENDE ENGLISCHE GENERAL;1
DER ADJUTANT;EIN HAUPTMANN DER HANNOVERISCHEN SCHARFSCHÜTZEN;1
DER ADJUTANT;FRITZ;1
DER ADJUTANT;EIN ALTER HANNOVERISCHER SCHARFSCHUTZ;1
DER ADJUTANT;DER SCHÜTZENHAUPTMANN;1
DER ADJUTANT;EIN FRANZÖSISCHER HAUPTMANN;1
DER ADJUTANT;EIN ANDERER FRANZÖSISCHER HAUPTMANN;1
DER ADJUTANT;EIN ENGLISCHER LINIENSOLDAT;1
DER ADJUTANT;EIN FRANZÖSISCHER SOLDAT;1
DER ADJUTANT;FRANZÖSISCHE ADJUTANTEN;1
DER ADJUTANT;EIN ENGLISCHER OBRIST;1
DER ADJUTANT;DER ALTE HANNOVERSCHE SCHARFSCHÜTZ;1
DER ALTE HANNOVERSCHE SCHARFSCHÜTZ;SERGEANT;1
DER ALTE HANNOVERSCHE SCHARFSCHÜTZ;EIN ENGLISCHER JÄGER;1
DER ALTE HANNOVERSCHE SCHARFSCHÜTZ;EIN SERGEANT DER ENGLISCHEN JÄGER;1
DER ALTE HANNOVERSCHE SCHARFSCHÜTZ;JAMES;1
DER ALTE HANNOVERSCHE SCHARFSCHÜTZ;DER AM HOHLWEG KOMMANDIERENDE ENGLISCHE GENERAL;1
DER ALTE HANNOVERSCHE SCHARFSCHÜTZ;EIN HAUPTMANN DER HANNOVERISCHEN SCHARFSCHÜTZEN;1
DER ALTE HANNOVERSCHE SCHARFSCHÜTZ;FRITZ;1
DER ALTE HANNOVERSCHE SCHARFSCHÜTZ;EIN ALTER HANNOVERISCHER SCHARFSCHUTZ;1
DER ALTE HANNOVERSCHE SCHARFSCHÜTZ;DER SCHÜTZENHAUPTMANN;1
DER ALTE HANNOVERSCHE SCHARFSCHÜTZ;EIN FRANZÖSISCHER HAUPTMANN;1
DER ALTE HANNOVERSCHE SCHARFSCHÜTZ;EIN ANDERER FRANZÖSISCHER HAUPTMANN;1
DER ALTE HANNOVERSCHE SCHARFSCHÜTZ;EIN ENGLISCHER LINIENSOLDAT;1
DER ALTE HANNOVERSCHE SCHARFSCHÜTZ;EIN FRANZÖSISCHER SOLDAT;1
DER ALTE HANNOVERSCHE SCHARFSCHÜTZ;FRANZÖSISCHE ADJUTANTEN;1
DER ALTE HANNOVERSCHE SCHARFSCHÜTZ;EIN ENGLISCHER OBRIST;1
LORD SOMERSET;VERSPRENGTE ENGLISCHE DRAGONER;1
LORD SOMERSET;MILHAUD;1
MILHAUD;NAPOLEON;1
MILHAUD;VERSPRENGTE ENGLISCHE DRAGONER;1
MILHAUD;PÄCHTER LACOSTE;1
MILHAUD;ZWEITER ADJUTANT (5. AKT);1
DIE KÜRASSIERE;HERZOG VON WELLINGTON;1
DIE KÜRASSIERE;EIN ENGLISCHER OFFIZIER;1
DIE KÜRASSIERE;LORD SOMERSET;1
DIE KÜRASSIERE;VERSPRENGTE ENGLISCHE DRAGONER;1
DIE KÜRASSIERE;MILHAUD;1
DIE KÜRASSIERE;EINER DER KÜRASSIERE;1
DIE KÜRASSIERE;ENGLISCHER FAHNENTRÄGER;1
DIE KÜRASSIERE;EIN OFFIZIER DES GENERALSTABES;1
EINER DER KÜRASSIERE;HERZOG VON WELLINGTON;1
EINER DER KÜRASSIERE;LORD SOMERSET;1
EINER DER KÜRASSIERE;VERSPRENGTE ENGLISCHE DRAGONER;1
EINER DER KÜRASSIERE;MILHAUD;1
EINER DER KÜRASSIERE;ENGLISCHER FAHNENTRÄGER;1
ENGLISCHER FAHNENTRÄGER;HERZOG VON WELLINGTON;1
ENGLISCHER FAHNENTRÄGER;LORD SOMERSET;1
ENGLISCHER FAHNENTRÄGER;VERSPRENGTE ENGLISCHE DRAGONER;1
ENGLISCHER FAHNENTRÄGER;MILHAUD;1
EIN OFFIZIER DES GENERALSTABES;HERZOG VON WELLINGTON;1
EIN OFFIZIER DES GENERALSTABES;LORD SOMERSET;1
EIN OFFIZIER DES GENERALSTABES;VERSPRENGTE ENGLISCHE DRAGONER;1
EIN OFFIZIER DES GENERALSTABES;MILHAUD;1
EIN OFFIZIER DES GENERALSTABES;EINER DER KÜRASSIERE;1
EIN OFFIZIER DES GENERALSTABES;ENGLISCHER FAHNENTRÄGER;1
PÄCHTER LACOSTE;ZWEITER ADJUTANT (5. AKT);1
EIN OFFIZIER DER GARDEGRENADIERE ZU PFERDE;NAPOLEON;1
EIN OFFIZIER DER GARDEGRENADIERE ZU PFERDE;MILHAUD;1
EIN OFFIZIER DER GARDEGRENADIERE ZU PFERDE;PÄCHTER LACOSTE;1
EIN OFFIZIER DER GARDEGRENADIERE ZU PFERDE;EIN OFFIZIER DER SUITE;1
EIN OFFIZIER DER GARDEGRENADIERE ZU PFERDE;ZWEITER ADJUTANT (5. AKT);1
EIN OFFIZIER DER GARDEGRENADIERE ZU PFERDE;GARDEMUSIK;1
EIN OFFIZIER DER GARDEGRENADIERE ZU PFERDE;EINER DER GARDEHOBOISTEN;1
EIN ANDERER OFFIZIER DER GARDEGRENADIERE ZU PFERDE;NAPOLEON;1
EIN ANDERER OFFIZIER DER GARDEGRENADIERE ZU PFERDE;EIN HERANSPRENGENDER ADJUTANT;1
EIN ANDERER OFFIZIER DER GARDEGRENADIERE ZU PFERDE;MILHAUD;1
EIN ANDERER OFFIZIER DER GARDEGRENADIERE ZU PFERDE;PÄCHTER LACOSTE;1
EIN ANDERER OFFIZIER DER GARDEGRENADIERE ZU PFERDE;EIN OFFIZIER DER GARDEGRENADIERE ZU PFERDE;1
EIN ANDERER OFFIZIER DER GARDEGRENADIERE ZU PFERDE;EIN OFFIZIER DER SUITE;1
EIN ANDERER OFFIZIER DER GARDEGRENADIERE ZU PFERDE;ZWEITER ADJUTANT (5. AKT);1
EIN ANDERER OFFIZIER DER GARDEGRENADIERE ZU PFERDE;EIN ANKOMMENDER ADJUTANT;1
EIN ANDERER OFFIZIER DER GARDEGRENADIERE ZU PFERDE;GARDEMUSIK;1
EIN ANDERER OFFIZIER DER GARDEGRENADIERE ZU PFERDE;EINER DER GARDEHOBOISTEN;1
EIN OFFIZIER DER SUITE;NAPOLEON;1
EIN OFFIZIER DER SUITE;MILHAUD;1
EIN OFFIZIER DER SUITE;PÄCHTER LACOSTE;1
EIN OFFIZIER DER SUITE;ZWEITER ADJUTANT (5. AKT);1
EIN OFFIZIER DER SUITE;GARDEMUSIK;1
EIN OFFIZIER DER SUITE;EINER DER GARDEHOBOISTEN;1
EIN ADJUTANT (5. AKT);NAPOLEON;1
EIN ADJUTANT (5. AKT);EIN HERANSPRENGENDER ADJUTANT;1
EIN ADJUTANT (5. AKT);MILHAUD;1
EIN ADJUTANT (5. AKT);PÄCHTER LACOSTE;1
EIN ADJUTANT (5. AKT);EIN OFFIZIER DER GARDEGRENADIERE ZU PFERDE;1
EIN ADJUTANT (5. AKT);EIN ANDERER OFFIZIER DER GARDEGRENADIERE ZU PFERDE;1
EIN ADJUTANT (5. AKT);EIN OFFIZIER DER SUITE;1
EIN ADJUTANT (5. AKT);ZWEITER ADJUTANT (5. AKT);1
EIN ADJUTANT (5. AKT);EIN ANKOMMENDER ADJUTANT;1
EIN ADJUTANT (5. AKT);GARDEMUSIK;1
EIN ADJUTANT (5. AKT);EINER DER GARDEHOBOISTEN;1
DRITTER ADJUTANT (5. AKT);NAPOLEON;1
DRITTER ADJUTANT (5. AKT);EIN HERANSPRENGENDER ADJUTANT;1
DRITTER ADJUTANT (5. AKT);MILHAUD;1
DRITTER ADJUTANT (5. AKT);PÄCHTER LACOSTE;1
DRITTER ADJUTANT (5. AKT);EIN OFFIZIER DER GARDEGRENADIERE ZU PFERDE;1
DRITTER ADJUTANT (5. AKT);EIN ANDERER OFFIZIER DER GARDEGRENADIERE ZU PFERDE;1
DRITTER ADJUTANT (5. AKT);EIN OFFIZIER DER SUITE;1
DRITTER ADJUTANT (5. AKT);EIN ADJUTANT (5. AKT);1
DRITTER ADJUTANT (5. AKT);ZWEITER ADJUTANT (5. AKT);1
DRITTER ADJUTANT (5. AKT);EIN ANKOMMENDER ADJUTANT;1
DRITTER ADJUTANT (5. AKT);GARDEMUSIK;1
DRITTER ADJUTANT (5. AKT);EINER DER GARDEHOBOISTEN;1
ANDERE ADJUTANTEN;NAPOLEON;1
ANDERE ADJUTANTEN;BERTRAND;1
ANDERE ADJUTANTEN;CAMBRONNE;1
ANDERE ADJUTANTEN;DIE GARDE;1
ANDERE ADJUTANTEN;EIN HERANSPRENGENDER ADJUTANT;1
ANDERE ADJUTANTEN;MILHAUD;1
ANDERE ADJUTANTEN;PÄCHTER LACOSTE;1
ANDERE ADJUTANTEN;EIN OFFIZIER DER GARDEGRENADIERE ZU PFERDE;1
ANDERE ADJUTANTEN;EIN ANDERER OFFIZIER DER GARDEGRENADIERE ZU PFERDE;1
ANDERE ADJUTANTEN;EIN OFFIZIER DER SUITE;1
ANDERE ADJUTANTEN;EIN ADJUTANT (5. AKT);1
ANDERE ADJUTANTEN;DRITTER ADJUTANT (5. AKT);1
ANDERE ADJUTANTEN;ZWEITER ADJUTANT (5. AKT);1
ANDERE ADJUTANTEN;EIN ANKOMMENDER ADJUTANT;1
ANDERE ADJUTANTEN;GARDEMUSIK;1
ANDERE ADJUTANTEN;EINER DER GARDEHOBOISTEN;1
EIN ANKOMMENDER ADJUTANT;NAPOLEON;1
EIN ANKOMMENDER ADJUTANT;EIN HERANSPRENGENDER ADJUTANT;1
EIN ANKOMMENDER ADJUTANT;MILHAUD;1
EIN ANKOMMENDER ADJUTANT;PÄCHTER LACOSTE;1
EIN ANKOMMENDER ADJUTANT;EIN OFFIZIER DER GARDEGRENADIERE ZU PFERDE;1
EIN ANKOMMENDER ADJUTANT;EIN OFFIZIER DER SUITE;1
EIN ANKOMMENDER ADJUTANT;ZWEITER ADJUTANT (5. AKT);1
EIN ANKOMMENDER ADJUTANT;GARDEMUSIK;1
EIN ANKOMMENDER ADJUTANT;EINER DER GARDEHOBOISTEN;1
GARDEMUSIK;NAPOLEON;1
GARDEMUSIK;MILHAUD;1
GARDEMUSIK;PÄCHTER LACOSTE;1
GARDEMUSIK;ZWEITER ADJUTANT (5. AKT);1
ALLE OFFIZIERE DER SUITE;NAPOLEON;1
ALLE OFFIZIERE DER SUITE;BERTRAND;1
ALLE OFFIZIERE DER SUITE;CAMBRONNE;1
ALLE OFFIZIERE DER SUITE;DIE GARDE;1
ALLE OFFIZIERE DER SUITE;EIN HERANSPRENGENDER ADJUTANT;1
ALLE OFFIZIERE DER SUITE;MILHAUD;1
ALLE OFFIZIERE DER SUITE;PÄCHTER LACOSTE;1
ALLE OFFIZIERE DER SUITE;EIN OFFIZIER DER GARDEGRENADIERE ZU PFERDE;1
ALLE OFFIZIERE DER SUITE;EIN ANDERER OFFIZIER DER GARDEGRENADIERE ZU PFERDE;1
ALLE OFFIZIERE DER SUITE;EIN OFFIZIER DER SUITE;1
ALLE OFFIZIERE DER SUITE;EIN ADJUTANT (5. AKT);1
ALLE OFFIZIERE DER SUITE;DRITTER ADJUTANT (5. AKT);1
ALLE OFFIZIERE DER SUITE;ZWEITER ADJUTANT (5. AKT);1
ALLE OFFIZIERE DER SUITE;ANDERE ADJUTANTEN;1
ALLE OFFIZIERE DER SUITE;EIN ANKOMMENDER ADJUTANT;1
ALLE OFFIZIERE DER SUITE;GARDEMUSIK;1
ALLE OFFIZIERE DER SUITE;EINER DER GARDEHOBOISTEN;1
EINER DER GARDEHOBOISTEN;NAPOLEON;1
EINER DER GARDEHOBOISTEN;MILHAUD;1
EINER DER GARDEHOBOISTEN;PÄCHTER LACOSTE;1
EINER DER GARDEHOBOISTEN;ZWEITER ADJUTANT (5. AKT);1
EINER DER GARDEHOBOISTEN;GARDEMUSIK;1
LOBAU;NAPOLEON;1
LOBAU;ZIETHEN;1
EINE MASSE FRANZÖSISCHER REITER;NAPOLEON;1
EINE MASSE FRANZÖSISCHER REITER;LOBAU;1
EINE MASSE FRANZÖSISCHER REITER;ZIETHEN;1
EINE MASSE FRANZÖSISCHER REITER;EINE MASSE FRANZÖSISCHER REITTENDER ARTILLERIE;1
EINE MASSE FRANZÖSISCHER INFANTERIE;NAPOLEON;1
EINE MASSE FRANZÖSISCHER INFANTERIE;LOBAU;1
EINE MASSE FRANZÖSISCHER INFANTERIE;ZIETHEN;1
EINE MASSE FRANZÖSISCHER INFANTERIE;EINE MASSE FRANZÖSISCHER REITER;1
EINE MASSE FRANZÖSISCHER INFANTERIE;EINE MASSE FRANZÖSISCHER REITTENDER ARTILLERIE;1
EINE MASSE FRANZÖSISCHER REITTENDER ARTILLERIE;NAPOLEON;1
EINE MASSE FRANZÖSISCHER REITTENDER ARTILLERIE;LOBAU;1
EINE MASSE FRANZÖSISCHER REITTENDER ARTILLERIE;ZIETHEN;1
EIN FRANZÖSISCHER INFANTERIEOFFIZIER;NAPOLEON;1
EIN FRANZÖSISCHER INFANTERIEOFFIZIER;LOBAU;1
EIN FRANZÖSISCHER INFANTERIEOFFIZIER;ZIETHEN;1
EIN FRANZÖSISCHER INFANTERIEOFFIZIER;EINE MASSE FRANZÖSISCHER REITER;1
EIN FRANZÖSISCHER INFANTERIEOFFIZIER;EINE MASSE FRANZÖSISCHER INFANTERIE;1
EIN FRANZÖSISCHER INFANTERIEOFFIZIER;EINE MASSE FRANZÖSISCHER REITTENDER ARTILLERIE;1
EIN ENGLISCHER DRAGONEROFFIZIER;NAPOLEON;1
EIN ENGLISCHER DRAGONEROFFIZIER;GNEISENAU;1
EIN ENGLISCHER DRAGONEROFFIZIER;HERZOG VON WELLINGTON;1
EIN ENGLISCHER DRAGONEROFFIZIER;ENGLISCHE REITEREI;1
EIN ENGLISCHER DRAGONEROFFIZIER;PREUSSISCHE REITEREI;1
ENGLISCHE REITEREI;NAPOLEON;1
ENGLISCHE REITEREI;GNEISENAU;1
ENGLISCHE REITEREI;HERZOG VON WELLINGTON;1
ENGLISCHE REITEREI;PREUSSISCHE REITEREI;1
DIE GRANITKOLONNE;NAPOLEON;1
DIE GRANITKOLONNE;GNEISENAU;1
DIE GRANITKOLONNE;HERZOG VON WELLINGTON;1
DIE GRANITKOLONNE;EIN ENGLISCHER DRAGONEROFFIZIER;1
DIE GRANITKOLONNE;ENGLISCHE REITEREI;1
DIE GRANITKOLONNE;PREUSSISCHE REITEREI;1
