CHORUS MYSTICUS;PATER ECSTATICUS;1
CHORUS MYSTICUS;PATER PROFUNDUS;1
CHORUS MYSTICUS;PATER SERAPHICUS;1
CHORUS MYSTICUS;SELIGE KNABEN;1
CHORUS MYSTICUS;DIE JÜNGEREN ENGEL;1
CHORUS MYSTICUS;DIE VOLLENDETEREN ENGEL;1
CHORUS MYSTICUS;DOCTOR MARIANUS;1
CHORUS MYSTICUS;MAGNA PECCATRIX;1
CHORUS MYSTICUS;MULIER SAMARITANA;1
CHORUS MYSTICUS;MARIA AEGYPTIACA;1
CHORUS MYSTICUS;UNA POENITENTIUM;1
CHORUS MYSTICUS;MATER GLORIOSA;1
ARIEL;CHOR (ANMUTIGE GEGEND);1
ARIEL;FAUST;1
CHOR (ANMUTIGE GEGEND);FAUST;1
FAUST;KAISER;2
FAUST;MEPHISTOPHELES;12
FAUST;KANZLER;1
FAUST;HEERMEISTER;1
FAUST;SCHATZMEISTER;1
FAUST;MARSCHALL;1
FAUST;HEROLD;1
FAUST;PAGE;2
FAUST;KÄMMERER;2
FAUST;NARR;1
FAUST;ZWEITE DAME;1
FAUST;VIERTE DAME;1
FAUST;FÜNFTE DAME;1
FAUST;SECHSTE DAME;1
FAUST;RITTER;1
FAUST;JUNGE DAME;1
FAUST;ÄLTERE DAME;1
FAUST;ÄLTESTE DAME;1
FAUST;HOFMANN;1
FAUST;POET;1
FAUST;GELAHRTER;1
FAUST;HOMUNCULUS;1
FAUST;ZWEITER GREIF;1
FAUST;SIRENEN;1
FAUST;SPHINXE;1
FAUST;PENEIOS;1
FAUST;NYMPHEN;1
FAUST;MANTO;1
FAUST;HELENA;2
FAUST;PANTHALIS;1
FAUST;TURMWÄCHTER LYNKEUS;1
FAUST;MÄDCHEN;1
FAUST;RAUFEBOLD;4
FAUST;HABEBALD;4
FAUST;HALTEFEST;4
FAUST;OBERGENERAL;1
FAUST;ZWEITER KUNDSCHAFTER;1
FAUST;HEROLDE;1
FAUST;LYNKEUS DER TÜRMER;2
FAUST;MANGEL;1
FAUST;SCHULD;1
FAUST;NOT;1
FAUST;SORGE;1
FAUST;LEMUREN;1
FAUST;LEMUR;1
KAISER;ZWEITER JUNKER;1
KAISER;MEPHISTOPHELES;3
KAISER;MENGE;1
KAISER;KANZLER;2
KAISER;SCHATZMEISTER;2
KAISER;MARSCHALL;2
KAISER;PAGE;1
KAISER;KÄMMERER;1
KAISER;NARR;1
KAISER;RAUFEBOLD;1
KAISER;OBERGENERAL;1
KAISER;ZWEITER KUNDSCHAFTER;1
KAISER;ZWEITER TRABANT;1
KAISER;VIERTER TRABANT;1
JUNKER;KAISER;1
JUNKER;ZWEITER JUNKER;1
JUNKER;MEPHISTOPHELES;1
JUNKER;MENGE;1
JUNKER;KANZLER;1
JUNKER;SCHATZMEISTER;1
JUNKER;MARSCHALL;1
MEPHISTOPHELES;ZWEITER JUNKER;1
MEPHISTOPHELES;SCHATZMEISTER;2
MEPHISTOPHELES;PAGE;3
MEPHISTOPHELES;NARR;1
MEPHISTOPHELES;ZWEITE DAME;1
MEPHISTOPHELES;VIERTE DAME;1
MEPHISTOPHELES;SECHSTE DAME;1
MEPHISTOPHELES;RITTER;1
MEPHISTOPHELES;ÄLTERE DAME;1
MEPHISTOPHELES;ÄLTESTE DAME;1
MEPHISTOPHELES;POET;1
MEPHISTOPHELES;WAGNER;1
MEPHISTOPHELES;ZWEITER GREIF;2
MEPHISTOPHELES;SIRENEN;2
MEPHISTOPHELES;SPHINXE;2
MEPHISTOPHELES;SEISMOS;1
MEPHISTOPHELES;PYGMÄEN;1
MEPHISTOPHELES;OREAS;1
MEPHISTOPHELES;THALES;1
MEPHISTOPHELES;PHORKYADEN;1
MEPHISTOPHELES;PANTHALIS;2
MEPHISTOPHELES;TURMWÄCHTER LYNKEUS;1
MEPHISTOPHELES;MÄDCHEN;1
MEPHISTOPHELES;RAUFEBOLD;4
MEPHISTOPHELES;OBERGENERAL;1
MEPHISTOPHELES;ZWEITER KUNDSCHAFTER;1
MENGE;ZWEITER JUNKER;1
MENGE;MEPHISTOPHELES;1
MENGE;SCHATZMEISTER;1
MENGE;OLIVENZWEIG MIT FRÜCHTEN;1
MENGE;ÄHRENKRANZ;1
MENGE;PHANTASIEKRANZ;1
MENGE;PHANTASIESTRAUSS;1
MENGE;ROSENKNOSPEN;1
MENGE;MUTTER;1
MENGE;PULCINELLE;1
MENGE;PARASITEN;1
MENGE;TRUNKNER;1
MENGE;SATIRIKER;1
MENGE;TISIPHONE;1
MENGE;PLUTUS;1
MENGE;WEIBERGEKLATSCH;1
MENGE;WEIBER IN MASSE;1
MENGE;SATYR;1
MENGE;RIESEN;1
MENGE;NYMPHEN;1
KANZLER;ZWEITER JUNKER;1
KANZLER;MEPHISTOPHELES;2
KANZLER;MENGE;1
KANZLER;SCHATZMEISTER;2
KANZLER;MARSCHALL;2
KANZLER;PAGE;1
KANZLER;KÄMMERER;1
KANZLER;NARR;1
HEERMEISTER;KAISER;2
HEERMEISTER;JUNKER;1
HEERMEISTER;ZWEITER JUNKER;1
HEERMEISTER;MEPHISTOPHELES;2
HEERMEISTER;MENGE;1
HEERMEISTER;KANZLER;2
HEERMEISTER;SCHATZMEISTER;2
HEERMEISTER;MARSCHALL;2
HEERMEISTER;PAGE;1
HEERMEISTER;KÄMMERER;1
HEERMEISTER;NARR;1
SCHATZMEISTER;ZWEITER JUNKER;1
MARSCHALL;ZWEITER JUNKER;1
MARSCHALL;MEPHISTOPHELES;3
MARSCHALL;MENGE;1
MARSCHALL;SCHATZMEISTER;2
MARSCHALL;PAGE;2
MARSCHALL;NARR;1
ASTROLOG;FAUST;1
ASTROLOG;KAISER;1
ASTROLOG;JUNKER;1
ASTROLOG;ZWEITER JUNKER;1
ASTROLOG;MEPHISTOPHELES;2
ASTROLOG;MENGE;1
ASTROLOG;KANZLER;1
ASTROLOG;HEERMEISTER;1
ASTROLOG;SCHATZMEISTER;1
ASTROLOG;MARSCHALL;1
ASTROLOG;HEROLD;1
ASTROLOG;PAGE;1
ASTROLOG;KÄMMERER;1
ASTROLOG;DAME;1
ASTROLOG;ZWEITE DAME;1
ASTROLOG;DRITTE DAME;1
ASTROLOG;VIERTE DAME;1
ASTROLOG;FÜNFTE DAME;1
ASTROLOG;SECHSTE DAME;1
ASTROLOG;RITTER;1
ASTROLOG;JUNGE DAME;1
ASTROLOG;ÄLTERE DAME;1
ASTROLOG;ÄLTESTE DAME;1
ASTROLOG;DIPLOMAT;1
ASTROLOG;HOFMANN;1
ASTROLOG;POET;1
ASTROLOG;DUENNA;1
ASTROLOG;GELAHRTER;1
HEROLD;MEPHISTOPHELES;1
HEROLD;MENGE;1
HEROLD;OLIVENZWEIG MIT FRÜCHTEN;1
HEROLD;ÄHRENKRANZ;1
HEROLD;PHANTASIEKRANZ;1
HEROLD;PHANTASIESTRAUSS;1
HEROLD;ROSENKNOSPEN;1
HEROLD;MUTTER;1
HEROLD;HOLZHAUER;1
HEROLD;PULCINELLE;1
HEROLD;PARASITEN;1
HEROLD;TRUNKNER;1
HEROLD;SATIRIKER;1
HEROLD;KLOTHO;1
HEROLD;LACHESIS;1
HEROLD;MEGÄRA;1
HEROLD;TISIPHONE;1
HEROLD;HOFFNUNG;1
HEROLD;KLUGHEIT;1
HEROLD;KNABE WAGENLENKER;1
HEROLD;PLUTUS;1
HEROLD;WEIBERGEKLATSCH;1
HEROLD;WEIBER IN MASSE;1
HEROLD;SATYR;1
HEROLD;RIESEN;1
HEROLD;PAGE;1
HEROLD;KÄMMERER;1
HEROLD;ZWEITE DAME;1
HEROLD;VIERTE DAME;1
HEROLD;SECHSTE DAME;1
HEROLD;RITTER;1
HEROLD;JUNGE DAME;1
HEROLD;ÄLTERE DAME;1
HEROLD;ÄLTESTE DAME;1
HEROLD;HOFMANN;1
HEROLD;POET;1
HEROLD;NYMPHEN;1
GÄRTNERINNEN;MENGE;1
GÄRTNERINNEN;HEROLD;1
GÄRTNERINNEN;OLIVENZWEIG MIT FRÜCHTEN;1
GÄRTNERINNEN;ÄHRENKRANZ;1
GÄRTNERINNEN;PHANTASIEKRANZ;1
GÄRTNERINNEN;PHANTASIESTRAUSS;1
GÄRTNERINNEN;ROSENKNOSPEN;1
GÄRTNERINNEN;MUTTER;1
GÄRTNERINNEN;HOLZHAUER;1
GÄRTNERINNEN;PULCINELLE;1
GÄRTNERINNEN;PARASITEN;1
GÄRTNERINNEN;TRUNKNER;1
GÄRTNERINNEN;SATIRIKER;1
GÄRTNERINNEN;HEGEMONE;1
GÄRTNERINNEN;KLOTHO;1
GÄRTNERINNEN;LACHESIS;1
GÄRTNERINNEN;MEGÄRA;1
GÄRTNERINNEN;TISIPHONE;1
GÄRTNERINNEN;HOFFNUNG;1
GÄRTNERINNEN;KLUGHEIT;1
GÄRTNERINNEN;KNABE WAGENLENKER;1
GÄRTNERINNEN;PLUTUS;1
GÄRTNERINNEN;WEIBERGEKLATSCH;1
GÄRTNERINNEN;HAUPTWEIB;1
GÄRTNERINNEN;WEIBER IN MASSE;1
GÄRTNERINNEN;SATYR;1
GÄRTNERINNEN;RIESEN;1
GÄRTNERINNEN;NYMPHEN;1
OLIVENZWEIG MIT FRÜCHTEN;ÄHRENKRANZ;1
OLIVENZWEIG MIT FRÜCHTEN;PHANTASIEKRANZ;1
OLIVENZWEIG MIT FRÜCHTEN;PHANTASIESTRAUSS;1
OLIVENZWEIG MIT FRÜCHTEN;ROSENKNOSPEN;1
OLIVENZWEIG MIT FRÜCHTEN;PULCINELLE;1
OLIVENZWEIG MIT FRÜCHTEN;PARASITEN;1
OLIVENZWEIG MIT FRÜCHTEN;TRUNKNER;1
OLIVENZWEIG MIT FRÜCHTEN;SATIRIKER;1
OLIVENZWEIG MIT FRÜCHTEN;TISIPHONE;1
OLIVENZWEIG MIT FRÜCHTEN;PLUTUS;1
OLIVENZWEIG MIT FRÜCHTEN;WEIBERGEKLATSCH;1
OLIVENZWEIG MIT FRÜCHTEN;WEIBER IN MASSE;1
OLIVENZWEIG MIT FRÜCHTEN;SATYR;1
OLIVENZWEIG MIT FRÜCHTEN;RIESEN;1
PHANTASIEKRANZ;ÄHRENKRANZ;1
PHANTASIEKRANZ;PHANTASIESTRAUSS;1
PHANTASIEKRANZ;ROSENKNOSPEN;1
PHANTASIEKRANZ;PULCINELLE;1
PHANTASIEKRANZ;TRUNKNER;1
PHANTASIEKRANZ;SATIRIKER;1
PHANTASIEKRANZ;TISIPHONE;1
PHANTASIEKRANZ;PLUTUS;1
PHANTASIEKRANZ;WEIBERGEKLATSCH;1
PHANTASIEKRANZ;WEIBER IN MASSE;1
PHANTASIEKRANZ;SATYR;1
PHANTASIEKRANZ;RIESEN;1
PHANTASIESTRAUSS;ÄHRENKRANZ;1
PHANTASIESTRAUSS;ROSENKNOSPEN;1
PHANTASIESTRAUSS;PULCINELLE;1
PHANTASIESTRAUSS;TRUNKNER;1
PHANTASIESTRAUSS;SATIRIKER;1
PHANTASIESTRAUSS;TISIPHONE;1
PHANTASIESTRAUSS;PLUTUS;1
PHANTASIESTRAUSS;WEIBERGEKLATSCH;1
PHANTASIESTRAUSS;WEIBER IN MASSE;1
PHANTASIESTRAUSS;SATYR;1
PHANTASIESTRAUSS;RIESEN;1
ROSENKNOSPEN;ÄHRENKRANZ;1
ROSENKNOSPEN;TRUNKNER;1
ROSENKNOSPEN;SATIRIKER;1
ROSENKNOSPEN;TISIPHONE;1
ROSENKNOSPEN;WEIBERGEKLATSCH;1
ROSENKNOSPEN;WEIBER IN MASSE;1
ROSENKNOSPEN;SATYR;1
GÄRTNER;MENGE;1
GÄRTNER;HEROLD;1
GÄRTNER;GÄRTNERINNEN;1
GÄRTNER;OLIVENZWEIG MIT FRÜCHTEN;1
GÄRTNER;ÄHRENKRANZ;1
GÄRTNER;PHANTASIEKRANZ;1
GÄRTNER;PHANTASIESTRAUSS;1
GÄRTNER;ROSENKNOSPEN;1
GÄRTNER;MUTTER;1
GÄRTNER;HOLZHAUER;1
GÄRTNER;PULCINELLE;1
GÄRTNER;PARASITEN;1
GÄRTNER;TRUNKNER;1
GÄRTNER;SATIRIKER;1
GÄRTNER;HEGEMONE;1
GÄRTNER;KLOTHO;1
GÄRTNER;LACHESIS;1
GÄRTNER;MEGÄRA;1
GÄRTNER;TISIPHONE;1
GÄRTNER;HOFFNUNG;1
GÄRTNER;KLUGHEIT;1
GÄRTNER;KNABE WAGENLENKER;1
GÄRTNER;PLUTUS;1
GÄRTNER;WEIBERGEKLATSCH;1
GÄRTNER;HAUPTWEIB;1
GÄRTNER;WEIBER IN MASSE;1
GÄRTNER;SATYR;1
GÄRTNER;RIESEN;1
GÄRTNER;NYMPHEN;1
MUTTER;OLIVENZWEIG MIT FRÜCHTEN;1
MUTTER;ÄHRENKRANZ;1
MUTTER;PHANTASIEKRANZ;1
MUTTER;PHANTASIESTRAUSS;1
MUTTER;ROSENKNOSPEN;1
MUTTER;PULCINELLE;1
MUTTER;PARASITEN;1
MUTTER;TRUNKNER;1
MUTTER;SATIRIKER;1
MUTTER;TISIPHONE;1
MUTTER;PLUTUS;1
MUTTER;WEIBERGEKLATSCH;1
MUTTER;WEIBER IN MASSE;1
MUTTER;SATYR;1
MUTTER;RIESEN;1
MUTTER;NYMPHEN;1
HOLZHAUER;MENGE;1
HOLZHAUER;OLIVENZWEIG MIT FRÜCHTEN;1
HOLZHAUER;ÄHRENKRANZ;1
HOLZHAUER;PHANTASIEKRANZ;1
HOLZHAUER;PHANTASIESTRAUSS;1
HOLZHAUER;ROSENKNOSPEN;1
HOLZHAUER;MUTTER;1
HOLZHAUER;PULCINELLE;1
HOLZHAUER;PARASITEN;1
HOLZHAUER;TRUNKNER;1
HOLZHAUER;SATIRIKER;1
HOLZHAUER;KLOTHO;1
HOLZHAUER;LACHESIS;1
HOLZHAUER;MEGÄRA;1
HOLZHAUER;TISIPHONE;1
HOLZHAUER;KLUGHEIT;1
HOLZHAUER;KNABE WAGENLENKER;1
HOLZHAUER;PLUTUS;1
HOLZHAUER;WEIBERGEKLATSCH;1
HOLZHAUER;WEIBER IN MASSE;1
HOLZHAUER;SATYR;1
HOLZHAUER;RIESEN;1
HOLZHAUER;NYMPHEN;1
PULCINELLE;ÄHRENKRANZ;1
PULCINELLE;ROSENKNOSPEN;1
PULCINELLE;TRUNKNER;1
PULCINELLE;SATIRIKER;1
PULCINELLE;TISIPHONE;1
PULCINELLE;WEIBERGEKLATSCH;1
PULCINELLE;WEIBER IN MASSE;1
PULCINELLE;SATYR;1
PULCINELLE;RIESEN;1
PARASITEN;ÄHRENKRANZ;1
PARASITEN;PHANTASIEKRANZ;1
PARASITEN;PHANTASIESTRAUSS;1
PARASITEN;ROSENKNOSPEN;1
PARASITEN;PULCINELLE;1
PARASITEN;TRUNKNER;1
PARASITEN;SATIRIKER;1
PARASITEN;TISIPHONE;1
PARASITEN;PLUTUS;1
PARASITEN;WEIBERGEKLATSCH;1
PARASITEN;WEIBER IN MASSE;1
PARASITEN;SATYR;1
PARASITEN;RIESEN;1
TRUNKNER;ÄHRENKRANZ;1
TRUNKNER;WEIBERGEKLATSCH;1
TRUNKNER;WEIBER IN MASSE;1
CHOR (WEITLÄUFIGER SAAL);MENGE;1
CHOR (WEITLÄUFIGER SAAL);HEROLD;1
CHOR (WEITLÄUFIGER SAAL);GÄRTNERINNEN;1
CHOR (WEITLÄUFIGER SAAL);OLIVENZWEIG MIT FRÜCHTEN;1
CHOR (WEITLÄUFIGER SAAL);ÄHRENKRANZ;1
CHOR (WEITLÄUFIGER SAAL);PHANTASIEKRANZ;1
CHOR (WEITLÄUFIGER SAAL);PHANTASIESTRAUSS;1
CHOR (WEITLÄUFIGER SAAL);ROSENKNOSPEN;1
CHOR (WEITLÄUFIGER SAAL);GÄRTNER;1
CHOR (WEITLÄUFIGER SAAL);MUTTER;1
CHOR (WEITLÄUFIGER SAAL);HOLZHAUER;1
CHOR (WEITLÄUFIGER SAAL);PULCINELLE;1
CHOR (WEITLÄUFIGER SAAL);PARASITEN;1
CHOR (WEITLÄUFIGER SAAL);TRUNKNER;1
CHOR (WEITLÄUFIGER SAAL);SATIRIKER;1
CHOR (WEITLÄUFIGER SAAL);HEGEMONE;1
CHOR (WEITLÄUFIGER SAAL);EUPHROSYNE;1
CHOR (WEITLÄUFIGER SAAL);KLOTHO;1
CHOR (WEITLÄUFIGER SAAL);LACHESIS;1
CHOR (WEITLÄUFIGER SAAL);MEGÄRA;1
CHOR (WEITLÄUFIGER SAAL);TISIPHONE;1
CHOR (WEITLÄUFIGER SAAL);FURCHT;1
CHOR (WEITLÄUFIGER SAAL);HOFFNUNG;1
CHOR (WEITLÄUFIGER SAAL);KLUGHEIT;1
CHOR (WEITLÄUFIGER SAAL);KNABE WAGENLENKER;1
CHOR (WEITLÄUFIGER SAAL);PLUTUS;1
CHOR (WEITLÄUFIGER SAAL);WEIBERGEKLATSCH;1
CHOR (WEITLÄUFIGER SAAL);DER ABGEMAGERTE;1
CHOR (WEITLÄUFIGER SAAL);HAUPTWEIB;1
CHOR (WEITLÄUFIGER SAAL);WEIBER IN MASSE;1
CHOR (WEITLÄUFIGER SAAL);GEIZ;1
CHOR (WEITLÄUFIGER SAAL);FAUNEN;1
CHOR (WEITLÄUFIGER SAAL);SATYR;1
CHOR (WEITLÄUFIGER SAAL);GNOMEN;1
CHOR (WEITLÄUFIGER SAAL);RIESEN;1
CHOR (WEITLÄUFIGER SAAL);NYMPHEN;1
SATIRIKER;ÄHRENKRANZ;1
SATIRIKER;TRUNKNER;1
SATIRIKER;TISIPHONE;1
SATIRIKER;WEIBERGEKLATSCH;1
SATIRIKER;WEIBER IN MASSE;1
SATIRIKER;SATYR;1
AGLAIA;MENGE;1
AGLAIA;HEROLD;1
AGLAIA;GÄRTNERINNEN;1
AGLAIA;OLIVENZWEIG MIT FRÜCHTEN;1
AGLAIA;ÄHRENKRANZ;1
AGLAIA;PHANTASIEKRANZ;1
AGLAIA;PHANTASIESTRAUSS;1
AGLAIA;ROSENKNOSPEN;1
AGLAIA;GÄRTNER;1
AGLAIA;MUTTER;1
AGLAIA;HOLZHAUER;1
AGLAIA;PULCINELLE;1
AGLAIA;PARASITEN;1
AGLAIA;TRUNKNER;1
AGLAIA;CHOR (WEITLÄUFIGER SAAL);1
AGLAIA;SATIRIKER;1
AGLAIA;HEGEMONE;1
AGLAIA;EUPHROSYNE;1
AGLAIA;ATROPOS;1
AGLAIA;KLOTHO;1
AGLAIA;LACHESIS;1
AGLAIA;ALEKTO;1
AGLAIA;MEGÄRA;1
AGLAIA;TISIPHONE;1
AGLAIA;FURCHT;1
AGLAIA;HOFFNUNG;1
AGLAIA;KLUGHEIT;1
AGLAIA;KNABE WAGENLENKER;1
AGLAIA;PLUTUS;1
AGLAIA;WEIBERGEKLATSCH;1
AGLAIA;DER ABGEMAGERTE;1
AGLAIA;HAUPTWEIB;1
AGLAIA;WEIBER IN MASSE;1
AGLAIA;GEIZ;1
AGLAIA;FAUNEN;1
AGLAIA;SATYR;1
AGLAIA;GNOMEN;1
AGLAIA;RIESEN;1
AGLAIA;NYMPHEN;1
HEGEMONE;MENGE;1
HEGEMONE;HEROLD;1
HEGEMONE;OLIVENZWEIG MIT FRÜCHTEN;1
HEGEMONE;ÄHRENKRANZ;1
HEGEMONE;PHANTASIEKRANZ;1
HEGEMONE;PHANTASIESTRAUSS;1
HEGEMONE;ROSENKNOSPEN;1
HEGEMONE;MUTTER;1
HEGEMONE;HOLZHAUER;1
HEGEMONE;PULCINELLE;1
HEGEMONE;PARASITEN;1
HEGEMONE;TRUNKNER;1
HEGEMONE;SATIRIKER;1
HEGEMONE;KLOTHO;1
HEGEMONE;LACHESIS;1
HEGEMONE;MEGÄRA;1
HEGEMONE;TISIPHONE;1
HEGEMONE;HOFFNUNG;1
HEGEMONE;KLUGHEIT;1
HEGEMONE;KNABE WAGENLENKER;1
HEGEMONE;PLUTUS;1
HEGEMONE;WEIBERGEKLATSCH;1
HEGEMONE;WEIBER IN MASSE;1
HEGEMONE;SATYR;1
HEGEMONE;RIESEN;1
HEGEMONE;NYMPHEN;1
EUPHROSYNE;MENGE;1
EUPHROSYNE;HEROLD;1
EUPHROSYNE;GÄRTNERINNEN;1
EUPHROSYNE;OLIVENZWEIG MIT FRÜCHTEN;1
EUPHROSYNE;ÄHRENKRANZ;1
EUPHROSYNE;PHANTASIEKRANZ;1
EUPHROSYNE;PHANTASIESTRAUSS;1
EUPHROSYNE;ROSENKNOSPEN;1
EUPHROSYNE;GÄRTNER;1
EUPHROSYNE;MUTTER;1
EUPHROSYNE;HOLZHAUER;1
EUPHROSYNE;PULCINELLE;1
EUPHROSYNE;PARASITEN;1
EUPHROSYNE;TRUNKNER;1
EUPHROSYNE;SATIRIKER;1
EUPHROSYNE;HEGEMONE;1
EUPHROSYNE;KLOTHO;1
EUPHROSYNE;LACHESIS;1
EUPHROSYNE;MEGÄRA;1
EUPHROSYNE;TISIPHONE;1
EUPHROSYNE;FURCHT;1
EUPHROSYNE;HOFFNUNG;1
EUPHROSYNE;KLUGHEIT;1
EUPHROSYNE;KNABE WAGENLENKER;1
EUPHROSYNE;PLUTUS;1
EUPHROSYNE;WEIBERGEKLATSCH;1
EUPHROSYNE;HAUPTWEIB;1
EUPHROSYNE;WEIBER IN MASSE;1
EUPHROSYNE;GEIZ;1
EUPHROSYNE;FAUNEN;1
EUPHROSYNE;SATYR;1
EUPHROSYNE;GNOMEN;1
EUPHROSYNE;RIESEN;1
EUPHROSYNE;NYMPHEN;1
ATROPOS;MENGE;1
ATROPOS;HEROLD;1
ATROPOS;GÄRTNERINNEN;1
ATROPOS;OLIVENZWEIG MIT FRÜCHTEN;1
ATROPOS;ÄHRENKRANZ;1
ATROPOS;PHANTASIEKRANZ;1
ATROPOS;PHANTASIESTRAUSS;1
ATROPOS;ROSENKNOSPEN;1
ATROPOS;GÄRTNER;1
ATROPOS;MUTTER;1
ATROPOS;HOLZHAUER;1
ATROPOS;PULCINELLE;1
ATROPOS;PARASITEN;1
ATROPOS;TRUNKNER;1
ATROPOS;CHOR (WEITLÄUFIGER SAAL);1
ATROPOS;SATIRIKER;1
ATROPOS;HEGEMONE;1
ATROPOS;EUPHROSYNE;1
ATROPOS;KLOTHO;1
ATROPOS;LACHESIS;1
ATROPOS;MEGÄRA;1
ATROPOS;TISIPHONE;1
ATROPOS;FURCHT;1
ATROPOS;HOFFNUNG;1
ATROPOS;KLUGHEIT;1
ATROPOS;KNABE WAGENLENKER;1
ATROPOS;PLUTUS;1
ATROPOS;WEIBERGEKLATSCH;1
ATROPOS;DER ABGEMAGERTE;1
ATROPOS;HAUPTWEIB;1
ATROPOS;WEIBER IN MASSE;1
ATROPOS;GEIZ;1
ATROPOS;FAUNEN;1
ATROPOS;SATYR;1
ATROPOS;GNOMEN;1
ATROPOS;RIESEN;1
ATROPOS;NYMPHEN;1
KLOTHO;MENGE;1
KLOTHO;OLIVENZWEIG MIT FRÜCHTEN;1
KLOTHO;ÄHRENKRANZ;1
KLOTHO;PHANTASIEKRANZ;1
KLOTHO;PHANTASIESTRAUSS;1
KLOTHO;ROSENKNOSPEN;1
KLOTHO;MUTTER;1
KLOTHO;PULCINELLE;1
KLOTHO;PARASITEN;1
KLOTHO;TRUNKNER;1
KLOTHO;SATIRIKER;1
KLOTHO;LACHESIS;1
KLOTHO;MEGÄRA;1
KLOTHO;TISIPHONE;1
KLOTHO;KLUGHEIT;1
KLOTHO;KNABE WAGENLENKER;1
KLOTHO;PLUTUS;1
KLOTHO;WEIBERGEKLATSCH;1
KLOTHO;WEIBER IN MASSE;1
KLOTHO;SATYR;1
KLOTHO;RIESEN;1
KLOTHO;NYMPHEN;1
LACHESIS;MENGE;1
LACHESIS;OLIVENZWEIG MIT FRÜCHTEN;1
LACHESIS;ÄHRENKRANZ;1
LACHESIS;PHANTASIEKRANZ;1
LACHESIS;PHANTASIESTRAUSS;1
LACHESIS;ROSENKNOSPEN;1
LACHESIS;MUTTER;1
LACHESIS;PULCINELLE;1
LACHESIS;PARASITEN;1
LACHESIS;TRUNKNER;1
LACHESIS;SATIRIKER;1
LACHESIS;MEGÄRA;1
LACHESIS;TISIPHONE;1
LACHESIS;PLUTUS;1
LACHESIS;WEIBERGEKLATSCH;1
LACHESIS;WEIBER IN MASSE;1
LACHESIS;SATYR;1
LACHESIS;RIESEN;1
LACHESIS;NYMPHEN;1
ALEKTO;MENGE;1
ALEKTO;HEROLD;1
ALEKTO;GÄRTNERINNEN;1
ALEKTO;OLIVENZWEIG MIT FRÜCHTEN;1
ALEKTO;ÄHRENKRANZ;1
ALEKTO;PHANTASIEKRANZ;1
ALEKTO;PHANTASIESTRAUSS;1
ALEKTO;ROSENKNOSPEN;1
ALEKTO;GÄRTNER;1
ALEKTO;MUTTER;1
ALEKTO;HOLZHAUER;1
ALEKTO;PULCINELLE;1
ALEKTO;PARASITEN;1
ALEKTO;TRUNKNER;1
ALEKTO;CHOR (WEITLÄUFIGER SAAL);1
ALEKTO;SATIRIKER;1
ALEKTO;HEGEMONE;1
ALEKTO;EUPHROSYNE;1
ALEKTO;ATROPOS;1
ALEKTO;KLOTHO;1
ALEKTO;LACHESIS;1
ALEKTO;MEGÄRA;1
ALEKTO;TISIPHONE;1
ALEKTO;FURCHT;1
ALEKTO;HOFFNUNG;1
ALEKTO;KLUGHEIT;1
ALEKTO;KNABE WAGENLENKER;1
ALEKTO;PLUTUS;1
ALEKTO;WEIBERGEKLATSCH;1
ALEKTO;DER ABGEMAGERTE;1
ALEKTO;HAUPTWEIB;1
ALEKTO;WEIBER IN MASSE;1
ALEKTO;GEIZ;1
ALEKTO;FAUNEN;1
ALEKTO;SATYR;1
ALEKTO;GNOMEN;1
ALEKTO;RIESEN;1
ALEKTO;NYMPHEN;1
MEGÄRA;MENGE;1
MEGÄRA;OLIVENZWEIG MIT FRÜCHTEN;1
MEGÄRA;ÄHRENKRANZ;1
MEGÄRA;PHANTASIEKRANZ;1
MEGÄRA;PHANTASIESTRAUSS;1
MEGÄRA;ROSENKNOSPEN;1
MEGÄRA;MUTTER;1
MEGÄRA;PULCINELLE;1
MEGÄRA;PARASITEN;1
MEGÄRA;TRUNKNER;1
MEGÄRA;SATIRIKER;1
MEGÄRA;TISIPHONE;1
MEGÄRA;PLUTUS;1
MEGÄRA;WEIBERGEKLATSCH;1
MEGÄRA;WEIBER IN MASSE;1
MEGÄRA;SATYR;1
MEGÄRA;RIESEN;1
MEGÄRA;NYMPHEN;1
TISIPHONE;ÄHRENKRANZ;1
TISIPHONE;TRUNKNER;1
TISIPHONE;WEIBERGEKLATSCH;1
TISIPHONE;WEIBER IN MASSE;1
FURCHT;MENGE;1
FURCHT;HEROLD;1
FURCHT;GÄRTNERINNEN;1
FURCHT;OLIVENZWEIG MIT FRÜCHTEN;1
FURCHT;ÄHRENKRANZ;1
FURCHT;PHANTASIEKRANZ;1
FURCHT;PHANTASIESTRAUSS;1
FURCHT;ROSENKNOSPEN;1
FURCHT;GÄRTNER;1
FURCHT;MUTTER;1
FURCHT;HOLZHAUER;1
FURCHT;PULCINELLE;1
FURCHT;PARASITEN;1
FURCHT;TRUNKNER;1
FURCHT;SATIRIKER;1
FURCHT;HEGEMONE;1
FURCHT;KLOTHO;1
FURCHT;LACHESIS;1
FURCHT;MEGÄRA;1
FURCHT;TISIPHONE;1
FURCHT;HOFFNUNG;1
FURCHT;KLUGHEIT;1
FURCHT;KNABE WAGENLENKER;1
FURCHT;PLUTUS;1
FURCHT;WEIBERGEKLATSCH;1
FURCHT;HAUPTWEIB;1
FURCHT;WEIBER IN MASSE;1
FURCHT;GEIZ;1
FURCHT;SATYR;1
FURCHT;GNOMEN;1
FURCHT;RIESEN;1
FURCHT;NYMPHEN;1
HOFFNUNG;MENGE;1
HOFFNUNG;OLIVENZWEIG MIT FRÜCHTEN;1
HOFFNUNG;ÄHRENKRANZ;1
HOFFNUNG;PHANTASIEKRANZ;1
HOFFNUNG;PHANTASIESTRAUSS;1
HOFFNUNG;ROSENKNOSPEN;1
HOFFNUNG;MUTTER;1
HOFFNUNG;HOLZHAUER;1
HOFFNUNG;PULCINELLE;1
HOFFNUNG;PARASITEN;1
HOFFNUNG;TRUNKNER;1
HOFFNUNG;SATIRIKER;1
HOFFNUNG;KLOTHO;1
HOFFNUNG;LACHESIS;1
HOFFNUNG;MEGÄRA;1
HOFFNUNG;TISIPHONE;1
HOFFNUNG;KLUGHEIT;1
HOFFNUNG;KNABE WAGENLENKER;1
HOFFNUNG;PLUTUS;1
HOFFNUNG;WEIBERGEKLATSCH;1
HOFFNUNG;WEIBER IN MASSE;1
HOFFNUNG;SATYR;1
HOFFNUNG;RIESEN;1
HOFFNUNG;NYMPHEN;1
KLUGHEIT;MENGE;1
KLUGHEIT;OLIVENZWEIG MIT FRÜCHTEN;1
KLUGHEIT;ÄHRENKRANZ;1
KLUGHEIT;PHANTASIEKRANZ;1
KLUGHEIT;PHANTASIESTRAUSS;1
KLUGHEIT;ROSENKNOSPEN;1
KLUGHEIT;MUTTER;1
KLUGHEIT;PULCINELLE;1
KLUGHEIT;PARASITEN;1
KLUGHEIT;TRUNKNER;1
KLUGHEIT;SATIRIKER;1
KLUGHEIT;LACHESIS;1
KLUGHEIT;MEGÄRA;1
KLUGHEIT;TISIPHONE;1
KLUGHEIT;KNABE WAGENLENKER;1
KLUGHEIT;PLUTUS;1
KLUGHEIT;WEIBERGEKLATSCH;1
KLUGHEIT;WEIBER IN MASSE;1
KLUGHEIT;SATYR;1
KLUGHEIT;RIESEN;1
KLUGHEIT;NYMPHEN;1
KNABE WAGENLENKER;MENGE;1
KNABE WAGENLENKER;OLIVENZWEIG MIT FRÜCHTEN;1
KNABE WAGENLENKER;ÄHRENKRANZ;1
KNABE WAGENLENKER;PHANTASIEKRANZ;1
KNABE WAGENLENKER;PHANTASIESTRAUSS;1
KNABE WAGENLENKER;ROSENKNOSPEN;1
KNABE WAGENLENKER;MUTTER;1
KNABE WAGENLENKER;PULCINELLE;1
KNABE WAGENLENKER;PARASITEN;1
KNABE WAGENLENKER;TRUNKNER;1
KNABE WAGENLENKER;SATIRIKER;1
KNABE WAGENLENKER;LACHESIS;1
KNABE WAGENLENKER;MEGÄRA;1
KNABE WAGENLENKER;TISIPHONE;1
KNABE WAGENLENKER;PLUTUS;1
KNABE WAGENLENKER;WEIBERGEKLATSCH;1
KNABE WAGENLENKER;WEIBER IN MASSE;1
KNABE WAGENLENKER;SATYR;1
KNABE WAGENLENKER;RIESEN;1
KNABE WAGENLENKER;NYMPHEN;1
PLUTUS;ÄHRENKRANZ;1
PLUTUS;ROSENKNOSPEN;1
PLUTUS;PULCINELLE;1
PLUTUS;TRUNKNER;1
PLUTUS;SATIRIKER;1
PLUTUS;TISIPHONE;1
PLUTUS;WEIBERGEKLATSCH;1
PLUTUS;WEIBER IN MASSE;1
PLUTUS;SATYR;1
PLUTUS;RIESEN;1
WEIBERGEKLATSCH;ÄHRENKRANZ;1
DER ABGEMAGERTE;MENGE;1
DER ABGEMAGERTE;HEROLD;1
DER ABGEMAGERTE;GÄRTNERINNEN;1
DER ABGEMAGERTE;OLIVENZWEIG MIT FRÜCHTEN;1
DER ABGEMAGERTE;ÄHRENKRANZ;1
DER ABGEMAGERTE;PHANTASIEKRANZ;1
DER ABGEMAGERTE;PHANTASIESTRAUSS;1
DER ABGEMAGERTE;ROSENKNOSPEN;1
DER ABGEMAGERTE;GÄRTNER;1
DER ABGEMAGERTE;MUTTER;1
DER ABGEMAGERTE;HOLZHAUER;1
DER ABGEMAGERTE;PULCINELLE;1
DER ABGEMAGERTE;PARASITEN;1
DER ABGEMAGERTE;TRUNKNER;1
DER ABGEMAGERTE;SATIRIKER;1
DER ABGEMAGERTE;HEGEMONE;1
DER ABGEMAGERTE;EUPHROSYNE;1
DER ABGEMAGERTE;KLOTHO;1
DER ABGEMAGERTE;LACHESIS;1
DER ABGEMAGERTE;MEGÄRA;1
DER ABGEMAGERTE;TISIPHONE;1
DER ABGEMAGERTE;FURCHT;1
DER ABGEMAGERTE;HOFFNUNG;1
DER ABGEMAGERTE;KLUGHEIT;1
DER ABGEMAGERTE;KNABE WAGENLENKER;1
DER ABGEMAGERTE;PLUTUS;1
DER ABGEMAGERTE;WEIBERGEKLATSCH;1
DER ABGEMAGERTE;HAUPTWEIB;1
DER ABGEMAGERTE;WEIBER IN MASSE;1
DER ABGEMAGERTE;GEIZ;1
DER ABGEMAGERTE;FAUNEN;1
DER ABGEMAGERTE;SATYR;1
DER ABGEMAGERTE;GNOMEN;1
DER ABGEMAGERTE;RIESEN;1
DER ABGEMAGERTE;NYMPHEN;1
HAUPTWEIB;MENGE;1
HAUPTWEIB;HEROLD;1
HAUPTWEIB;OLIVENZWEIG MIT FRÜCHTEN;1
HAUPTWEIB;ÄHRENKRANZ;1
HAUPTWEIB;PHANTASIEKRANZ;1
HAUPTWEIB;PHANTASIESTRAUSS;1
HAUPTWEIB;ROSENKNOSPEN;1
HAUPTWEIB;MUTTER;1
HAUPTWEIB;HOLZHAUER;1
HAUPTWEIB;PULCINELLE;1
HAUPTWEIB;PARASITEN;1
HAUPTWEIB;TRUNKNER;1
HAUPTWEIB;SATIRIKER;1
HAUPTWEIB;HEGEMONE;1
HAUPTWEIB;KLOTHO;1
HAUPTWEIB;LACHESIS;1
HAUPTWEIB;MEGÄRA;1
HAUPTWEIB;TISIPHONE;1
HAUPTWEIB;HOFFNUNG;1
HAUPTWEIB;KLUGHEIT;1
HAUPTWEIB;KNABE WAGENLENKER;1
HAUPTWEIB;PLUTUS;1
HAUPTWEIB;WEIBERGEKLATSCH;1
HAUPTWEIB;WEIBER IN MASSE;1
HAUPTWEIB;SATYR;1
HAUPTWEIB;RIESEN;1
HAUPTWEIB;NYMPHEN;1
WEIBER IN MASSE;ÄHRENKRANZ;1
WEIBER IN MASSE;WEIBERGEKLATSCH;1
GEIZ;MENGE;1
GEIZ;HEROLD;1
GEIZ;GÄRTNERINNEN;1
GEIZ;OLIVENZWEIG MIT FRÜCHTEN;1
GEIZ;ÄHRENKRANZ;1
GEIZ;PHANTASIEKRANZ;1
GEIZ;PHANTASIESTRAUSS;1
GEIZ;ROSENKNOSPEN;1
GEIZ;GÄRTNER;1
GEIZ;MUTTER;1
GEIZ;HOLZHAUER;1
GEIZ;PULCINELLE;1
GEIZ;PARASITEN;1
GEIZ;TRUNKNER;1
GEIZ;SATIRIKER;1
GEIZ;HEGEMONE;1
GEIZ;KLOTHO;1
GEIZ;LACHESIS;1
GEIZ;MEGÄRA;1
GEIZ;TISIPHONE;1
GEIZ;HOFFNUNG;1
GEIZ;KLUGHEIT;1
GEIZ;KNABE WAGENLENKER;1
GEIZ;PLUTUS;1
GEIZ;WEIBERGEKLATSCH;1
GEIZ;HAUPTWEIB;1
GEIZ;WEIBER IN MASSE;1
GEIZ;SATYR;1
GEIZ;GNOMEN;1
GEIZ;RIESEN;1
GEIZ;NYMPHEN;1
FAUNEN;MENGE;1
FAUNEN;HEROLD;1
FAUNEN;GÄRTNERINNEN;1
FAUNEN;OLIVENZWEIG MIT FRÜCHTEN;1
FAUNEN;ÄHRENKRANZ;1
FAUNEN;PHANTASIEKRANZ;1
FAUNEN;PHANTASIESTRAUSS;1
FAUNEN;ROSENKNOSPEN;1
FAUNEN;GÄRTNER;1
FAUNEN;MUTTER;1
FAUNEN;HOLZHAUER;1
FAUNEN;PULCINELLE;1
FAUNEN;PARASITEN;1
FAUNEN;TRUNKNER;1
FAUNEN;SATIRIKER;1
FAUNEN;HEGEMONE;1
FAUNEN;KLOTHO;1
FAUNEN;LACHESIS;1
FAUNEN;MEGÄRA;1
FAUNEN;TISIPHONE;1
FAUNEN;FURCHT;1
FAUNEN;HOFFNUNG;1
FAUNEN;KLUGHEIT;1
FAUNEN;KNABE WAGENLENKER;1
FAUNEN;PLUTUS;1
FAUNEN;WEIBERGEKLATSCH;1
FAUNEN;HAUPTWEIB;1
FAUNEN;WEIBER IN MASSE;1
FAUNEN;GEIZ;1
FAUNEN;SATYR;1
FAUNEN;GNOMEN;1
FAUNEN;RIESEN;1
FAUNEN;NYMPHEN;1
SATYR;ÄHRENKRANZ;1
SATYR;TRUNKNER;1
SATYR;TISIPHONE;1
SATYR;WEIBERGEKLATSCH;1
SATYR;WEIBER IN MASSE;1
GNOMEN;MENGE;1
GNOMEN;HEROLD;1
GNOMEN;GÄRTNERINNEN;1
GNOMEN;OLIVENZWEIG MIT FRÜCHTEN;1
GNOMEN;ÄHRENKRANZ;1
GNOMEN;PHANTASIEKRANZ;1
GNOMEN;PHANTASIESTRAUSS;1
GNOMEN;ROSENKNOSPEN;1
GNOMEN;GÄRTNER;1
GNOMEN;MUTTER;1
GNOMEN;HOLZHAUER;1
GNOMEN;PULCINELLE;1
GNOMEN;PARASITEN;1
GNOMEN;TRUNKNER;1
GNOMEN;SATIRIKER;1
GNOMEN;HEGEMONE;1
GNOMEN;KLOTHO;1
GNOMEN;LACHESIS;1
GNOMEN;MEGÄRA;1
GNOMEN;TISIPHONE;1
GNOMEN;HOFFNUNG;1
GNOMEN;KLUGHEIT;1
GNOMEN;KNABE WAGENLENKER;1
GNOMEN;PLUTUS;1
GNOMEN;WEIBERGEKLATSCH;1
GNOMEN;HAUPTWEIB;1
GNOMEN;WEIBER IN MASSE;1
GNOMEN;SATYR;1
GNOMEN;RIESEN;1
GNOMEN;NYMPHEN;1
RIESEN;ÄHRENKRANZ;1
RIESEN;ROSENKNOSPEN;1
RIESEN;TRUNKNER;1
RIESEN;SATIRIKER;1
RIESEN;TISIPHONE;1
RIESEN;WEIBERGEKLATSCH;1
RIESEN;WEIBER IN MASSE;1
RIESEN;SATYR;1
PAGE;SCHATZMEISTER;1
PAGE;ZWEITE DAME;1
PAGE;VIERTE DAME;1
PAGE;SECHSTE DAME;1
PAGE;RITTER;1
PAGE;ÄLTERE DAME;1
PAGE;ÄLTESTE DAME;1
PAGE;POET;1
EIN ANDRER;FAUST;1
EIN ANDRER;KAISER;1
EIN ANDRER;MEPHISTOPHELES;1
EIN ANDRER;KANZLER;1
EIN ANDRER;HEERMEISTER;1
EIN ANDRER;SCHATZMEISTER;1
EIN ANDRER;MARSCHALL;1
EIN ANDRER;PAGE;1
EIN ANDRER;KÄMMERER;1
EIN ANDRER;NARR;1
KÄMMERER;MEPHISTOPHELES;3
KÄMMERER;SCHATZMEISTER;1
KÄMMERER;MARSCHALL;2
KÄMMERER;PAGE;3
KÄMMERER;NARR;1
KÄMMERER;ZWEITE DAME;1
KÄMMERER;VIERTE DAME;1
KÄMMERER;SECHSTE DAME;1
KÄMMERER;RITTER;1
KÄMMERER;ÄLTERE DAME;1
KÄMMERER;ÄLTESTE DAME;1
KÄMMERER;POET;1
BANNERHERR;FAUST;1
BANNERHERR;KAISER;1
BANNERHERR;MEPHISTOPHELES;1
BANNERHERR;KANZLER;1
BANNERHERR;HEERMEISTER;1
BANNERHERR;SCHATZMEISTER;1
BANNERHERR;MARSCHALL;1
BANNERHERR;PAGE;1
BANNERHERR;EIN ANDRER;1
BANNERHERR;KÄMMERER;1
BANNERHERR;NARR;1
NARR;SCHATZMEISTER;1
NARR;PAGE;1
BLONDINE;MEPHISTOPHELES;1
BLONDINE;MARSCHALL;1
BLONDINE;PAGE;1
BLONDINE;KÄMMERER;1
BLONDINE;BRAUNE;1
BLONDINE;DAME;1
BRAUNE;MEPHISTOPHELES;1
BRAUNE;MARSCHALL;1
BRAUNE;PAGE;1
BRAUNE;KÄMMERER;1
BRAUNE;DAME;1
DAME;FAUST;1
DAME;MEPHISTOPHELES;2
DAME;MARSCHALL;1
DAME;HEROLD;1
DAME;PAGE;2
DAME;KÄMMERER;2
DAME;ZWEITE DAME;1
DAME;DRITTE DAME;1
DAME;VIERTE DAME;1
DAME;FÜNFTE DAME;1
DAME;SECHSTE DAME;1
DAME;RITTER;1
DAME;JUNGE DAME;1
DAME;ÄLTERE DAME;1
DAME;ÄLTESTE DAME;1
DAME;DIPLOMAT;1
DAME;HOFMANN;1
DAME;POET;1
DAME;DUENNA;1
DAME;GELAHRTER;1
ARCHITEKT;FAUST;1
ARCHITEKT;MEPHISTOPHELES;1
ARCHITEKT;ASTROLOG;1
ARCHITEKT;HEROLD;1
ARCHITEKT;PAGE;1
ARCHITEKT;KÄMMERER;1
ARCHITEKT;DAME;1
ARCHITEKT;ZWEITE DAME;1
ARCHITEKT;DRITTE DAME;1
ARCHITEKT;VIERTE DAME;1
ARCHITEKT;FÜNFTE DAME;1
ARCHITEKT;SECHSTE DAME;1
ARCHITEKT;RITTER;1
ARCHITEKT;JUNGE DAME;1
ARCHITEKT;ÄLTERE DAME;1
ARCHITEKT;ÄLTESTE DAME;1
ARCHITEKT;DIPLOMAT;1
ARCHITEKT;HOFMANN;1
ARCHITEKT;POET;1
ARCHITEKT;DUENNA;1
ARCHITEKT;GELAHRTER;1
ZWEITE DAME;ÄLTERE DAME;1
ZWEITE DAME;ÄLTESTE DAME;1
DRITTE DAME;FAUST;1
DRITTE DAME;MEPHISTOPHELES;1
DRITTE DAME;HEROLD;1
DRITTE DAME;PAGE;1
DRITTE DAME;KÄMMERER;1
DRITTE DAME;ZWEITE DAME;1
DRITTE DAME;VIERTE DAME;1
DRITTE DAME;FÜNFTE DAME;1
DRITTE DAME;SECHSTE DAME;1
DRITTE DAME;RITTER;1
DRITTE DAME;JUNGE DAME;1
DRITTE DAME;ÄLTERE DAME;1
DRITTE DAME;ÄLTESTE DAME;1
DRITTE DAME;HOFMANN;1
DRITTE DAME;POET;1
DRITTE DAME;DUENNA;1
DRITTE DAME;GELAHRTER;1
VIERTE DAME;ZWEITE DAME;1
VIERTE DAME;ÄLTERE DAME;1
VIERTE DAME;ÄLTESTE DAME;1
FÜNFTE DAME;MEPHISTOPHELES;1
FÜNFTE DAME;HEROLD;1
FÜNFTE DAME;PAGE;1
FÜNFTE DAME;KÄMMERER;1
FÜNFTE DAME;ZWEITE DAME;1
FÜNFTE DAME;VIERTE DAME;1
FÜNFTE DAME;SECHSTE DAME;1
FÜNFTE DAME;RITTER;1
FÜNFTE DAME;JUNGE DAME;1
FÜNFTE DAME;ÄLTERE DAME;1
FÜNFTE DAME;ÄLTESTE DAME;1
FÜNFTE DAME;HOFMANN;1
FÜNFTE DAME;POET;1
FÜNFTE DAME;GELAHRTER;1
SECHSTE DAME;ZWEITE DAME;1
SECHSTE DAME;VIERTE DAME;1
SECHSTE DAME;ÄLTERE DAME;1
SECHSTE DAME;ÄLTESTE DAME;1
RITTER;ZWEITE DAME;1
RITTER;VIERTE DAME;1
RITTER;SECHSTE DAME;1
RITTER;ÄLTERE DAME;1
RITTER;ÄLTESTE DAME;1
ANDRER;FAUST;1
ANDRER;MEPHISTOPHELES;1
ANDRER;ASTROLOG;1
ANDRER;HEROLD;1
ANDRER;PAGE;1
ANDRER;KÄMMERER;1
ANDRER;DAME;1
ANDRER;ARCHITEKT;1
ANDRER;ZWEITE DAME;1
ANDRER;DRITTE DAME;1
ANDRER;VIERTE DAME;1
ANDRER;FÜNFTE DAME;1
ANDRER;SECHSTE DAME;1
ANDRER;RITTER;1
ANDRER;JUNGE DAME;1
ANDRER;ÄLTERE DAME;1
ANDRER;ÄLTESTE DAME;1
ANDRER;DIPLOMAT;1
ANDRER;HOFMANN;1
ANDRER;POET;1
ANDRER;DUENNA;1
ANDRER;GELAHRTER;1
JUNGE DAME;MEPHISTOPHELES;1
JUNGE DAME;PAGE;1
JUNGE DAME;KÄMMERER;1
JUNGE DAME;ZWEITE DAME;1
JUNGE DAME;VIERTE DAME;1
JUNGE DAME;SECHSTE DAME;1
JUNGE DAME;RITTER;1
JUNGE DAME;ÄLTERE DAME;1
JUNGE DAME;ÄLTESTE DAME;1
JUNGE DAME;POET;1
ÄLTERE DAME;ÄLTESTE DAME;1
DIPLOMAT;FAUST;1
DIPLOMAT;MEPHISTOPHELES;1
DIPLOMAT;HEROLD;1
DIPLOMAT;PAGE;1
DIPLOMAT;KÄMMERER;1
DIPLOMAT;ZWEITE DAME;1
DIPLOMAT;DRITTE DAME;1
DIPLOMAT;VIERTE DAME;1
DIPLOMAT;FÜNFTE DAME;1
DIPLOMAT;SECHSTE DAME;1
DIPLOMAT;RITTER;1
DIPLOMAT;JUNGE DAME;1
DIPLOMAT;ÄLTERE DAME;1
DIPLOMAT;ÄLTESTE DAME;1
DIPLOMAT;HOFMANN;1
DIPLOMAT;POET;1
DIPLOMAT;DUENNA;1
DIPLOMAT;GELAHRTER;1
HOFMANN;MEPHISTOPHELES;1
HOFMANN;PAGE;1
HOFMANN;KÄMMERER;1
HOFMANN;ZWEITE DAME;1
HOFMANN;VIERTE DAME;1
HOFMANN;SECHSTE DAME;1
HOFMANN;RITTER;1
HOFMANN;JUNGE DAME;1
HOFMANN;ÄLTERE DAME;1
HOFMANN;ÄLTESTE DAME;1
HOFMANN;POET;1
POET;ZWEITE DAME;1
POET;VIERTE DAME;1
POET;SECHSTE DAME;1
POET;RITTER;1
POET;ÄLTERE DAME;1
POET;ÄLTESTE DAME;1
DUENNA;FAUST;1
DUENNA;MEPHISTOPHELES;1
DUENNA;HEROLD;1
DUENNA;PAGE;1
DUENNA;KÄMMERER;1
DUENNA;ZWEITE DAME;1
DUENNA;VIERTE DAME;1
DUENNA;FÜNFTE DAME;1
DUENNA;SECHSTE DAME;1
DUENNA;RITTER;1
DUENNA;JUNGE DAME;1
DUENNA;ÄLTERE DAME;1
DUENNA;ÄLTESTE DAME;1
DUENNA;HOFMANN;1
DUENNA;POET;1
DUENNA;GELAHRTER;1
GELAHRTER;MEPHISTOPHELES;1
GELAHRTER;HEROLD;1
GELAHRTER;PAGE;1
GELAHRTER;KÄMMERER;1
GELAHRTER;ZWEITE DAME;1
GELAHRTER;VIERTE DAME;1
GELAHRTER;SECHSTE DAME;1
GELAHRTER;RITTER;1
GELAHRTER;JUNGE DAME;1
GELAHRTER;ÄLTERE DAME;1
GELAHRTER;ÄLTESTE DAME;1
GELAHRTER;HOFMANN;1
GELAHRTER;POET;1
CHOR DER INSEKTEN;MEPHISTOPHELES;1
CHOR DER INSEKTEN;FAMULUS;1
FAMULUS;MEPHISTOPHELES;1
BACCALAUREUS;MEPHISTOPHELES;1
BACCALAUREUS;CHOR DER INSEKTEN;1
BACCALAUREUS;FAMULUS;1
HOMUNCULUS;MEPHISTOPHELES;3
HOMUNCULUS;WAGNER;1
HOMUNCULUS;ZWEITER GREIF;1
HOMUNCULUS;SIRENEN;2
HOMUNCULUS;SPHINXE;1
HOMUNCULUS;SEISMOS;1
HOMUNCULUS;PYGMÄEN;1
HOMUNCULUS;IMSEN;1
HOMUNCULUS;LAMIEN;1
HOMUNCULUS;OREAS;1
HOMUNCULUS;THALES;2
HOMUNCULUS;PHORKYADEN;1
HOMUNCULUS;NEREIDEN UND TRITONEN;1
HOMUNCULUS;NEREUS;1
HOMUNCULUS;PROTEUS;1
HOMUNCULUS;TELCHINEN;1
HOMUNCULUS;PSYLLEN UND MARSEN;1
ERICHTHO;FAUST;1
ERICHTHO;MEPHISTOPHELES;1
ERICHTHO;HOMUNCULUS;1
AMEISEN;FAUST;1
AMEISEN;MEPHISTOPHELES;2
AMEISEN;HOMUNCULUS;1
AMEISEN;ARIMASPEN;1
AMEISEN;ERSTER GREIF;2
AMEISEN;ZWEITER GREIF;2
AMEISEN;SIRENEN;2
AMEISEN;SPHINXE;2
AMEISEN;SEISMOS;1
AMEISEN;PYGMÄEN;1
AMEISEN;DAKTYLE;1
AMEISEN;GENERALISSIMUS;1
AMEISEN;IMSEN;1
AMEISEN;DIE KRANICHE DES IBYKUS;1
AMEISEN;LAMIEN;1
AMEISEN;EMPUSE;1
AMEISEN;OREAS;1
AMEISEN;ANAXAGORAS;1
AMEISEN;THALES;1
AMEISEN;DRYAS;1
AMEISEN;PHORKYADEN;1
AMEISEN;EINE PHORKYADEN;1
ARIMASPEN;FAUST;1
ARIMASPEN;MEPHISTOPHELES;1
ARIMASPEN;ERSTER GREIF;1
ARIMASPEN;ZWEITER GREIF;1
ARIMASPEN;SIRENEN;1
ARIMASPEN;SPHINXE;1
ERSTER GREIF;FAUST;1
ERSTER GREIF;MEPHISTOPHELES;2
ERSTER GREIF;HOMUNCULUS;1
ERSTER GREIF;ZWEITER GREIF;2
ERSTER GREIF;SIRENEN;2
ERSTER GREIF;SPHINXE;2
ERSTER GREIF;SEISMOS;1
ERSTER GREIF;PYGMÄEN;1
ERSTER GREIF;GENERALISSIMUS;1
ERSTER GREIF;IMSEN;1
ERSTER GREIF;LAMIEN;1
ERSTER GREIF;OREAS;1
ERSTER GREIF;THALES;1
ERSTER GREIF;PHORKYADEN;1
SIRENEN;ZWEITER GREIF;2
SIRENEN;SPHINXE;2
SIRENEN;THALES;2
SIRENEN;TELCHINEN;1
SPHINXE;ZWEITER GREIF;2
SPHINXE;THALES;1
NYMPHEN;OLIVENZWEIG MIT FRÜCHTEN;1
NYMPHEN;ÄHRENKRANZ;1
NYMPHEN;PHANTASIEKRANZ;1
NYMPHEN;PHANTASIESTRAUSS;1
NYMPHEN;ROSENKNOSPEN;1
NYMPHEN;PULCINELLE;1
NYMPHEN;PARASITEN;1
NYMPHEN;TRUNKNER;1
NYMPHEN;SATIRIKER;1
NYMPHEN;TISIPHONE;1
NYMPHEN;PLUTUS;1
NYMPHEN;WEIBERGEKLATSCH;1
NYMPHEN;WEIBER IN MASSE;1
NYMPHEN;SATYR;1
NYMPHEN;RIESEN;1
NYMPHEN;PENEIOS;1
CHIRON;FAUST;1
CHIRON;PENEIOS;1
CHIRON;NYMPHEN;1
CHIRON;MANTO;1
MANTO;PENEIOS;1
MANTO;NYMPHEN;1
SEISMOS;ZWEITER GREIF;1
SEISMOS;SIRENEN;1
SEISMOS;SPHINXE;1
SEISMOS;THALES;1
PYGMÄEN;ZWEITER GREIF;1
PYGMÄEN;SIRENEN;1
PYGMÄEN;SPHINXE;1
PYGMÄEN;SEISMOS;1
PYGMÄEN;THALES;1
DAKTYLE;MEPHISTOPHELES;1
DAKTYLE;HOMUNCULUS;1
DAKTYLE;ERSTER GREIF;1
DAKTYLE;ZWEITER GREIF;1
DAKTYLE;SIRENEN;1
DAKTYLE;SPHINXE;1
DAKTYLE;SEISMOS;1
DAKTYLE;PYGMÄEN;1
DAKTYLE;GENERALISSIMUS;1
DAKTYLE;IMSEN;1
DAKTYLE;DIE KRANICHE DES IBYKUS;1
DAKTYLE;LAMIEN;1
DAKTYLE;EMPUSE;1
DAKTYLE;OREAS;1
DAKTYLE;THALES;1
DAKTYLE;DRYAS;1
DAKTYLE;PHORKYADEN;1
DAKTYLE;EINE PHORKYADEN;1
GENERALISSIMUS;MEPHISTOPHELES;1
GENERALISSIMUS;HOMUNCULUS;1
GENERALISSIMUS;ZWEITER GREIF;1
GENERALISSIMUS;SIRENEN;1
GENERALISSIMUS;SPHINXE;1
GENERALISSIMUS;SEISMOS;1
GENERALISSIMUS;PYGMÄEN;1
GENERALISSIMUS;IMSEN;1
GENERALISSIMUS;LAMIEN;1
GENERALISSIMUS;OREAS;1
GENERALISSIMUS;THALES;1
GENERALISSIMUS;PHORKYADEN;1
IMSEN;MEPHISTOPHELES;1
IMSEN;ZWEITER GREIF;1
IMSEN;SIRENEN;1
IMSEN;SPHINXE;1
IMSEN;SEISMOS;1
IMSEN;PYGMÄEN;1
IMSEN;LAMIEN;1
IMSEN;OREAS;1
IMSEN;THALES;1
IMSEN;PHORKYADEN;1
DIE KRANICHE DES IBYKUS;MEPHISTOPHELES;1
DIE KRANICHE DES IBYKUS;HOMUNCULUS;1
DIE KRANICHE DES IBYKUS;ERSTER GREIF;1
DIE KRANICHE DES IBYKUS;ZWEITER GREIF;1
DIE KRANICHE DES IBYKUS;SIRENEN;1
DIE KRANICHE DES IBYKUS;SPHINXE;1
DIE KRANICHE DES IBYKUS;SEISMOS;1
DIE KRANICHE DES IBYKUS;PYGMÄEN;1
DIE KRANICHE DES IBYKUS;GENERALISSIMUS;1
DIE KRANICHE DES IBYKUS;IMSEN;1
DIE KRANICHE DES IBYKUS;LAMIEN;1
DIE KRANICHE DES IBYKUS;EMPUSE;1
DIE KRANICHE DES IBYKUS;OREAS;1
DIE KRANICHE DES IBYKUS;THALES;1
DIE KRANICHE DES IBYKUS;DRYAS;1
DIE KRANICHE DES IBYKUS;PHORKYADEN;1
DIE KRANICHE DES IBYKUS;EINE PHORKYADEN;1
LAMIEN;MEPHISTOPHELES;1
LAMIEN;ZWEITER GREIF;1
LAMIEN;SIRENEN;1
LAMIEN;SPHINXE;1
LAMIEN;SEISMOS;1
LAMIEN;PYGMÄEN;1
LAMIEN;OREAS;1
LAMIEN;THALES;1
LAMIEN;PHORKYADEN;1
EMPUSE;MEPHISTOPHELES;1
EMPUSE;HOMUNCULUS;1
EMPUSE;ERSTER GREIF;1
EMPUSE;ZWEITER GREIF;1
EMPUSE;SIRENEN;1
EMPUSE;SPHINXE;1
EMPUSE;SEISMOS;1
EMPUSE;PYGMÄEN;1
EMPUSE;GENERALISSIMUS;1
EMPUSE;IMSEN;1
EMPUSE;LAMIEN;1
EMPUSE;OREAS;1
EMPUSE;THALES;1
EMPUSE;PHORKYADEN;1
OREAS;ZWEITER GREIF;1
OREAS;SIRENEN;1
OREAS;SPHINXE;1
OREAS;SEISMOS;1
OREAS;PYGMÄEN;1
OREAS;THALES;1
OREAS;PHORKYADEN;1
ANAXAGORAS;MEPHISTOPHELES;1
ANAXAGORAS;HOMUNCULUS;1
ANAXAGORAS;ERSTER GREIF;1
ANAXAGORAS;ZWEITER GREIF;1
ANAXAGORAS;SIRENEN;1
ANAXAGORAS;SPHINXE;1
ANAXAGORAS;SEISMOS;1
ANAXAGORAS;PYGMÄEN;1
ANAXAGORAS;DAKTYLE;1
ANAXAGORAS;GENERALISSIMUS;1
ANAXAGORAS;IMSEN;1
ANAXAGORAS;DIE KRANICHE DES IBYKUS;1
ANAXAGORAS;LAMIEN;1
ANAXAGORAS;EMPUSE;1
ANAXAGORAS;OREAS;1
ANAXAGORAS;THALES;1
ANAXAGORAS;DRYAS;1
ANAXAGORAS;PHORKYADEN;1
ANAXAGORAS;EINE PHORKYADEN;1
THALES;ZWEITER GREIF;1
DRYAS;MEPHISTOPHELES;1
DRYAS;HOMUNCULUS;1
DRYAS;ERSTER GREIF;1
DRYAS;ZWEITER GREIF;1
DRYAS;SIRENEN;1
DRYAS;SPHINXE;1
DRYAS;SEISMOS;1
DRYAS;PYGMÄEN;1
DRYAS;GENERALISSIMUS;1
DRYAS;IMSEN;1
DRYAS;LAMIEN;1
DRYAS;EMPUSE;1
DRYAS;OREAS;1
DRYAS;THALES;1
DRYAS;PHORKYADEN;1
DRYAS;EINE PHORKYADEN;1
PHORKYADEN;ZWEITER GREIF;1
PHORKYADEN;SIRENEN;1
PHORKYADEN;SPHINXE;1
PHORKYADEN;SEISMOS;1
PHORKYADEN;PYGMÄEN;1
PHORKYADEN;THALES;1
EINE PHORKYADEN;MEPHISTOPHELES;1
EINE PHORKYADEN;HOMUNCULUS;1
EINE PHORKYADEN;ERSTER GREIF;1
EINE PHORKYADEN;ZWEITER GREIF;1
EINE PHORKYADEN;SIRENEN;1
EINE PHORKYADEN;SPHINXE;1
EINE PHORKYADEN;SEISMOS;1
EINE PHORKYADEN;PYGMÄEN;1
EINE PHORKYADEN;GENERALISSIMUS;1
EINE PHORKYADEN;IMSEN;1
EINE PHORKYADEN;LAMIEN;1
EINE PHORKYADEN;EMPUSE;1
EINE PHORKYADEN;OREAS;1
EINE PHORKYADEN;THALES;1
EINE PHORKYADEN;PHORKYADEN;1
NEREIDEN UND TRITONEN;SIRENEN;1
NEREIDEN UND TRITONEN;THALES;1
NEREIDEN UND TRITONEN;NEREUS;1
NEREIDEN UND TRITONEN;PROTEUS;1
NEREIDEN UND TRITONEN;TELCHINEN;1
NEREIDEN UND TRITONEN;PSYLLEN UND MARSEN;1
NEREUS;SIRENEN;1
NEREUS;THALES;1
NEREUS;PROTEUS;1
NEREUS;TELCHINEN;1
NEREUS;PSYLLEN UND MARSEN;1
PROTEUS;SIRENEN;1
PROTEUS;THALES;1
PROTEUS;TELCHINEN;1
PROTEUS;PSYLLEN UND MARSEN;1
CHOR (FELSENBUCHT);HOMUNCULUS;1
CHOR (FELSENBUCHT);SIRENEN;1
CHOR (FELSENBUCHT);THALES;1
CHOR (FELSENBUCHT);NEREIDEN UND TRITONEN;1
CHOR (FELSENBUCHT);NEREUS;1
CHOR (FELSENBUCHT);PROTEUS;1
CHOR (FELSENBUCHT);TELCHINEN;1
CHOR (FELSENBUCHT);PSYLLEN UND MARSEN;1
CHOR (FELSENBUCHT);DORIDEN;1
CHOR (FELSENBUCHT);DIE JÜNGLINGE;1
CHOR (FELSENBUCHT);GALATEE;1
CHOR (FELSENBUCHT);ECHO;1
TELCHINEN;THALES;1
PSYLLEN UND MARSEN;SIRENEN;1
PSYLLEN UND MARSEN;THALES;1
PSYLLEN UND MARSEN;TELCHINEN;1
DORIDEN;HOMUNCULUS;1
DORIDEN;SIRENEN;1
DORIDEN;THALES;1
DORIDEN;NEREIDEN UND TRITONEN;1
DORIDEN;NEREUS;1
DORIDEN;PROTEUS;1
DORIDEN;TELCHINEN;1
DORIDEN;PSYLLEN UND MARSEN;1
DORIDEN;GALATEE;1
DORIDEN;ECHO;1
DIE JÜNGLINGE;HOMUNCULUS;1
DIE JÜNGLINGE;SIRENEN;1
DIE JÜNGLINGE;THALES;1
DIE JÜNGLINGE;NEREIDEN UND TRITONEN;1
DIE JÜNGLINGE;NEREUS;1
DIE JÜNGLINGE;PROTEUS;1
DIE JÜNGLINGE;TELCHINEN;1
DIE JÜNGLINGE;PSYLLEN UND MARSEN;1
DIE JÜNGLINGE;DORIDEN;1
DIE JÜNGLINGE;GALATEE;1
DIE JÜNGLINGE;ECHO;1
GALATEE;HOMUNCULUS;1
GALATEE;SIRENEN;1
GALATEE;THALES;1
GALATEE;NEREIDEN UND TRITONEN;1
GALATEE;NEREUS;1
GALATEE;PROTEUS;1
GALATEE;TELCHINEN;1
GALATEE;PSYLLEN UND MARSEN;1
ECHO;HOMUNCULUS;1
ECHO;SIRENEN;1
ECHO;THALES;1
ECHO;NEREIDEN UND TRITONEN;1
ECHO;NEREUS;1
ECHO;PROTEUS;1
ECHO;TELCHINEN;1
ECHO;PSYLLEN UND MARSEN;1
ECHO;GALATEE;1
HELENA;MEPHISTOPHELES;3
HELENA;PANTHALIS;2
HELENA;TURMWÄCHTER LYNKEUS;1
HELENA;MÄDCHEN;1
CHORFÜHRERIN;FAUST;1
CHORFÜHRERIN;MEPHISTOPHELES;2
CHORFÜHRERIN;HELENA;2
CHORFÜHRERIN;PANTHALIS;1
CHORFÜHRERIN;TURMWÄCHTER LYNKEUS;1
CHOR (3. AKT);FAUST;2
CHOR (3. AKT);MEPHISTOPHELES;3
CHOR (3. AKT);HELENA;3
CHOR (3. AKT);PANTHALIS;2
CHOR (3. AKT);CHORFÜHRERIN;2
CHOR (3. AKT);CHORETIDE 1;1
CHOR (3. AKT);CHORETIDE 2;1
CHOR (3. AKT);CHORETIDE 3;1
CHOR (3. AKT);CHORETIDE 4;1
CHOR (3. AKT);CHORETIDE 5;1
CHOR (3. AKT);CHORETIDE 6;1
CHOR (3. AKT);TURMWÄCHTER LYNKEUS;1
CHOR (3. AKT);EUPHORION;1
CHOR (3. AKT);MÄDCHEN;1
CHORETIDE 1;MEPHISTOPHELES;1
CHORETIDE 1;HELENA;1
CHORETIDE 1;PANTHALIS;1
CHORETIDE 1;CHORFÜHRERIN;1
CHORETIDE 1;CHORETIDE 2;1
CHORETIDE 1;CHORETIDE 3;1
CHORETIDE 1;CHORETIDE 4;1
CHORETIDE 1;CHORETIDE 5;1
CHORETIDE 1;CHORETIDE 6;1
CHORETIDE 2;MEPHISTOPHELES;1
CHORETIDE 2;HELENA;1
CHORETIDE 2;PANTHALIS;1
CHORETIDE 2;CHORFÜHRERIN;1
CHORETIDE 2;CHORETIDE 3;1
CHORETIDE 2;CHORETIDE 4;1
CHORETIDE 2;CHORETIDE 5;1
CHORETIDE 2;CHORETIDE 6;1
CHORETIDE 3;MEPHISTOPHELES;1
CHORETIDE 3;HELENA;1
CHORETIDE 3;PANTHALIS;1
CHORETIDE 3;CHORFÜHRERIN;1
CHORETIDE 3;CHORETIDE 4;1
CHORETIDE 3;CHORETIDE 5;1
CHORETIDE 3;CHORETIDE 6;1
CHORETIDE 4;MEPHISTOPHELES;1
CHORETIDE 4;HELENA;1
CHORETIDE 4;PANTHALIS;1
CHORETIDE 4;CHORFÜHRERIN;1
CHORETIDE 4;CHORETIDE 5;1
CHORETIDE 4;CHORETIDE 6;1
CHORETIDE 5;MEPHISTOPHELES;1
CHORETIDE 5;HELENA;1
CHORETIDE 5;PANTHALIS;1
CHORETIDE 5;CHORFÜHRERIN;1
CHORETIDE 5;CHORETIDE 6;1
CHORETIDE 6;MEPHISTOPHELES;1
CHORETIDE 6;HELENA;1
CHORETIDE 6;PANTHALIS;1
CHORETIDE 6;CHORFÜHRERIN;1
EUPHORION;FAUST;1
EUPHORION;MEPHISTOPHELES;1
EUPHORION;HELENA;1
EUPHORION;PANTHALIS;1
EUPHORION;MÄDCHEN;1
MÄDCHEN;PANTHALIS;1
ALLE;FAUST;1
ALLE;MEPHISTOPHELES;1
ALLE;HELENA;1
ALLE;PANTHALIS;1
ALLE;CHOR (3. AKT);1
ALLE;EUPHORION;1
ALLE;MÄDCHEN;1
RAUFEBOLD;ZWEITER KUNDSCHAFTER;1
HABEBALD;KAISER;2
HABEBALD;MEPHISTOPHELES;4
HABEBALD;RAUFEBOLD;4
HABEBALD;HALTEFEST;4
HABEBALD;OBERGENERAL;1
HABEBALD;ZWEITER KUNDSCHAFTER;1
HABEBALD;HEROLDE;1
HABEBALD;ZWEITER TRABANT;1
HABEBALD;VIERTER TRABANT;1
HABEBALD;LYNKEUS DER TÜRMER;2
HALTEFEST;KAISER;1
HALTEFEST;MEPHISTOPHELES;4
HALTEFEST;RAUFEBOLD;4
HALTEFEST;OBERGENERAL;1
HALTEFEST;ZWEITER KUNDSCHAFTER;1
HALTEFEST;HEROLDE;1
HALTEFEST;LYNKEUS DER TÜRMER;2
OBERGENERAL;RAUFEBOLD;1
OBERGENERAL;ZWEITER KUNDSCHAFTER;1
ERSTER KUNDSCHAFTER;FAUST;1
ERSTER KUNDSCHAFTER;KAISER;1
ERSTER KUNDSCHAFTER;MEPHISTOPHELES;1
ERSTER KUNDSCHAFTER;RAUFEBOLD;1
ERSTER KUNDSCHAFTER;HABEBALD;1
ERSTER KUNDSCHAFTER;HALTEFEST;1
ERSTER KUNDSCHAFTER;OBERGENERAL;1
ERSTER KUNDSCHAFTER;ZWEITER KUNDSCHAFTER;1
ERSTER KUNDSCHAFTER;HEROLDE;1
HEROLDE;KAISER;1
HEROLDE;MEPHISTOPHELES;1
HEROLDE;RAUFEBOLD;1
HEROLDE;OBERGENERAL;1
HEROLDE;ZWEITER KUNDSCHAFTER;1
EILEBEUTE;FAUST;1
EILEBEUTE;KAISER;2
EILEBEUTE;MEPHISTOPHELES;1
EILEBEUTE;RAUFEBOLD;1
EILEBEUTE;HABEBALD;2
EILEBEUTE;HALTEFEST;1
EILEBEUTE;OBERGENERAL;1
EILEBEUTE;ERSTER KUNDSCHAFTER;1
EILEBEUTE;ZWEITER KUNDSCHAFTER;1
EILEBEUTE;HEROLDE;1
EILEBEUTE;ERSTER TRABANT;1
EILEBEUTE;ZWEITER TRABANT;1
EILEBEUTE;VIERTER TRABANT;1
EILEBEUTE;ERZMARSCHALL;1
EILEBEUTE;ERZKÄMMERER;1
EILEBEUTE;ERZTRUCHSESS;1
EILEBEUTE;ERZSCHENK;1
EILEBEUTE;ERZBISCHOF;1
EILEBEUTE;ERZKANZLER;1
ERSTER TRABANT;KAISER;1
ERSTER TRABANT;HABEBALD;1
ERSTER TRABANT;ZWEITER TRABANT;1
ERSTER TRABANT;VIERTER TRABANT;1
ERSTER TRABANT;ERZMARSCHALL;1
ERSTER TRABANT;ERZKÄMMERER;1
ERSTER TRABANT;ERZTRUCHSESS;1
ERSTER TRABANT;ERZSCHENK;1
ERSTER TRABANT;ERZBISCHOF;1
ERSTER TRABANT;ERZKANZLER;1
DRITTER TRABANT;KAISER;1
DRITTER TRABANT;HABEBALD;1
DRITTER TRABANT;EILEBEUTE;1
DRITTER TRABANT;ERSTER TRABANT;1
DRITTER TRABANT;ZWEITER TRABANT;1
DRITTER TRABANT;VIERTER TRABANT;1
DRITTER TRABANT;ERZMARSCHALL;1
DRITTER TRABANT;ERZKÄMMERER;1
DRITTER TRABANT;ERZTRUCHSESS;1
DRITTER TRABANT;ERZSCHENK;1
DRITTER TRABANT;ERZBISCHOF;1
DRITTER TRABANT;ERZKANZLER;1
VIERTER TRABANT;ZWEITER TRABANT;1
ERZMARSCHALL;KAISER;1
ERZMARSCHALL;HABEBALD;1
ERZMARSCHALL;ZWEITER TRABANT;1
ERZMARSCHALL;VIERTER TRABANT;1
ERZMARSCHALL;ERZTRUCHSESS;1
ERZMARSCHALL;ERZSCHENK;1
ERZKÄMMERER;KAISER;1
ERZKÄMMERER;HABEBALD;1
ERZKÄMMERER;ZWEITER TRABANT;1
ERZKÄMMERER;VIERTER TRABANT;1
ERZKÄMMERER;ERZMARSCHALL;1
ERZKÄMMERER;ERZTRUCHSESS;1
ERZKÄMMERER;ERZSCHENK;1
ERZTRUCHSESS;KAISER;1
ERZTRUCHSESS;HABEBALD;1
ERZTRUCHSESS;ZWEITER TRABANT;1
ERZTRUCHSESS;VIERTER TRABANT;1
ERZSCHENK;KAISER;1
ERZSCHENK;HABEBALD;1
ERZSCHENK;ZWEITER TRABANT;1
ERZSCHENK;VIERTER TRABANT;1
ERZSCHENK;ERZTRUCHSESS;1
ERZBISCHOF;KAISER;1
ERZBISCHOF;HABEBALD;1
ERZBISCHOF;ZWEITER TRABANT;1
ERZBISCHOF;VIERTER TRABANT;1
ERZBISCHOF;ERZMARSCHALL;1
ERZBISCHOF;ERZKÄMMERER;1
ERZBISCHOF;ERZTRUCHSESS;1
ERZBISCHOF;ERZSCHENK;1
ERZBISCHOF;ERZKANZLER;1
ERZKANZLER;KAISER;1
ERZKANZLER;HABEBALD;1
ERZKANZLER;ZWEITER TRABANT;1
ERZKANZLER;VIERTER TRABANT;1
ERZKANZLER;ERZMARSCHALL;1
ERZKANZLER;ERZKÄMMERER;1
ERZKANZLER;ERZTRUCHSESS;1
ERZKANZLER;ERZSCHENK;1
DER GEISTLICHE;KAISER;1
DER GEISTLICHE;HABEBALD;1
DER GEISTLICHE;EILEBEUTE;1
DER GEISTLICHE;ERSTER TRABANT;1
DER GEISTLICHE;ZWEITER TRABANT;1
DER GEISTLICHE;DRITTER TRABANT;1
DER GEISTLICHE;VIERTER TRABANT;1
DER GEISTLICHE;ERZMARSCHALL;1
DER GEISTLICHE;ERZKÄMMERER;1
DER GEISTLICHE;ERZTRUCHSESS;1
DER GEISTLICHE;ERZSCHENK;1
DER GEISTLICHE;ERZBISCHOF;1
DER GEISTLICHE;ERZKANZLER;1
BAUCIS;WANDRER;1
BAUCIS;PHILEMON;1
PHILEMON;WANDRER;1
LYNKEUS DER TÜRMER;MEPHISTOPHELES;2
LYNKEUS DER TÜRMER;RAUFEBOLD;2
CHOR (5. AKT);FAUST;1
CHOR (5. AKT);MEPHISTOPHELES;1
CHOR (5. AKT);LEMUREN;1
CHOR (5. AKT);LEMUR;1
CHORUS;FAUST;2
CHORUS;MEPHISTOPHELES;2
CHORUS;RAUFEBOLD;2
CHORUS;HABEBALD;2
CHORUS;HALTEFEST;2
CHORUS;LYNKEUS DER TÜRMER;2
MANGEL;SCHULD;1
MANGEL;NOT;1
MANGEL;SORGE;1
SCHULD;SORGE;1
NOT;SCHULD;1
NOT;SORGE;1
LEMUREN;MEPHISTOPHELES;2
LEMUR;MEPHISTOPHELES;2
LEMUR;LEMUREN;2
HIMMLISCHE HEERSCHAR;MEPHISTOPHELES;1
HIMMLISCHE HEERSCHAR;LEMUREN;1
HIMMLISCHE HEERSCHAR;LEMUR;1
ENGEL;MEPHISTOPHELES;1
ENGEL;LEMUREN;1
ENGEL;LEMUR;1
ENGEL;HIMMLISCHE HEERSCHAR;1
CHOR UND ECHO;CHORUS MYSTICUS;1
CHOR UND ECHO;PATER ECSTATICUS;1
CHOR UND ECHO;PATER PROFUNDUS;1
CHOR UND ECHO;PATER SERAPHICUS;1
CHOR UND ECHO;SELIGE KNABEN;1
CHOR UND ECHO;DIE JÜNGEREN ENGEL;1
CHOR UND ECHO;DIE VOLLENDETEREN ENGEL;1
CHOR UND ECHO;DOCTOR MARIANUS;1
CHOR UND ECHO;MAGNA PECCATRIX;1
CHOR UND ECHO;MULIER SAMARITANA;1
CHOR UND ECHO;MARIA AEGYPTIACA;1
CHOR UND ECHO;UNA POENITENTIUM;1
CHOR UND ECHO;MATER GLORIOSA;1
PATER ECSTATICUS;PATER PROFUNDUS;1
PATER ECSTATICUS;PATER SERAPHICUS;1
PATER ECSTATICUS;SELIGE KNABEN;1
PATER ECSTATICUS;UNA POENITENTIUM;1
PATER PROFUNDUS;PATER SERAPHICUS;1
PATER PROFUNDUS;SELIGE KNABEN;1
PATER PROFUNDUS;UNA POENITENTIUM;1
PATER SERAPHICUS;SELIGE KNABEN;1
PATER SERAPHICUS;UNA POENITENTIUM;1
SELIGE KNABEN;UNA POENITENTIUM;1
DIE JÜNGEREN ENGEL;PATER ECSTATICUS;1
DIE JÜNGEREN ENGEL;PATER PROFUNDUS;1
DIE JÜNGEREN ENGEL;PATER SERAPHICUS;1
DIE JÜNGEREN ENGEL;SELIGE KNABEN;1
DIE JÜNGEREN ENGEL;DIE VOLLENDETEREN ENGEL;1
DIE JÜNGEREN ENGEL;DOCTOR MARIANUS;1
DIE JÜNGEREN ENGEL;MAGNA PECCATRIX;1
DIE JÜNGEREN ENGEL;MULIER SAMARITANA;1
DIE JÜNGEREN ENGEL;MARIA AEGYPTIACA;1
DIE JÜNGEREN ENGEL;UNA POENITENTIUM;1
DIE JÜNGEREN ENGEL;MATER GLORIOSA;1
DIE VOLLENDETEREN ENGEL;PATER ECSTATICUS;1
DIE VOLLENDETEREN ENGEL;PATER PROFUNDUS;1
DIE VOLLENDETEREN ENGEL;PATER SERAPHICUS;1
DIE VOLLENDETEREN ENGEL;SELIGE KNABEN;1
DIE VOLLENDETEREN ENGEL;DOCTOR MARIANUS;1
DIE VOLLENDETEREN ENGEL;MAGNA PECCATRIX;1
DIE VOLLENDETEREN ENGEL;MULIER SAMARITANA;1
DIE VOLLENDETEREN ENGEL;MARIA AEGYPTIACA;1
DIE VOLLENDETEREN ENGEL;UNA POENITENTIUM;1
DIE VOLLENDETEREN ENGEL;MATER GLORIOSA;1
DOCTOR MARIANUS;PATER ECSTATICUS;1
DOCTOR MARIANUS;PATER PROFUNDUS;1
DOCTOR MARIANUS;PATER SERAPHICUS;1
DOCTOR MARIANUS;SELIGE KNABEN;1
DOCTOR MARIANUS;MAGNA PECCATRIX;1
DOCTOR MARIANUS;MULIER SAMARITANA;1
DOCTOR MARIANUS;MARIA AEGYPTIACA;1
DOCTOR MARIANUS;UNA POENITENTIUM;1
DOCTOR MARIANUS;MATER GLORIOSA;1
CHOR DER BÜSSERINNEN;CHORUS MYSTICUS;1
CHOR DER BÜSSERINNEN;CHOR UND ECHO;1
CHOR DER BÜSSERINNEN;PATER ECSTATICUS;1
CHOR DER BÜSSERINNEN;PATER PROFUNDUS;1
CHOR DER BÜSSERINNEN;PATER SERAPHICUS;1
CHOR DER BÜSSERINNEN;SELIGE KNABEN;1
CHOR DER BÜSSERINNEN;DIE JÜNGEREN ENGEL;1
CHOR DER BÜSSERINNEN;DIE VOLLENDETEREN ENGEL;1
CHOR DER BÜSSERINNEN;DOCTOR MARIANUS;1
CHOR DER BÜSSERINNEN;MAGNA PECCATRIX;1
CHOR DER BÜSSERINNEN;MULIER SAMARITANA;1
CHOR DER BÜSSERINNEN;MARIA AEGYPTIACA;1
CHOR DER BÜSSERINNEN;UNA POENITENTIUM;1
CHOR DER BÜSSERINNEN;MATER GLORIOSA;1
MAGNA PECCATRIX;PATER ECSTATICUS;1
MAGNA PECCATRIX;PATER PROFUNDUS;1
MAGNA PECCATRIX;PATER SERAPHICUS;1
MAGNA PECCATRIX;SELIGE KNABEN;1
MAGNA PECCATRIX;MULIER SAMARITANA;1
MAGNA PECCATRIX;MARIA AEGYPTIACA;1
MAGNA PECCATRIX;UNA POENITENTIUM;1
MAGNA PECCATRIX;MATER GLORIOSA;1
MULIER SAMARITANA;PATER ECSTATICUS;1
MULIER SAMARITANA;PATER PROFUNDUS;1
MULIER SAMARITANA;PATER SERAPHICUS;1
MULIER SAMARITANA;SELIGE KNABEN;1
MULIER SAMARITANA;UNA POENITENTIUM;1
MARIA AEGYPTIACA;PATER ECSTATICUS;1
MARIA AEGYPTIACA;PATER PROFUNDUS;1
MARIA AEGYPTIACA;PATER SERAPHICUS;1
MARIA AEGYPTIACA;SELIGE KNABEN;1
MARIA AEGYPTIACA;MULIER SAMARITANA;1
MARIA AEGYPTIACA;UNA POENITENTIUM;1
MARIA AEGYPTIACA;MATER GLORIOSA;1
MATER GLORIOSA;PATER ECSTATICUS;1
MATER GLORIOSA;PATER PROFUNDUS;1
MATER GLORIOSA;PATER SERAPHICUS;1
MATER GLORIOSA;SELIGE KNABEN;1
MATER GLORIOSA;MULIER SAMARITANA;1
MATER GLORIOSA;UNA POENITENTIUM;1
