GORDON;PETER;1
DANILOW;GORDON;1
DANILOW;MEHRERE DEPUTIERTE;2
DANILOW;EINER DER DEPUTIERTEN;2
DANILOW;EIN ANDRER DER DEPUTIERTEN;2
DANILOW;EIN DRITTER DEPUTIERTER;2
DANILOW;DER BOTE;1
DANILOW;PETER;2
DANILOW;THEOPHANES;1
DANILOW;JAGUSCHINSKY;1
DANILOW;SCHAPHIROW;1
DANILOW;OSTERMANN;1
DANILOW;TOLSTOI;1
DANILOW;EIN GENERAL;1
DANILOW;DIE GENERALE;1
DANILOW;DIE SENATOREN;1
EINER DER DEPUTIERTEN;MEHRERE DEPUTIERTE;2
EIN ANDRER DER DEPUTIERTEN;MEHRERE DEPUTIERTE;2
EIN ANDRER DER DEPUTIERTEN;EINER DER DEPUTIERTEN;2
EIN ANDRER DER DEPUTIERTEN;EIN DRITTER DEPUTIERTER;2
EIN DRITTER DEPUTIERTER;MEHRERE DEPUTIERTE;2
EIN DRITTER DEPUTIERTER;EINER DER DEPUTIERTEN;2
AARON;GORDON;1
AARON;DANILOW;2
AARON;MEHRERE DEPUTIERTE;1
AARON;EINER DER DEPUTIERTEN;1
AARON;EIN ANDRER DER DEPUTIERTEN;1
AARON;EIN DRITTER DEPUTIERTER;1
AARON;DER BOTE;1
AARON;PETER;1
DER BOTE;MEHRERE DEPUTIERTE;1
DER BOTE;EINER DER DEPUTIERTEN;1
DER BOTE;EIN ANDRER DER DEPUTIERTEN;1
DER BOTE;EIN DRITTER DEPUTIERTER;1
PETER;THEOPHANES;3
PETER;SCHAPHIROW;3
PETER;TOLSTOI;4
PETER;THERESE;1
PETER;SEKRETÄR;1
THEOPHANES;TOLSTOI;2
JAGUSCHINSKY;PETER;3
JAGUSCHINSKY;THEOPHANES;3
JAGUSCHINSKY;MENZIKOF;2
JAGUSCHINSKY;SCHAPHIROW;4
JAGUSCHINSKY;OSTERMANN;3
JAGUSCHINSKY;TOLSTOI;2
MENZIKOF;PETER;3
MENZIKOF;THEOPHANES;2
MENZIKOF;SCHAPHIROW;2
MENZIKOF;OSTERMANN;2
MENZIKOF;TOLSTOI;2
SCHAPHIROW;THEOPHANES;3
SCHAPHIROW;TOLSTOI;2
OSTERMANN;PETER;3
OSTERMANN;THEOPHANES;3
OSTERMANN;SCHAPHIROW;3
OSTERMANN;TOLSTOI;2
EINIGE;PETER;1
EINIGE;THEOPHANES;1
EINIGE;JAGUSCHINSKY;1
EINIGE;MENZIKOF;1
EINIGE;SCHAPHIROW;1
EINIGE;OSTERMANN;1
ANDRE 1.3;PETER;1
ANDRE 1.3;THEOPHANES;1
ANDRE 1.3;JAGUSCHINSKY;1
ANDRE 1.3;MENZIKOF;1
ANDRE 1.3;SCHAPHIROW;1
ANDRE 1.3;OSTERMANN;1
ANDRE 1.3;EINIGE;1
ANDRE 4.4;PETER;1
ANDRE 4.4;THEOPHANES;1
ANDRE 4.4;JAGUSCHINSKY;1
ANDRE 4.4;MENZIKOF;1
ANDRE 4.4;SCHAPHIROW;1
ANDRE 4.4;OSTERMANN;1
ANDRE 4.4;TOLSTOI;1
ANDRE 4.4;DER SEKRETÄR;1
ANDRE 4.4;DER NACHBAR;1
ANDRE 4.4;DIE GEISTLICHEN;1
ANDRE 4.4;EIN GENERAL;1
ANDRE 4.4;DIE GENERALE;1
ANDRE 4.4;DIE SENATOREN;1
ANNA;THERESE;2
ANNA;KATHARINA;1
KATHARINA;PETER;4
KATHARINA;MENZIKOF;1
KATHARINA;THERESE;2
KATHARINA;MONS;4
MONS;PETER;2
MONS;THERESE;1
MONS;SEKRETÄR;1
EUPHROSYNE;PETER;1
EUPHROSYNE;MENZIKOF;1
EUPHROSYNE;TOLSTOI;1
COSTA;EUPHROSYNE;1
ALEXIS;PETER;2
ALEXIS;THEOPHANES;1
ALEXIS;JAGUSCHINSKY;1
ALEXIS;MENZIKOF;1
ALEXIS;SCHAPHIROW;1
ALEXIS;OSTERMANN;1
ALEXIS;ANDRE 4.4;1
ALEXIS;TOLSTOI;1
ALEXIS;KATHARINA;1
ALEXIS;MONS;1
ALEXIS;COSTA;1
ALEXIS;SCHEPELEW;4
ALEXIS;DER SEKRETÄR;1
ALEXIS;DER NACHBAR;1
ALEXIS;DIE GEISTLICHEN;1
ALEXIS;EIN GENERAL;1
ALEXIS;DIE GENERALE;1
ALEXIS;DIE SENATOREN;1
ALEXIS;ALLGEMEINER RUF;1
ALEXIS;ARZT;2
ERSTER TÜRSTEHER;MENZIKOF;1
ERSTER TÜRSTEHER;TOLSTOI;1
ERSTER TÜRSTEHER;ZWEITER TÜRSTEHER;1
DENTSCHIK;MENZIKOF;1
DENTSCHIK;TOLSTOI;1
DENTSCHIK;ERSTER TÜRSTEHER;1
DER SEKRETÄR;PETER;1
DER SEKRETÄR;THEOPHANES;1
DER SEKRETÄR;JAGUSCHINSKY;1
DER SEKRETÄR;MENZIKOF;1
DER SEKRETÄR;SCHAPHIROW;1
DER SEKRETÄR;OSTERMANN;1
DER SEKRETÄR;TOLSTOI;1
DER SEKRETÄR;DIE GEISTLICHEN;1
DER SEKRETÄR;EIN GENERAL;1
DER SEKRETÄR;DIE GENERALE;1
DER SEKRETÄR;DIE SENATOREN;1
DER NACHBAR;PETER;1
DER NACHBAR;THEOPHANES;1
DER NACHBAR;JAGUSCHINSKY;1
DER NACHBAR;MENZIKOF;1
DER NACHBAR;SCHAPHIROW;1
DER NACHBAR;OSTERMANN;1
DER NACHBAR;TOLSTOI;1
DER NACHBAR;DER SEKRETÄR;1
DER NACHBAR;DIE GEISTLICHEN;1
DER NACHBAR;EIN GENERAL;1
DER NACHBAR;DIE GENERALE;1
DER NACHBAR;DIE SENATOREN;1
DIE GEISTLICHEN;PETER;1
DIE GEISTLICHEN;THEOPHANES;1
DIE GEISTLICHEN;JAGUSCHINSKY;1
DIE GEISTLICHEN;MENZIKOF;1
DIE GEISTLICHEN;SCHAPHIROW;1
DIE GEISTLICHEN;OSTERMANN;1
DIE GEISTLICHEN;TOLSTOI;1
DIE GEISTLICHEN;EIN GENERAL;1
DIE GEISTLICHEN;DIE GENERALE;1
DIE GEISTLICHEN;DIE SENATOREN;1
EIN GENERAL;PETER;2
EIN GENERAL;THEOPHANES;2
EIN GENERAL;JAGUSCHINSKY;2
EIN GENERAL;MENZIKOF;1
EIN GENERAL;SCHAPHIROW;2
EIN GENERAL;OSTERMANN;2
EIN GENERAL;TOLSTOI;2
DIE GENERALE;PETER;2
DIE GENERALE;THEOPHANES;2
DIE GENERALE;JAGUSCHINSKY;2
DIE GENERALE;MENZIKOF;1
DIE GENERALE;SCHAPHIROW;2
DIE GENERALE;OSTERMANN;2
DIE GENERALE;TOLSTOI;2
DIE GENERALE;EIN GENERAL;2
DIE GENERALE;DIE SENATOREN;2
DIE SENATOREN;PETER;2
DIE SENATOREN;THEOPHANES;2
DIE SENATOREN;JAGUSCHINSKY;2
DIE SENATOREN;MENZIKOF;1
DIE SENATOREN;SCHAPHIROW;2
DIE SENATOREN;OSTERMANN;2
DIE SENATOREN;TOLSTOI;2
DIE SENATOREN;EIN GENERAL;2
ALLGEMEINER RUF;PETER;1
ALLGEMEINER RUF;THEOPHANES;1
ALLGEMEINER RUF;JAGUSCHINSKY;1
ALLGEMEINER RUF;MENZIKOF;1
ALLGEMEINER RUF;SCHAPHIROW;1
ALLGEMEINER RUF;OSTERMANN;1
ALLGEMEINER RUF;ANDRE 4.4;1
ALLGEMEINER RUF;TOLSTOI;1
ALLGEMEINER RUF;DER SEKRETÄR;1
ALLGEMEINER RUF;DER NACHBAR;1
ALLGEMEINER RUF;DIE GEISTLICHEN;1
ALLGEMEINER RUF;EIN GENERAL;1
ALLGEMEINER RUF;DIE GENERALE;1
ALLGEMEINER RUF;DIE SENATOREN;1
ARZT;PETER;2
ARZT;MONS;1
ARZT;SCHEPELEW;2
ARZT;SEKRETÄR;1
