ZWEITER HENKER;ZWEITES WEIB;1
DANTON;ZWEITER HENKER;1
DANTON;JULIE;3
DANTON;EINE DAME;1
DANTON;HÉRAULT;3
DANTON;PHILIPPEAU;4
DANTON;SIMON;2
DANTON;WEIB;1
DANTON;LEUTE;1
DANTON;ERSTER BÜRGER;1
DANTON;ZWEITER BÜRGER;1
DANTON;DRITTER BÜRGER;1
DANTON;ERSTER BÜRGER 3. AKT;1
DANTON;ZWEITER BÜRGER 3. AKT;1
DANTON;EINIGE STIMMEN 1. Akt;1
DANTON;EINIGE STIMMEN 2. Akt;1
DANTON;EINIGE STIMMEN 3. Akt;1
DANTON;EINIGE STIMMEN 4. Akt;1
DANTON;JUNGER MENSCH;1
DANTON;DIE UMSTEHENDEN;1
DANTON;ROBESPIERRE;2
DANTON;EIN WEIB;2
DANTON;EIN LYONER;1
DANTON;EIN JAKOBINER;1
DANTON;LEGENDRE;2
DANTON;DIE JAKOBINER;1
DANTON;PRÄSIDENT;2
DANTON;LACROIX;4
DANTON;MARION;1
DANTON;ROSALIE;2
DANTON;PARIS;2
DANTON;ST. JUST;3
DANTON;EIN BÜRGER;2
DANTON;EIN BETTLER;1
DANTON;ERSTER HERR;1
DANTON;ZWEITER HERR;1
DANTON;SOLDAT;1
DANTON;JUNGER HERR;1
DANTON;MADAME;1
DANTON;EUGENIE;1
DANTON;LUCILE;2
DANTON;ERSTER BÜRGERSOLDAT;1
DANTON;ZWEITER BÜRGERSOLDAT;1
DANTON;DIE ANDERN BÜRGERSOLDATEN;1
DANTON;EIN DEPUTIERTER;1
DANTON;EIN ANDERER DEPUTIERTER;1
DANTON;PAYNE;1
DANTON;MERCIER;1
DANTON;EIN GEFANGENER;1
DANTON;EIN ANDRER GEFANGENER;1
DANTON;FOUQUIER;1
DANTON;HERMAN;1
DANTON;DILLON;1
DANTON;LAFLOTTE;1
DANTON;WÄRTER;1
DANTON;SCHLIESSER;2
DANTON;VOULAND;1
DANTON;EINIGE WEIBER;1
DANTON;DUMAS;1
DANTON;ERSTER FUHRMANN;1
DANTON;ZWEITER FUHRMANN;1
DANTON;EINE STIMME;1
DANTON;EIN WEIB MIT KINDERN;1
DANTON;EINE ANDERE;1
DANTON;FABRE;1
DANTON;ERSTES WEIB;1
DANTON;ZWEITES WEIB;1
DANTON;DRITTES WEIB;1
DANTON;ERSTER HENKER;1
JULIE;ZWEITER HENKER;1
JULIE;PHILIPPEAU;3
JULIE;SIMON;2
JULIE;WEIB;1
JULIE;LEUTE;1
JULIE;ZWEITER BÜRGER;1
JULIE;JUNGER MENSCH;1
JULIE;ROBESPIERRE;2
JULIE;LEGENDRE;2
JULIE;PRÄSIDENT;2
JULIE;LACROIX;3
JULIE;MARION;1
JULIE;ROSALIE;2
JULIE;PARIS;2
JULIE;ST. JUST;2
JULIE;ZWEITER HERR;1
JULIE;SOLDAT;1
JULIE;JUNGER HERR;1
JULIE;MADAME;1
JULIE;LUCILE;2
JULIE;ZWEITER BÜRGERSOLDAT;1
JULIE;SCHLIESSER;1
JULIE;ZWEITER FUHRMANN;1
JULIE;ZWEITES WEIB;1
EINE DAME;JULIE;1
EINE DAME;HÉRAULT;1
EINE DAME;PHILIPPEAU;1
EINE DAME;SIMON;1
EINE DAME;WEIB;1
EINE DAME;LEUTE;1
EINE DAME;ERSTER BÜRGER;1
EINE DAME;ZWEITER BÜRGER;1
EINE DAME;EINIGE STIMMEN 1. Akt;1
EINE DAME;JUNGER MENSCH;1
EINE DAME;ROBESPIERRE;1
EINE DAME;LEGENDRE;1
EINE DAME;PRÄSIDENT;1
EINE DAME;LACROIX;1
EINE DAME;MARION;1
EINE DAME;ROSALIE;1
EINE DAME;PARIS;1
EINE DAME;ST. JUST;1
HÉRAULT;ZWEITER HENKER;1
HÉRAULT;JULIE;2
HÉRAULT;PHILIPPEAU;3
HÉRAULT;SIMON;1
HÉRAULT;WEIB;1
HÉRAULT;LEUTE;1
HÉRAULT;ZWEITER BÜRGER;1
HÉRAULT;ZWEITER BÜRGER 3. AKT;1
HÉRAULT;JUNGER MENSCH;1
HÉRAULT;ROBESPIERRE;1
HÉRAULT;LEGENDRE;1
HÉRAULT;PRÄSIDENT;1
HÉRAULT;LACROIX;3
HÉRAULT;MARION;1
HÉRAULT;ROSALIE;1
HÉRAULT;PARIS;1
HÉRAULT;ST. JUST;2
HÉRAULT;LUCILE;1
HÉRAULT;PAYNE;1
HÉRAULT;MERCIER;1
HÉRAULT;LAFLOTTE;1
HÉRAULT;WÄRTER;1
HÉRAULT;SCHLIESSER;2
HÉRAULT;VOULAND;1
HÉRAULT;ZWEITER FUHRMANN;1
HÉRAULT;ZWEITES WEIB;1
CAMILLE;ZWEITER HENKER;1
CAMILLE;DANTON;4
CAMILLE;JULIE;3
CAMILLE;EINE DAME;1
CAMILLE;HÉRAULT;3
CAMILLE;PHILIPPEAU;4
CAMILLE;SIMON;2
CAMILLE;WEIB;1
CAMILLE;LEUTE;1
CAMILLE;ERSTER BÜRGER;1
CAMILLE;ZWEITER BÜRGER;1
CAMILLE;DRITTER BÜRGER;1
CAMILLE;ERSTER BÜRGER 3. AKT;1
CAMILLE;ZWEITER BÜRGER 3. AKT;1
CAMILLE;EINIGE STIMMEN 1. Akt;1
CAMILLE;EINIGE STIMMEN 2. Akt;1
CAMILLE;EINIGE STIMMEN 3. Akt;1
CAMILLE;EINIGE STIMMEN 4. Akt;1
CAMILLE;JUNGER MENSCH;1
CAMILLE;DIE UMSTEHENDEN;1
CAMILLE;ROBESPIERRE;2
CAMILLE;EIN WEIB;2
CAMILLE;EIN LYONER;1
CAMILLE;EIN JAKOBINER;1
CAMILLE;LEGENDRE;2
CAMILLE;COLLOT D'HERBOIS;1
CAMILLE;DIE JAKOBINER;1
CAMILLE;PRÄSIDENT;2
CAMILLE;LACROIX;4
CAMILLE;MARION;1
CAMILLE;ROSALIE;2
CAMILLE;PARIS;2
CAMILLE;ST. JUST;3
CAMILLE;EIN BÜRGER;2
CAMILLE;EIN BETTLER;1
CAMILLE;ERSTER HERR;1
CAMILLE;ZWEITER HERR;1
CAMILLE;SOLDAT;1
CAMILLE;JUNGER HERR;1
CAMILLE;MADAME;1
CAMILLE;EUGENIE;1
CAMILLE;LUCILE;2
CAMILLE;ERSTER BÜRGERSOLDAT;1
CAMILLE;ZWEITER BÜRGERSOLDAT;1
CAMILLE;DIE ANDERN BÜRGERSOLDATEN;1
CAMILLE;EIN DEPUTIERTER;1
CAMILLE;EIN ANDERER DEPUTIERTER;1
CAMILLE;CHAUMETTE;1
CAMILLE;PAYNE;1
CAMILLE;MERCIER;1
CAMILLE;EIN GEFANGENER;1
CAMILLE;EIN ANDRER GEFANGENER;1
CAMILLE;FOUQUIER;1
CAMILLE;HERMAN;1
CAMILLE;DILLON;1
CAMILLE;LAFLOTTE;1
CAMILLE;WÄRTER;1
CAMILLE;COLLOT;1
CAMILLE;SCHLIESSER;2
CAMILLE;VOULAND;1
CAMILLE;EINIGE WEIBER;1
CAMILLE;DUMAS;1
CAMILLE;ERSTER FUHRMANN;1
CAMILLE;ZWEITER FUHRMANN;1
CAMILLE;EINE STIMME;1
CAMILLE;EIN WEIB MIT KINDERN;1
CAMILLE;EINE ANDERE;1
CAMILLE;FABRE;1
CAMILLE;ERSTES WEIB;1
CAMILLE;ZWEITES WEIB;1
CAMILLE;DRITTES WEIB;1
CAMILLE;ERSTER HENKER;1
PHILIPPEAU;ZWEITER HENKER;1
PHILIPPEAU;SIMON;2
PHILIPPEAU;WEIB;1
PHILIPPEAU;ZWEITER BÜRGER;1
PHILIPPEAU;ZWEITER BÜRGER 3. AKT;1
PHILIPPEAU;ROBESPIERRE;2
PHILIPPEAU;PRÄSIDENT;2
PHILIPPEAU;ROSALIE;2
PHILIPPEAU;ST. JUST;3
PHILIPPEAU;ZWEITER HERR;1
PHILIPPEAU;SOLDAT;1
PHILIPPEAU;ZWEITER BÜRGERSOLDAT;1
PHILIPPEAU;WÄRTER;1
PHILIPPEAU;SCHLIESSER;2
PHILIPPEAU;VOULAND;1
PHILIPPEAU;ZWEITER FUHRMANN;1
PHILIPPEAU;ZWEITES WEIB;1
SIMON;WEIB;1
SIMON;ZWEITER BÜRGER;1
SIMON;ST. JUST;2
SIMON;ZWEITER HERR;1
SIMON;SOLDAT;1
SIMON;ZWEITER BÜRGERSOLDAT;1
WEIB;ZWEITER BÜRGER;1
LEUTE;PHILIPPEAU;1
LEUTE;SIMON;1
LEUTE;WEIB;1
LEUTE;ZWEITER BÜRGER;1
LEUTE;ROBESPIERRE;1
LEUTE;PRÄSIDENT;1
LEUTE;MARION;1
LEUTE;ROSALIE;1
LEUTE;PARIS;1
LEUTE;ST. JUST;1
ERSTER BÜRGER;JULIE;1
ERSTER BÜRGER;HÉRAULT;1
ERSTER BÜRGER;PHILIPPEAU;1
ERSTER BÜRGER;SIMON;1
ERSTER BÜRGER;WEIB;1
ERSTER BÜRGER;LEUTE;1
ERSTER BÜRGER;ZWEITER BÜRGER;1
ERSTER BÜRGER;JUNGER MENSCH;1
ERSTER BÜRGER;ROBESPIERRE;1
ERSTER BÜRGER;LEGENDRE;1
ERSTER BÜRGER;PRÄSIDENT;1
ERSTER BÜRGER;LACROIX;1
ERSTER BÜRGER;MARION;1
ERSTER BÜRGER;ROSALIE;1
ERSTER BÜRGER;PARIS;1
ERSTER BÜRGER;ST. JUST;1
DRITTER BÜRGER;JULIE;1
DRITTER BÜRGER;EINE DAME;1
DRITTER BÜRGER;HÉRAULT;1
DRITTER BÜRGER;PHILIPPEAU;1
DRITTER BÜRGER;SIMON;1
DRITTER BÜRGER;WEIB;1
DRITTER BÜRGER;LEUTE;1
DRITTER BÜRGER;ERSTER BÜRGER;1
DRITTER BÜRGER;ZWEITER BÜRGER;1
DRITTER BÜRGER;EINIGE STIMMEN 1. Akt;1
DRITTER BÜRGER;JUNGER MENSCH;1
DRITTER BÜRGER;ROBESPIERRE;1
DRITTER BÜRGER;EIN WEIB;1
DRITTER BÜRGER;EIN LYONER;1
DRITTER BÜRGER;EIN JAKOBINER;1
DRITTER BÜRGER;LEGENDRE;1
DRITTER BÜRGER;PRÄSIDENT;1
DRITTER BÜRGER;LACROIX;1
DRITTER BÜRGER;MARION;1
DRITTER BÜRGER;ROSALIE;1
DRITTER BÜRGER;PARIS;1
DRITTER BÜRGER;ST. JUST;1
ERSTER BÜRGER 3. AKT;HÉRAULT;1
ERSTER BÜRGER 3. AKT;PHILIPPEAU;1
ERSTER BÜRGER 3. AKT;ZWEITER BÜRGER 3. AKT;1
ERSTER BÜRGER 3. AKT;LACROIX;1
ERSTER BÜRGER 3. AKT;ST. JUST;1
ERSTER BÜRGER 3. AKT;PAYNE;1
ERSTER BÜRGER 3. AKT;MERCIER;1
ERSTER BÜRGER 3. AKT;FOUQUIER;1
ERSTER BÜRGER 3. AKT;HERMAN;1
ERSTER BÜRGER 3. AKT;LAFLOTTE;1
ERSTER BÜRGER 3. AKT;WÄRTER;1
ERSTER BÜRGER 3. AKT;SCHLIESSER;1
ERSTER BÜRGER 3. AKT;VOULAND;1
EINIGE STIMMEN 1. Akt;JULIE;1
EINIGE STIMMEN 1. Akt;HÉRAULT;1
EINIGE STIMMEN 1. Akt;PHILIPPEAU;1
EINIGE STIMMEN 1. Akt;SIMON;1
EINIGE STIMMEN 1. Akt;WEIB;1
EINIGE STIMMEN 1. Akt;LEUTE;1
EINIGE STIMMEN 1. Akt;ERSTER BÜRGER;1
EINIGE STIMMEN 1. Akt;ZWEITER BÜRGER;1
EINIGE STIMMEN 1. Akt;JUNGER MENSCH;1
EINIGE STIMMEN 1. Akt;ROBESPIERRE;1
EINIGE STIMMEN 1. Akt;LEGENDRE;1
EINIGE STIMMEN 1. Akt;PRÄSIDENT;1
EINIGE STIMMEN 1. Akt;LACROIX;1
EINIGE STIMMEN 1. Akt;MARION;1
EINIGE STIMMEN 1. Akt;ROSALIE;1
EINIGE STIMMEN 1. Akt;PARIS;1
EINIGE STIMMEN 1. Akt;ST. JUST;1
EINIGE STIMMEN 2. Akt;JULIE;1
EINIGE STIMMEN 2. Akt;PHILIPPEAU;1
EINIGE STIMMEN 2. Akt;SIMON;1
EINIGE STIMMEN 2. Akt;ROBESPIERRE;1
EINIGE STIMMEN 2. Akt;LEGENDRE;1
EINIGE STIMMEN 2. Akt;PRÄSIDENT;1
EINIGE STIMMEN 2. Akt;LACROIX;1
EINIGE STIMMEN 2. Akt;ROSALIE;1
EINIGE STIMMEN 2. Akt;PARIS;1
EINIGE STIMMEN 2. Akt;ST. JUST;1
EINIGE STIMMEN 2. Akt;ERSTER HERR;1
EINIGE STIMMEN 2. Akt;ZWEITER HERR;1
EINIGE STIMMEN 2. Akt;SOLDAT;1
EINIGE STIMMEN 2. Akt;JUNGER HERR;1
EINIGE STIMMEN 2. Akt;MADAME;1
EINIGE STIMMEN 2. Akt;EUGENIE;1
EINIGE STIMMEN 2. Akt;LUCILE;1
EINIGE STIMMEN 2. Akt;ERSTER BÜRGERSOLDAT;1
EINIGE STIMMEN 2. Akt;ZWEITER BÜRGERSOLDAT;1
EINIGE STIMMEN 3. Akt;HÉRAULT;1
EINIGE STIMMEN 3. Akt;PHILIPPEAU;1
EINIGE STIMMEN 3. Akt;ERSTER BÜRGER 3. AKT;1
EINIGE STIMMEN 3. Akt;ZWEITER BÜRGER 3. AKT;1
EINIGE STIMMEN 3. Akt;LACROIX;1
EINIGE STIMMEN 3. Akt;ST. JUST;1
EINIGE STIMMEN 3. Akt;PAYNE;1
EINIGE STIMMEN 3. Akt;MERCIER;1
EINIGE STIMMEN 3. Akt;FOUQUIER;1
EINIGE STIMMEN 3. Akt;HERMAN;1
EINIGE STIMMEN 3. Akt;LAFLOTTE;1
EINIGE STIMMEN 3. Akt;WÄRTER;1
EINIGE STIMMEN 3. Akt;SCHLIESSER;1
EINIGE STIMMEN 3. Akt;VOULAND;1
EINIGE STIMMEN 3. Akt;EINIGE WEIBER;1
EINIGE STIMMEN 4. Akt;ZWEITER HENKER;1
EINIGE STIMMEN 4. Akt;JULIE;1
EINIGE STIMMEN 4. Akt;HÉRAULT;1
EINIGE STIMMEN 4. Akt;PHILIPPEAU;1
EINIGE STIMMEN 4. Akt;LACROIX;1
EINIGE STIMMEN 4. Akt;LUCILE;1
EINIGE STIMMEN 4. Akt;SCHLIESSER;1
EINIGE STIMMEN 4. Akt;ERSTER FUHRMANN;1
EINIGE STIMMEN 4. Akt;ZWEITER FUHRMANN;1
EINIGE STIMMEN 4. Akt;FABRE;1
EINIGE STIMMEN 4. Akt;ERSTES WEIB;1
EINIGE STIMMEN 4. Akt;ZWEITES WEIB;1
EINIGE STIMMEN 4. Akt;ERSTER HENKER;1
JUNGER MENSCH;PHILIPPEAU;1
JUNGER MENSCH;SIMON;1
JUNGER MENSCH;WEIB;1
JUNGER MENSCH;LEUTE;1
JUNGER MENSCH;ZWEITER BÜRGER;1
JUNGER MENSCH;ROBESPIERRE;1
JUNGER MENSCH;LEGENDRE;1
JUNGER MENSCH;PRÄSIDENT;1
JUNGER MENSCH;LACROIX;1
JUNGER MENSCH;MARION;1
JUNGER MENSCH;ROSALIE;1
JUNGER MENSCH;PARIS;1
JUNGER MENSCH;ST. JUST;1
DIE UMSTEHENDEN;JULIE;1
DIE UMSTEHENDEN;EINE DAME;1
DIE UMSTEHENDEN;HÉRAULT;1
DIE UMSTEHENDEN;PHILIPPEAU;1
DIE UMSTEHENDEN;SIMON;1
DIE UMSTEHENDEN;WEIB;1
DIE UMSTEHENDEN;LEUTE;1
DIE UMSTEHENDEN;ERSTER BÜRGER;1
DIE UMSTEHENDEN;ZWEITER BÜRGER;1
DIE UMSTEHENDEN;DRITTER BÜRGER;1
DIE UMSTEHENDEN;EINIGE STIMMEN 1. Akt;1
DIE UMSTEHENDEN;JUNGER MENSCH;1
DIE UMSTEHENDEN;ROBESPIERRE;1
DIE UMSTEHENDEN;EIN WEIB;1
DIE UMSTEHENDEN;EIN LYONER;1
DIE UMSTEHENDEN;EIN JAKOBINER;1
DIE UMSTEHENDEN;LEGENDRE;1
DIE UMSTEHENDEN;PRÄSIDENT;1
DIE UMSTEHENDEN;LACROIX;1
DIE UMSTEHENDEN;MARION;1
DIE UMSTEHENDEN;ROSALIE;1
DIE UMSTEHENDEN;PARIS;1
DIE UMSTEHENDEN;ST. JUST;1
ROBESPIERRE;SIMON;2
ROBESPIERRE;WEIB;1
ROBESPIERRE;ZWEITER BÜRGER;1
ROBESPIERRE;ROSALIE;2
ROBESPIERRE;ST. JUST;2
ROBESPIERRE;ZWEITER HERR;1
ROBESPIERRE;SOLDAT;1
ROBESPIERRE;ZWEITER BÜRGERSOLDAT;1
EIN WEIB;ZWEITER HENKER;1
EIN WEIB;JULIE;2
EIN WEIB;EINE DAME;1
EIN WEIB;HÉRAULT;2
EIN WEIB;PHILIPPEAU;2
EIN WEIB;SIMON;1
EIN WEIB;WEIB;1
EIN WEIB;LEUTE;1
EIN WEIB;ERSTER BÜRGER;1
EIN WEIB;ZWEITER BÜRGER;1
EIN WEIB;EINIGE STIMMEN 1. Akt;1
EIN WEIB;EINIGE STIMMEN 4. Akt;1
EIN WEIB;JUNGER MENSCH;1
EIN WEIB;ROBESPIERRE;1
EIN WEIB;LEGENDRE;1
EIN WEIB;PRÄSIDENT;1
EIN WEIB;LACROIX;2
EIN WEIB;MARION;1
EIN WEIB;ROSALIE;1
EIN WEIB;PARIS;1
EIN WEIB;ST. JUST;1
EIN WEIB;LUCILE;1
EIN WEIB;SCHLIESSER;1
EIN WEIB;ERSTER FUHRMANN;1
EIN WEIB;ZWEITER FUHRMANN;1
EIN WEIB;EINE STIMME;1
EIN WEIB;EIN WEIB MIT KINDERN;1
EIN WEIB;EINE ANDERE;1
EIN WEIB;FABRE;1
EIN WEIB;ERSTES WEIB;1
EIN WEIB;ZWEITES WEIB;1
EIN WEIB;ERSTER HENKER;1
EIN LYONER;JULIE;1
EIN LYONER;EINE DAME;1
EIN LYONER;HÉRAULT;1
EIN LYONER;PHILIPPEAU;1
EIN LYONER;SIMON;1
EIN LYONER;WEIB;1
EIN LYONER;LEUTE;1
EIN LYONER;ERSTER BÜRGER;1
EIN LYONER;ZWEITER BÜRGER;1
EIN LYONER;EINIGE STIMMEN 1. Akt;1
EIN LYONER;JUNGER MENSCH;1
EIN LYONER;ROBESPIERRE;1
EIN LYONER;EIN WEIB;1
EIN LYONER;LEGENDRE;1
EIN LYONER;PRÄSIDENT;1
EIN LYONER;LACROIX;1
EIN LYONER;MARION;1
EIN LYONER;ROSALIE;1
EIN LYONER;PARIS;1
EIN LYONER;ST. JUST;1
EIN JAKOBINER;JULIE;1
EIN JAKOBINER;EINE DAME;1
EIN JAKOBINER;HÉRAULT;1
EIN JAKOBINER;PHILIPPEAU;1
EIN JAKOBINER;SIMON;1
EIN JAKOBINER;WEIB;1
EIN JAKOBINER;LEUTE;1
EIN JAKOBINER;ERSTER BÜRGER;1
EIN JAKOBINER;ZWEITER BÜRGER;1
EIN JAKOBINER;EINIGE STIMMEN 1. Akt;1
EIN JAKOBINER;JUNGER MENSCH;1
EIN JAKOBINER;ROBESPIERRE;1
EIN JAKOBINER;EIN WEIB;1
EIN JAKOBINER;EIN LYONER;1
EIN JAKOBINER;LEGENDRE;1
EIN JAKOBINER;PRÄSIDENT;1
EIN JAKOBINER;LACROIX;1
EIN JAKOBINER;MARION;1
EIN JAKOBINER;ROSALIE;1
EIN JAKOBINER;PARIS;1
EIN JAKOBINER;ST. JUST;1
LEGENDRE;PHILIPPEAU;2
LEGENDRE;SIMON;2
LEGENDRE;WEIB;1
LEGENDRE;LEUTE;1
LEGENDRE;ZWEITER BÜRGER;1
LEGENDRE;ROBESPIERRE;2
LEGENDRE;PRÄSIDENT;2
LEGENDRE;MARION;1
LEGENDRE;ROSALIE;2
LEGENDRE;PARIS;2
LEGENDRE;ST. JUST;2
LEGENDRE;ZWEITER HERR;1
LEGENDRE;SOLDAT;1
LEGENDRE;MADAME;1
LEGENDRE;LUCILE;1
LEGENDRE;ZWEITER BÜRGERSOLDAT;1
COLLOT D'HERBOIS;DANTON;1
COLLOT D'HERBOIS;JULIE;1
COLLOT D'HERBOIS;EINE DAME;1
COLLOT D'HERBOIS;HÉRAULT;1
COLLOT D'HERBOIS;PHILIPPEAU;1
COLLOT D'HERBOIS;SIMON;1
COLLOT D'HERBOIS;WEIB;1
COLLOT D'HERBOIS;LEUTE;1
COLLOT D'HERBOIS;ERSTER BÜRGER;1
COLLOT D'HERBOIS;ZWEITER BÜRGER;1
COLLOT D'HERBOIS;DRITTER BÜRGER;1
COLLOT D'HERBOIS;EINIGE STIMMEN 1. Akt;1
COLLOT D'HERBOIS;JUNGER MENSCH;1
COLLOT D'HERBOIS;DIE UMSTEHENDEN;1
COLLOT D'HERBOIS;ROBESPIERRE;1
COLLOT D'HERBOIS;EIN WEIB;1
COLLOT D'HERBOIS;EIN LYONER;1
COLLOT D'HERBOIS;EIN JAKOBINER;1
COLLOT D'HERBOIS;LEGENDRE;1
COLLOT D'HERBOIS;DIE JAKOBINER;1
COLLOT D'HERBOIS;PRÄSIDENT;1
COLLOT D'HERBOIS;LACROIX;1
COLLOT D'HERBOIS;MARION;1
COLLOT D'HERBOIS;ROSALIE;1
COLLOT D'HERBOIS;PARIS;1
COLLOT D'HERBOIS;ST. JUST;1
DIE JAKOBINER;JULIE;1
DIE JAKOBINER;EINE DAME;1
DIE JAKOBINER;HÉRAULT;1
DIE JAKOBINER;PHILIPPEAU;1
DIE JAKOBINER;SIMON;1
DIE JAKOBINER;WEIB;1
DIE JAKOBINER;LEUTE;1
DIE JAKOBINER;ERSTER BÜRGER;1
DIE JAKOBINER;ZWEITER BÜRGER;1
DIE JAKOBINER;DRITTER BÜRGER;1
DIE JAKOBINER;EINIGE STIMMEN 1. Akt;1
DIE JAKOBINER;JUNGER MENSCH;1
DIE JAKOBINER;DIE UMSTEHENDEN;1
DIE JAKOBINER;ROBESPIERRE;1
DIE JAKOBINER;EIN WEIB;1
DIE JAKOBINER;EIN LYONER;1
DIE JAKOBINER;EIN JAKOBINER;1
DIE JAKOBINER;LEGENDRE;1
DIE JAKOBINER;PRÄSIDENT;1
DIE JAKOBINER;LACROIX;1
DIE JAKOBINER;MARION;1
DIE JAKOBINER;ROSALIE;1
DIE JAKOBINER;PARIS;1
DIE JAKOBINER;ST. JUST;1
PRÄSIDENT;SIMON;2
PRÄSIDENT;WEIB;1
PRÄSIDENT;ZWEITER BÜRGER;1
PRÄSIDENT;ROBESPIERRE;2
PRÄSIDENT;ROSALIE;2
PRÄSIDENT;ST. JUST;2
PRÄSIDENT;ZWEITER HERR;1
PRÄSIDENT;SOLDAT;1
PRÄSIDENT;ZWEITER BÜRGERSOLDAT;1
LACROIX;ZWEITER HENKER;1
LACROIX;PHILIPPEAU;4
LACROIX;SIMON;2
LACROIX;WEIB;1
LACROIX;LEUTE;1
LACROIX;ZWEITER BÜRGER;1
LACROIX;ZWEITER BÜRGER 3. AKT;1
LACROIX;ROBESPIERRE;2
LACROIX;LEGENDRE;2
LACROIX;PRÄSIDENT;2
LACROIX;MARION;1
LACROIX;ROSALIE;2
LACROIX;PARIS;2
LACROIX;ST. JUST;3
LACROIX;ZWEITER HERR;1
LACROIX;SOLDAT;1
LACROIX;MADAME;1
LACROIX;LUCILE;2
LACROIX;ZWEITER BÜRGERSOLDAT;1
LACROIX;PAYNE;1
LACROIX;MERCIER;1
LACROIX;LAFLOTTE;1
LACROIX;WÄRTER;1
LACROIX;SCHLIESSER;2
LACROIX;VOULAND;1
LACROIX;ZWEITER FUHRMANN;1
LACROIX;ZWEITES WEIB;1
MARION;PHILIPPEAU;1
MARION;SIMON;1
MARION;WEIB;1
MARION;ZWEITER BÜRGER;1
MARION;ROBESPIERRE;1
MARION;PRÄSIDENT;1
MARION;ROSALIE;1
MARION;PARIS;1
MARION;ST. JUST;1
ROSALIE;SIMON;2
ROSALIE;WEIB;1
ROSALIE;ZWEITER BÜRGER;1
ROSALIE;ST. JUST;2
ROSALIE;ZWEITER HERR;1
ROSALIE;SOLDAT;1
ROSALIE;ZWEITER BÜRGERSOLDAT;1
ADELAIDE;DANTON;1
ADELAIDE;JULIE;1
ADELAIDE;EINE DAME;1
ADELAIDE;HÉRAULT;1
ADELAIDE;CAMILLE;1
ADELAIDE;PHILIPPEAU;1
ADELAIDE;SIMON;1
ADELAIDE;WEIB;1
ADELAIDE;LEUTE;1
ADELAIDE;ERSTER BÜRGER;1
ADELAIDE;ZWEITER BÜRGER;1
ADELAIDE;DRITTER BÜRGER;1
ADELAIDE;EINIGE STIMMEN 1. Akt;1
ADELAIDE;JUNGER MENSCH;1
ADELAIDE;DIE UMSTEHENDEN;1
ADELAIDE;ROBESPIERRE;1
ADELAIDE;EIN WEIB;1
ADELAIDE;EIN LYONER;1
ADELAIDE;EIN JAKOBINER;1
ADELAIDE;LEGENDRE;1
ADELAIDE;COLLOT D'HERBOIS;1
ADELAIDE;DIE JAKOBINER;1
ADELAIDE;PRÄSIDENT;1
ADELAIDE;LACROIX;1
ADELAIDE;MARION;1
ADELAIDE;ROSALIE;1
ADELAIDE;PARIS;1
ADELAIDE;ST. JUST;1
PARIS;PHILIPPEAU;2
PARIS;SIMON;2
PARIS;WEIB;1
PARIS;ZWEITER BÜRGER;1
PARIS;ROBESPIERRE;2
PARIS;PRÄSIDENT;2
PARIS;ROSALIE;2
PARIS;ST. JUST;2
PARIS;ZWEITER HERR;1
PARIS;SOLDAT;1
PARIS;ZWEITER BÜRGERSOLDAT;1
ST. JUST;WEIB;1
ST. JUST;ZWEITER BÜRGER;1
ST. JUST;ZWEITER BÜRGER 3. AKT;1
ST. JUST;ZWEITER HERR;1
ST. JUST;ZWEITER BÜRGERSOLDAT;1
ST. JUST;WÄRTER;1
ST. JUST;VOULAND;1
EIN BÜRGER;ZWEITER HENKER;1
EIN BÜRGER;JULIE;2
EIN BÜRGER;HÉRAULT;1
EIN BÜRGER;PHILIPPEAU;2
EIN BÜRGER;SIMON;1
EIN BÜRGER;EINIGE STIMMEN 2. Akt;1
EIN BÜRGER;EINIGE STIMMEN 4. Akt;1
EIN BÜRGER;ROBESPIERRE;1
EIN BÜRGER;EIN WEIB;1
EIN BÜRGER;LEGENDRE;1
EIN BÜRGER;PRÄSIDENT;1
EIN BÜRGER;LACROIX;2
EIN BÜRGER;ROSALIE;1
EIN BÜRGER;PARIS;1
EIN BÜRGER;ST. JUST;1
EIN BÜRGER;ERSTER HERR;1
EIN BÜRGER;ZWEITER HERR;1
EIN BÜRGER;SOLDAT;1
EIN BÜRGER;JUNGER HERR;1
EIN BÜRGER;MADAME;1
EIN BÜRGER;EUGENIE;1
EIN BÜRGER;LUCILE;2
EIN BÜRGER;ERSTER BÜRGERSOLDAT;1
EIN BÜRGER;ZWEITER BÜRGERSOLDAT;1
EIN BÜRGER;EIN DEPUTIERTER;1
EIN BÜRGER;SCHLIESSER;1
EIN BÜRGER;ERSTER FUHRMANN;1
EIN BÜRGER;ZWEITER FUHRMANN;1
EIN BÜRGER;EINE STIMME;1
EIN BÜRGER;EIN WEIB MIT KINDERN;1
EIN BÜRGER;EINE ANDERE;1
EIN BÜRGER;FABRE;1
EIN BÜRGER;ERSTES WEIB;1
EIN BÜRGER;ZWEITES WEIB;1
EIN BÜRGER;ERSTER HENKER;1
BÄNKELSÄNGER;DANTON;1
BÄNKELSÄNGER;JULIE;1
BÄNKELSÄNGER;CAMILLE;1
BÄNKELSÄNGER;PHILIPPEAU;1
BÄNKELSÄNGER;SIMON;1
BÄNKELSÄNGER;EINIGE STIMMEN 2. Akt;1
BÄNKELSÄNGER;ROBESPIERRE;1
BÄNKELSÄNGER;LEGENDRE;1
BÄNKELSÄNGER;PRÄSIDENT;1
BÄNKELSÄNGER;LACROIX;1
BÄNKELSÄNGER;ROSALIE;1
BÄNKELSÄNGER;PARIS;1
BÄNKELSÄNGER;ST. JUST;1
BÄNKELSÄNGER;EIN BÜRGER;1
BÄNKELSÄNGER;EIN BETTLER;1
BÄNKELSÄNGER;ERSTER HERR;1
BÄNKELSÄNGER;ZWEITER HERR;1
BÄNKELSÄNGER;SOLDAT;1
BÄNKELSÄNGER;JUNGER HERR;1
BÄNKELSÄNGER;MADAME;1
BÄNKELSÄNGER;EUGENIE;1
BÄNKELSÄNGER;LUCILE;1
BÄNKELSÄNGER;ERSTER BÜRGERSOLDAT;1
BÄNKELSÄNGER;ZWEITER BÜRGERSOLDAT;1
BÄNKELSÄNGER;DIE ANDERN BÜRGERSOLDATEN;1
BÄNKELSÄNGER;EIN DEPUTIERTER;1
BÄNKELSÄNGER;EIN ANDERER DEPUTIERTER;1
EIN BETTLER;JULIE;1
EIN BETTLER;PHILIPPEAU;1
EIN BETTLER;SIMON;1
EIN BETTLER;EINIGE STIMMEN 2. Akt;1
EIN BETTLER;ROBESPIERRE;1
EIN BETTLER;LEGENDRE;1
EIN BETTLER;PRÄSIDENT;1
EIN BETTLER;LACROIX;1
EIN BETTLER;ROSALIE;1
EIN BETTLER;PARIS;1
EIN BETTLER;ST. JUST;1
EIN BETTLER;EIN BÜRGER;1
EIN BETTLER;ERSTER HERR;1
EIN BETTLER;ZWEITER HERR;1
EIN BETTLER;SOLDAT;1
EIN BETTLER;JUNGER HERR;1
EIN BETTLER;MADAME;1
EIN BETTLER;EUGENIE;1
EIN BETTLER;LUCILE;1
EIN BETTLER;ERSTER BÜRGERSOLDAT;1
EIN BETTLER;ZWEITER BÜRGERSOLDAT;1
EIN BETTLER;EIN DEPUTIERTER;1
ERSTER HERR;JULIE;1
ERSTER HERR;PHILIPPEAU;1
ERSTER HERR;SIMON;1
ERSTER HERR;ROBESPIERRE;1
ERSTER HERR;LEGENDRE;1
ERSTER HERR;PRÄSIDENT;1
ERSTER HERR;LACROIX;1
ERSTER HERR;ROSALIE;1
ERSTER HERR;PARIS;1
ERSTER HERR;ST. JUST;1
ERSTER HERR;ZWEITER HERR;1
ERSTER HERR;SOLDAT;1
ERSTER HERR;JUNGER HERR;1
ERSTER HERR;MADAME;1
ERSTER HERR;EUGENIE;1
ERSTER HERR;LUCILE;1
ERSTER HERR;ZWEITER BÜRGERSOLDAT;1
SOLDAT;ST. JUST;1
SOLDAT;ZWEITER HERR;1
SOLDAT;ZWEITER BÜRGERSOLDAT;1
JUNGER HERR;PHILIPPEAU;1
JUNGER HERR;SIMON;1
JUNGER HERR;ROBESPIERRE;1
JUNGER HERR;LEGENDRE;1
JUNGER HERR;PRÄSIDENT;1
JUNGER HERR;LACROIX;1
JUNGER HERR;ROSALIE;1
JUNGER HERR;PARIS;1
JUNGER HERR;ST. JUST;1
JUNGER HERR;ZWEITER HERR;1
JUNGER HERR;SOLDAT;1
JUNGER HERR;MADAME;1
JUNGER HERR;LUCILE;1
JUNGER HERR;ZWEITER BÜRGERSOLDAT;1
MADAME;PHILIPPEAU;1
MADAME;SIMON;1
MADAME;ROBESPIERRE;1
MADAME;PRÄSIDENT;1
MADAME;ROSALIE;1
MADAME;PARIS;1
MADAME;ST. JUST;1
MADAME;ZWEITER HERR;1
MADAME;SOLDAT;1
MADAME;ZWEITER BÜRGERSOLDAT;1
EUGENIE;JULIE;1
EUGENIE;PHILIPPEAU;1
EUGENIE;SIMON;1
EUGENIE;ROBESPIERRE;1
EUGENIE;LEGENDRE;1
EUGENIE;PRÄSIDENT;1
EUGENIE;LACROIX;1
EUGENIE;ROSALIE;1
EUGENIE;PARIS;1
EUGENIE;ST. JUST;1
EUGENIE;ZWEITER HERR;1
EUGENIE;SOLDAT;1
EUGENIE;JUNGER HERR;1
EUGENIE;MADAME;1
EUGENIE;LUCILE;1
EUGENIE;ZWEITER BÜRGERSOLDAT;1
LUCILE;ZWEITER HENKER;1
LUCILE;PHILIPPEAU;2
LUCILE;SIMON;1
LUCILE;ROBESPIERRE;1
LUCILE;PRÄSIDENT;1
LUCILE;ROSALIE;1
LUCILE;PARIS;1
LUCILE;ST. JUST;1
LUCILE;ZWEITER HERR;1
LUCILE;SOLDAT;1
LUCILE;MADAME;1
LUCILE;ZWEITER BÜRGERSOLDAT;1
LUCILE;SCHLIESSER;1
LUCILE;ZWEITER FUHRMANN;1
LUCILE;ZWEITES WEIB;1
ERSTER BÜRGERSOLDAT;JULIE;1
ERSTER BÜRGERSOLDAT;PHILIPPEAU;1
ERSTER BÜRGERSOLDAT;SIMON;1
ERSTER BÜRGERSOLDAT;ROBESPIERRE;1
ERSTER BÜRGERSOLDAT;LEGENDRE;1
ERSTER BÜRGERSOLDAT;PRÄSIDENT;1
ERSTER BÜRGERSOLDAT;LACROIX;1
ERSTER BÜRGERSOLDAT;ROSALIE;1
ERSTER BÜRGERSOLDAT;PARIS;1
ERSTER BÜRGERSOLDAT;ST. JUST;1
ERSTER BÜRGERSOLDAT;ERSTER HERR;1
ERSTER BÜRGERSOLDAT;ZWEITER HERR;1
ERSTER BÜRGERSOLDAT;SOLDAT;1
ERSTER BÜRGERSOLDAT;JUNGER HERR;1
ERSTER BÜRGERSOLDAT;MADAME;1
ERSTER BÜRGERSOLDAT;EUGENIE;1
ERSTER BÜRGERSOLDAT;LUCILE;1
ERSTER BÜRGERSOLDAT;ZWEITER BÜRGERSOLDAT;1
ZWEITER BÜRGERSOLDAT;ZWEITER HERR;1
DIE ANDERN BÜRGERSOLDATEN;JULIE;1
DIE ANDERN BÜRGERSOLDATEN;PHILIPPEAU;1
DIE ANDERN BÜRGERSOLDATEN;SIMON;1
DIE ANDERN BÜRGERSOLDATEN;EINIGE STIMMEN 2. Akt;1
DIE ANDERN BÜRGERSOLDATEN;ROBESPIERRE;1
DIE ANDERN BÜRGERSOLDATEN;LEGENDRE;1
DIE ANDERN BÜRGERSOLDATEN;PRÄSIDENT;1
DIE ANDERN BÜRGERSOLDATEN;LACROIX;1
DIE ANDERN BÜRGERSOLDATEN;ROSALIE;1
DIE ANDERN BÜRGERSOLDATEN;PARIS;1
DIE ANDERN BÜRGERSOLDATEN;ST. JUST;1
DIE ANDERN BÜRGERSOLDATEN;EIN BÜRGER;1
DIE ANDERN BÜRGERSOLDATEN;EIN BETTLER;1
DIE ANDERN BÜRGERSOLDATEN;ERSTER HERR;1
DIE ANDERN BÜRGERSOLDATEN;ZWEITER HERR;1
DIE ANDERN BÜRGERSOLDATEN;SOLDAT;1
DIE ANDERN BÜRGERSOLDATEN;JUNGER HERR;1
DIE ANDERN BÜRGERSOLDATEN;MADAME;1
DIE ANDERN BÜRGERSOLDATEN;EUGENIE;1
DIE ANDERN BÜRGERSOLDATEN;LUCILE;1
DIE ANDERN BÜRGERSOLDATEN;ERSTER BÜRGERSOLDAT;1
DIE ANDERN BÜRGERSOLDATEN;ZWEITER BÜRGERSOLDAT;1
DIE ANDERN BÜRGERSOLDATEN;EIN DEPUTIERTER;1
DIE ANDERN BÜRGERSOLDATEN;EIN ANDERER DEPUTIERTER;1
EIN DEPUTIERTER;JULIE;1
EIN DEPUTIERTER;PHILIPPEAU;1
EIN DEPUTIERTER;SIMON;1
EIN DEPUTIERTER;EINIGE STIMMEN 2. Akt;1
EIN DEPUTIERTER;ROBESPIERRE;1
EIN DEPUTIERTER;LEGENDRE;1
EIN DEPUTIERTER;PRÄSIDENT;1
EIN DEPUTIERTER;LACROIX;1
EIN DEPUTIERTER;ROSALIE;1
EIN DEPUTIERTER;PARIS;1
EIN DEPUTIERTER;ST. JUST;1
EIN DEPUTIERTER;ERSTER HERR;1
EIN DEPUTIERTER;ZWEITER HERR;1
EIN DEPUTIERTER;SOLDAT;1
EIN DEPUTIERTER;JUNGER HERR;1
EIN DEPUTIERTER;MADAME;1
EIN DEPUTIERTER;EUGENIE;1
EIN DEPUTIERTER;LUCILE;1
EIN DEPUTIERTER;ERSTER BÜRGERSOLDAT;1
EIN DEPUTIERTER;ZWEITER BÜRGERSOLDAT;1
EIN ANDERER DEPUTIERTER;JULIE;1
EIN ANDERER DEPUTIERTER;PHILIPPEAU;1
EIN ANDERER DEPUTIERTER;SIMON;1
EIN ANDERER DEPUTIERTER;EINIGE STIMMEN 2. Akt;1
EIN ANDERER DEPUTIERTER;ROBESPIERRE;1
EIN ANDERER DEPUTIERTER;LEGENDRE;1
EIN ANDERER DEPUTIERTER;PRÄSIDENT;1
EIN ANDERER DEPUTIERTER;LACROIX;1
EIN ANDERER DEPUTIERTER;ROSALIE;1
EIN ANDERER DEPUTIERTER;PARIS;1
EIN ANDERER DEPUTIERTER;ST. JUST;1
EIN ANDERER DEPUTIERTER;EIN BÜRGER;1
EIN ANDERER DEPUTIERTER;EIN BETTLER;1
EIN ANDERER DEPUTIERTER;ERSTER HERR;1
EIN ANDERER DEPUTIERTER;ZWEITER HERR;1
EIN ANDERER DEPUTIERTER;SOLDAT;1
EIN ANDERER DEPUTIERTER;JUNGER HERR;1
EIN ANDERER DEPUTIERTER;MADAME;1
EIN ANDERER DEPUTIERTER;EUGENIE;1
EIN ANDERER DEPUTIERTER;LUCILE;1
EIN ANDERER DEPUTIERTER;ERSTER BÜRGERSOLDAT;1
EIN ANDERER DEPUTIERTER;ZWEITER BÜRGERSOLDAT;1
EIN ANDERER DEPUTIERTER;EIN DEPUTIERTER;1
CHAUMETTE;DANTON;1
CHAUMETTE;HÉRAULT;1
CHAUMETTE;PHILIPPEAU;1
CHAUMETTE;ERSTER BÜRGER 3. AKT;1
CHAUMETTE;ZWEITER BÜRGER 3. AKT;1
CHAUMETTE;EINIGE STIMMEN 3. Akt;1
CHAUMETTE;LACROIX;1
CHAUMETTE;ST. JUST;1
CHAUMETTE;PAYNE;1
CHAUMETTE;MERCIER;1
CHAUMETTE;EIN GEFANGENER;1
CHAUMETTE;EIN ANDRER GEFANGENER;1
CHAUMETTE;FOUQUIER;1
CHAUMETTE;HERMAN;1
CHAUMETTE;DILLON;1
CHAUMETTE;LAFLOTTE;1
CHAUMETTE;WÄRTER;1
CHAUMETTE;COLLOT;1
CHAUMETTE;SCHLIESSER;1
CHAUMETTE;VOULAND;1
CHAUMETTE;EINIGE WEIBER;1
PAYNE;PHILIPPEAU;1
PAYNE;ZWEITER BÜRGER 3. AKT;1
PAYNE;ST. JUST;1
PAYNE;WÄRTER;1
PAYNE;SCHLIESSER;1
PAYNE;VOULAND;1
MERCIER;PHILIPPEAU;1
MERCIER;ZWEITER BÜRGER 3. AKT;1
MERCIER;ST. JUST;1
MERCIER;PAYNE;1
MERCIER;WÄRTER;1
MERCIER;SCHLIESSER;1
MERCIER;VOULAND;1
EIN GEFANGENER;HÉRAULT;1
EIN GEFANGENER;PHILIPPEAU;1
EIN GEFANGENER;ERSTER BÜRGER 3. AKT;1
EIN GEFANGENER;ZWEITER BÜRGER 3. AKT;1
EIN GEFANGENER;EINIGE STIMMEN 3. Akt;1
EIN GEFANGENER;LACROIX;1
EIN GEFANGENER;ST. JUST;1
EIN GEFANGENER;PAYNE;1
EIN GEFANGENER;MERCIER;1
EIN GEFANGENER;FOUQUIER;1
EIN GEFANGENER;HERMAN;1
EIN GEFANGENER;LAFLOTTE;1
EIN GEFANGENER;WÄRTER;1
EIN GEFANGENER;SCHLIESSER;1
EIN GEFANGENER;VOULAND;1
EIN GEFANGENER;EINIGE WEIBER;1
EIN ANDRER GEFANGENER;HÉRAULT;1
EIN ANDRER GEFANGENER;PHILIPPEAU;1
EIN ANDRER GEFANGENER;ERSTER BÜRGER 3. AKT;1
EIN ANDRER GEFANGENER;ZWEITER BÜRGER 3. AKT;1
EIN ANDRER GEFANGENER;EINIGE STIMMEN 3. Akt;1
EIN ANDRER GEFANGENER;LACROIX;1
EIN ANDRER GEFANGENER;ST. JUST;1
EIN ANDRER GEFANGENER;PAYNE;1
EIN ANDRER GEFANGENER;MERCIER;1
EIN ANDRER GEFANGENER;EIN GEFANGENER;1
EIN ANDRER GEFANGENER;FOUQUIER;1
EIN ANDRER GEFANGENER;HERMAN;1
EIN ANDRER GEFANGENER;LAFLOTTE;1
EIN ANDRER GEFANGENER;WÄRTER;1
EIN ANDRER GEFANGENER;SCHLIESSER;1
EIN ANDRER GEFANGENER;VOULAND;1
EIN ANDRER GEFANGENER;EINIGE WEIBER;1
FOUQUIER;HÉRAULT;1
FOUQUIER;PHILIPPEAU;1
FOUQUIER;ZWEITER BÜRGER 3. AKT;1
FOUQUIER;LACROIX;1
FOUQUIER;ST. JUST;1
FOUQUIER;PAYNE;1
FOUQUIER;MERCIER;1
FOUQUIER;HERMAN;1
FOUQUIER;LAFLOTTE;1
FOUQUIER;WÄRTER;1
FOUQUIER;SCHLIESSER;1
FOUQUIER;VOULAND;1
HERMAN;HÉRAULT;1
HERMAN;PHILIPPEAU;1
HERMAN;ZWEITER BÜRGER 3. AKT;1
HERMAN;LACROIX;1
HERMAN;ST. JUST;1
HERMAN;PAYNE;1
HERMAN;MERCIER;1
HERMAN;LAFLOTTE;1
HERMAN;WÄRTER;1
HERMAN;SCHLIESSER;1
HERMAN;VOULAND;1
DILLON;HÉRAULT;1
DILLON;PHILIPPEAU;1
DILLON;ERSTER BÜRGER 3. AKT;1
DILLON;ZWEITER BÜRGER 3. AKT;1
DILLON;EINIGE STIMMEN 3. Akt;1
DILLON;LACROIX;1
DILLON;ST. JUST;1
DILLON;PAYNE;1
DILLON;MERCIER;1
DILLON;EIN GEFANGENER;1
DILLON;EIN ANDRER GEFANGENER;1
DILLON;FOUQUIER;1
DILLON;HERMAN;1
DILLON;LAFLOTTE;1
DILLON;WÄRTER;1
DILLON;SCHLIESSER;1
DILLON;VOULAND;1
DILLON;EINIGE WEIBER;1
LAFLOTTE;PHILIPPEAU;1
LAFLOTTE;ZWEITER BÜRGER 3. AKT;1
LAFLOTTE;ST. JUST;1
LAFLOTTE;PAYNE;1
LAFLOTTE;MERCIER;1
LAFLOTTE;WÄRTER;1
LAFLOTTE;SCHLIESSER;1
LAFLOTTE;VOULAND;1
WÄRTER;ZWEITER BÜRGER 3. AKT;1
BARÈRE;DANTON;1
BARÈRE;HÉRAULT;1
BARÈRE;CAMILLE;1
BARÈRE;PHILIPPEAU;1
BARÈRE;ERSTER BÜRGER 3. AKT;1
BARÈRE;ZWEITER BÜRGER 3. AKT;1
BARÈRE;EINIGE STIMMEN 3. Akt;1
BARÈRE;LACROIX;1
BARÈRE;ST. JUST;1
BARÈRE;CHAUMETTE;1
BARÈRE;PAYNE;1
BARÈRE;MERCIER;1
BARÈRE;EIN GEFANGENER;1
BARÈRE;EIN ANDRER GEFANGENER;1
BARÈRE;FOUQUIER;1
BARÈRE;HERMAN;1
BARÈRE;DILLON;1
BARÈRE;LAFLOTTE;1
BARÈRE;WÄRTER;1
BARÈRE;COLLOT;1
BARÈRE;BILLAUD;1
BARÈRE;SCHLIESSER;1
BARÈRE;VOULAND;1
BARÈRE;EINIGE WEIBER;1
COLLOT;DANTON;1
COLLOT;HÉRAULT;1
COLLOT;PHILIPPEAU;1
COLLOT;ERSTER BÜRGER 3. AKT;1
COLLOT;ZWEITER BÜRGER 3. AKT;1
COLLOT;EINIGE STIMMEN 3. Akt;1
COLLOT;LACROIX;1
COLLOT;ST. JUST;1
COLLOT;PAYNE;1
COLLOT;MERCIER;1
COLLOT;EIN GEFANGENER;1
COLLOT;EIN ANDRER GEFANGENER;1
COLLOT;FOUQUIER;1
COLLOT;HERMAN;1
COLLOT;DILLON;1
COLLOT;LAFLOTTE;1
COLLOT;WÄRTER;1
COLLOT;SCHLIESSER;1
COLLOT;VOULAND;1
COLLOT;EINIGE WEIBER;1
BILLAUD;DANTON;1
BILLAUD;HÉRAULT;1
BILLAUD;CAMILLE;1
BILLAUD;PHILIPPEAU;1
BILLAUD;ERSTER BÜRGER 3. AKT;1
BILLAUD;ZWEITER BÜRGER 3. AKT;1
BILLAUD;EINIGE STIMMEN 3. Akt;1
BILLAUD;LACROIX;1
BILLAUD;ST. JUST;1
BILLAUD;CHAUMETTE;1
BILLAUD;PAYNE;1
BILLAUD;MERCIER;1
BILLAUD;EIN GEFANGENER;1
BILLAUD;EIN ANDRER GEFANGENER;1
BILLAUD;FOUQUIER;1
BILLAUD;HERMAN;1
BILLAUD;DILLON;1
BILLAUD;LAFLOTTE;1
BILLAUD;WÄRTER;1
BILLAUD;COLLOT;1
BILLAUD;SCHLIESSER;1
BILLAUD;VOULAND;1
BILLAUD;EINIGE WEIBER;1
SCHLIESSER;ZWEITER HENKER;1
SCHLIESSER;ZWEITER BÜRGER 3. AKT;1
SCHLIESSER;ST. JUST;1
SCHLIESSER;WÄRTER;1
SCHLIESSER;VOULAND;1
SCHLIESSER;ZWEITER FUHRMANN;1
SCHLIESSER;ZWEITES WEIB;1
AMAR;DANTON;1
AMAR;HÉRAULT;1
AMAR;CAMILLE;1
AMAR;PHILIPPEAU;1
AMAR;ERSTER BÜRGER 3. AKT;1
AMAR;ZWEITER BÜRGER 3. AKT;1
AMAR;EINIGE STIMMEN 3. Akt;1
AMAR;LACROIX;1
AMAR;ST. JUST;1
AMAR;CHAUMETTE;1
AMAR;PAYNE;1
AMAR;MERCIER;1
AMAR;EIN GEFANGENER;1
AMAR;EIN ANDRER GEFANGENER;1
AMAR;FOUQUIER;1
AMAR;HERMAN;1
AMAR;DILLON;1
AMAR;LAFLOTTE;1
AMAR;WÄRTER;1
AMAR;BARÈRE;1
AMAR;COLLOT;1
AMAR;BILLAUD;1
AMAR;SCHLIESSER;1
AMAR;VOULAND;1
AMAR;EINIGE WEIBER;1
VOULAND;ZWEITER BÜRGER 3. AKT;1
VOULAND;WÄRTER;1
EINIGE WEIBER;HÉRAULT;1
EINIGE WEIBER;PHILIPPEAU;1
EINIGE WEIBER;ERSTER BÜRGER 3. AKT;1
EINIGE WEIBER;ZWEITER BÜRGER 3. AKT;1
EINIGE WEIBER;LACROIX;1
EINIGE WEIBER;ST. JUST;1
EINIGE WEIBER;PAYNE;1
EINIGE WEIBER;MERCIER;1
EINIGE WEIBER;FOUQUIER;1
EINIGE WEIBER;HERMAN;1
EINIGE WEIBER;LAFLOTTE;1
EINIGE WEIBER;WÄRTER;1
EINIGE WEIBER;SCHLIESSER;1
EINIGE WEIBER;VOULAND;1
DUMAS;ZWEITER HENKER;1
DUMAS;JULIE;1
DUMAS;HÉRAULT;1
DUMAS;PHILIPPEAU;1
DUMAS;EINIGE STIMMEN 4. Akt;1
DUMAS;EIN WEIB;1
DUMAS;LACROIX;1
DUMAS;EIN BÜRGER;1
DUMAS;LUCILE;1
DUMAS;SCHLIESSER;1
DUMAS;ERSTER FUHRMANN;1
DUMAS;ZWEITER FUHRMANN;1
DUMAS;EINE STIMME;1
DUMAS;EIN WEIB MIT KINDERN;1
DUMAS;EINE ANDERE;1
DUMAS;FABRE;1
DUMAS;ERSTES WEIB;1
DUMAS;ZWEITES WEIB;1
DUMAS;ERSTER HENKER;1
ERSTER FUHRMANN;ZWEITER HENKER;1
ERSTER FUHRMANN;JULIE;1
ERSTER FUHRMANN;HÉRAULT;1
ERSTER FUHRMANN;PHILIPPEAU;1
ERSTER FUHRMANN;LACROIX;1
ERSTER FUHRMANN;LUCILE;1
ERSTER FUHRMANN;SCHLIESSER;1
ERSTER FUHRMANN;ZWEITER FUHRMANN;1
ERSTER FUHRMANN;FABRE;1
ERSTER FUHRMANN;ERSTES WEIB;1
ERSTER FUHRMANN;ZWEITES WEIB;1
ERSTER FUHRMANN;ERSTER HENKER;1
ZWEITER FUHRMANN;ZWEITER HENKER;1
ZWEITER FUHRMANN;ZWEITES WEIB;1
EINE STIMME;ZWEITER HENKER;1
EINE STIMME;JULIE;1
EINE STIMME;HÉRAULT;1
EINE STIMME;PHILIPPEAU;1
EINE STIMME;EINIGE STIMMEN 4. Akt;1
EINE STIMME;LACROIX;1
EINE STIMME;LUCILE;1
EINE STIMME;SCHLIESSER;1
EINE STIMME;ERSTER FUHRMANN;1
EINE STIMME;ZWEITER FUHRMANN;1
EINE STIMME;FABRE;1
EINE STIMME;ERSTES WEIB;1
EINE STIMME;ZWEITES WEIB;1
EINE STIMME;ERSTER HENKER;1
EIN WEIB MIT KINDERN;ZWEITER HENKER;1
EIN WEIB MIT KINDERN;JULIE;1
EIN WEIB MIT KINDERN;HÉRAULT;1
EIN WEIB MIT KINDERN;PHILIPPEAU;1
EIN WEIB MIT KINDERN;EINIGE STIMMEN 4. Akt;1
EIN WEIB MIT KINDERN;LACROIX;1
EIN WEIB MIT KINDERN;LUCILE;1
EIN WEIB MIT KINDERN;SCHLIESSER;1
EIN WEIB MIT KINDERN;ERSTER FUHRMANN;1
EIN WEIB MIT KINDERN;ZWEITER FUHRMANN;1
EIN WEIB MIT KINDERN;EINE STIMME;1
EIN WEIB MIT KINDERN;EINE ANDERE;1
EIN WEIB MIT KINDERN;FABRE;1
EIN WEIB MIT KINDERN;ERSTES WEIB;1
EIN WEIB MIT KINDERN;ZWEITES WEIB;1
EIN WEIB MIT KINDERN;ERSTER HENKER;1
EINE ANDERE;ZWEITER HENKER;1
EINE ANDERE;JULIE;1
EINE ANDERE;HÉRAULT;1
EINE ANDERE;PHILIPPEAU;1
EINE ANDERE;EINIGE STIMMEN 4. Akt;1
EINE ANDERE;LACROIX;1
EINE ANDERE;LUCILE;1
EINE ANDERE;SCHLIESSER;1
EINE ANDERE;ERSTER FUHRMANN;1
EINE ANDERE;ZWEITER FUHRMANN;1
EINE ANDERE;EINE STIMME;1
EINE ANDERE;FABRE;1
EINE ANDERE;ERSTES WEIB;1
EINE ANDERE;ZWEITES WEIB;1
EINE ANDERE;ERSTER HENKER;1
FABRE;ZWEITER HENKER;1
FABRE;JULIE;1
FABRE;HÉRAULT;1
FABRE;PHILIPPEAU;1
FABRE;LACROIX;1
FABRE;LUCILE;1
FABRE;SCHLIESSER;1
FABRE;ZWEITER FUHRMANN;1
FABRE;ZWEITES WEIB;1
ERSTES WEIB;ZWEITER HENKER;1
ERSTES WEIB;JULIE;1
ERSTES WEIB;HÉRAULT;1
ERSTES WEIB;PHILIPPEAU;1
ERSTES WEIB;LACROIX;1
ERSTES WEIB;LUCILE;1
ERSTES WEIB;SCHLIESSER;1
ERSTES WEIB;ZWEITER FUHRMANN;1
ERSTES WEIB;FABRE;1
ERSTES WEIB;ZWEITES WEIB;1
DRITTES WEIB;ZWEITER HENKER;1
DRITTES WEIB;JULIE;1
DRITTES WEIB;HÉRAULT;1
DRITTES WEIB;PHILIPPEAU;1
DRITTES WEIB;EINIGE STIMMEN 4. Akt;1
DRITTES WEIB;EIN WEIB;1
DRITTES WEIB;LACROIX;1
DRITTES WEIB;EIN BÜRGER;1
DRITTES WEIB;LUCILE;1
DRITTES WEIB;SCHLIESSER;1
DRITTES WEIB;DUMAS;1
DRITTES WEIB;ERSTER FUHRMANN;1
DRITTES WEIB;ZWEITER FUHRMANN;1
DRITTES WEIB;EINE STIMME;1
DRITTES WEIB;EIN WEIB MIT KINDERN;1
DRITTES WEIB;EINE ANDERE;1
DRITTES WEIB;FABRE;1
DRITTES WEIB;ERSTES WEIB;1
DRITTES WEIB;ZWEITES WEIB;1
DRITTES WEIB;ERSTER HENKER;1
ERSTER HENKER;ZWEITER HENKER;1
ERSTER HENKER;JULIE;1
ERSTER HENKER;HÉRAULT;1
ERSTER HENKER;PHILIPPEAU;1
ERSTER HENKER;LACROIX;1
ERSTER HENKER;LUCILE;1
ERSTER HENKER;SCHLIESSER;1
ERSTER HENKER;ZWEITER FUHRMANN;1
ERSTER HENKER;FABRE;1
ERSTER HENKER;ERSTES WEIB;1
ERSTER HENKER;ZWEITES WEIB;1
