DAS GEFOLG;HANNIBAL;1
DAS GEFOLG;TURNU;1
DAS GEFOLG;EIN SKLAV (5);1
DAS GEFOLG;PRUSIAS;1
DAS GEFOLG;HÖFLING;1
DAS GEFOLG;PROTOVESTIAR;1
DAS GEFOLG;DER LEIBPAGE;1
DAS GEFOLG;MALER;1
DAS GEFOLG;FLAMININUS;1
BRASIDAS;HANNA;1
BRASIDAS;MARKTWEIBER;1
BRASIDAS;EIN MARKTJUNGE;1
BRASIDAS;EIN MARKTWEIB;1
BRASIDAS;EIN ANDERES MARKTWEIB;1
BRASIDAS;EIN KARTHAGER;2
BRASIDAS;EIN KAUFHERR;1
BRASIDAS;ERSTER SKLAVENHÄNDLER;1
BRASIDAS;ERSTER ZIERBENGEL;1
BRASIDAS;ZWEITER ZIERBENGEL;1
BRASIDAS;ZWEITER SKLAVENHÄNDLER;1
BRASIDAS;EIN VORÜBERGEHENDER;1
BRASIDAS;EIN ALTER MANN;1
BRASIDAS;EIN BOTE;1
BRASIDAS;DIE MENGE (1);1
BRASIDAS;DER FÜHRENDE SCHEICH;1
BRASIDAS;ZOLLBEDIENTE;1
BRASIDAS;EIN ZOLLBEDIENTER;1
BRASIDAS;MELKIR;2
BRASIDAS;HANNO;2
BRASIDAS;GISGON;2
BRASIDAS;ERSTER KONSUL;1
BRASIDAS;PRÄTOR;1
BRASIDAS;ZWEITER KONSUL;1
BRASIDAS;EIN SENATOR;1
BRASIDAS;KATO ZENSOR;1
BRASIDAS;TRIBUNEN;1
BRASIDAS;EIN KURULISCHER ÄDIL;1
BRASIDAS;DER SENAT;1
BRASIDAS;SCIPIO DER JÜNGERE;3
BRASIDAS;SCIPIO DER ÄLTERE;3
BRASIDAS;EIN LIKTOR;2
BRASIDAS;HANNIBAL;4
BRASIDAS;EIN NEGERHÄUPTLING;1
BRASIDAS;TURNU;3
BRASIDAS;TERENZ;2
BRASIDAS;EIN GEFANGENER;1
BRASIDAS;DAS WEIB;2
BRASIDAS;EIN KNABE;1
BRASIDAS;EIN SOLDAT;1
BRASIDAS;DER KELTIBERIERFÜRST ALLOCHLIN;2
BRASIDAS;DIE BRAUT;1
BRASIDAS;KELTIBERIER;2
BRASIDAS;DAS HEER;1
BRASIDAS;ERSTER BÜRGER;1
BRASIDAS;ZWEITER BÜRGER;1
BRASIDAS;DRITTER BÜRGER;1
BRASIDAS;DER FRÜHERE DESPOT DER STADT;2
BRASIDAS;FABIUS MAXIMUS;1
BRASIDAS;REITERFELDHERR;1
BRASIDAS;EIN FLAMEN;1
BRASIDAS;EIN GREIS;1
BRASIDAS;DIE JÜNGLINGE;1
BRASIDAS;DIE MÄDCHEN;1
BRASIDAS;EIN ATELLAN;1
BRASIDAS;HERANSPRENGENDE REITER;1
BRASIDAS;EIN NUMIDIER;1
BRASIDAS;DAS MÄDCHEN;1
BRASIDAS;DIE MENGE (3);2
BRASIDAS;DER JUNGE PUNIER;1
BRASIDAS;EIN ALS KARTHAGISCHER KRIEGER VERKLEIDETER RÖMER;1
BRASIDAS;DER RÖMER;1
BRASIDAS;ERSTER SKLAV;1
BRASIDAS;DIE SKLAVEN;2
BRASIDAS;ZWEITER SKLAV;1
BRASIDAS;DIE BALEARISCHEN SCHLEUDERER;1
BRASIDAS;EIN VORNEHMER KAPUANER;1
BRASIDAS;STIMMEN DER KOMMANDIERENDEN FLOTTENOFFIZIERE;1
BRASIDAS;SOLDAT;1
BRASIDAS;ERSTER GESANDTER;2
BRASIDAS;MATROSEN;1
BRASIDAS;EIN VERTRAUTER DIENER MELKIRS;1
BRASIDAS;DER HAUPTMANN HANNIBALS;1
BRASIDAS;MARKTJUNGE;1
BRASIDAS;VOLK;1
BRASIDAS;EIN MANN;1
BRASIDAS;EIN ANDERER MANN;1
BRASIDAS;HEROLD;1
BRASIDAS;DIE MENGE (4);1
BRASIDAS;MARKTWEIB (4);1
BRASIDAS;EIN SKLAV (4);1
BRASIDAS;EIN VELIT;1
BRASIDAS;ERSTER KARTHAGISCHER ABGEODNETER;1
BRASIDAS;PFÖRTNER;1
BRASIDAS;KNABE;1
BRASIDAS;EIN WEIB;1
BRASIDAS;EIN PRIESTER;1
BRASIDAS;EIN ZWEITER PRIESTER;1
BRASIDAS;EIN KRIEGER;1
BRASIDAS;HAUSMEISTER;1
BRASIDAS;ZWEITER RÖMISCHER GESANDTER;1
ALITTA;DAS GEFOLG;1
ALITTA;BRASIDAS;2
ALITTA;HANNA;1
ALITTA;AUSRUFER VON MEHREREN SEITEN;1
ALITTA;MARKTWEIBER;1
ALITTA;EIN MARKTJUNGE;1
ALITTA;EIN MARKTWEIB;1
ALITTA;EIN ANDERES MARKTWEIB;1
ALITTA;EIN KARTHAGER;2
ALITTA;EIN KAUFHERR;1
ALITTA;ERSTER SKLAVENHÄNDLER;1
ALITTA;ERSTER ZIERBENGEL;1
ALITTA;ZWEITER ZIERBENGEL;1
ALITTA;ZWEITER SKLAVENHÄNDLER;1
ALITTA;EIN VORÜBERGEHENDER;1
ALITTA;EIN ALTER MANN;1
ALITTA;EIN BOTE;1
ALITTA;DIE MENGE (1);1
ALITTA;DER FÜHRENDE SCHEICH;1
ALITTA;ZOLLBEDIENTE;1
ALITTA;EIN ZOLLBEDIENTER;1
ALITTA;MELKIR;2
ALITTA;HANNO;2
ALITTA;GISGON;2
ALITTA;ERSTER KONSUL;1
ALITTA;PRÄTOR;1
ALITTA;ZWEITER KONSUL;1
ALITTA;EIN SENATOR;1
ALITTA;KATO ZENSOR;1
ALITTA;TRIBUNEN;1
ALITTA;EIN KURULISCHER ÄDIL;1
ALITTA;DER SENAT;1
ALITTA;SCIPIO DER JÜNGERE;2
ALITTA;SCIPIO DER ÄLTERE;2
ALITTA;EIN LIKTOR;1
ALITTA;HANNIBAL;3
ALITTA;EIN NEGERHÄUPTLING;1
ALITTA;BOTE;1
ALITTA;TURNU;2
ALITTA;TERENZ;1
ALITTA;DAS WEIB;1
ALITTA;DER KELTIBERIERFÜRST ALLOCHLIN;1
ALITTA;KELTIBERIER;1
ALITTA;DIE MENGE (3);1
ALITTA;DIE SKLAVEN;1
ALITTA;ERSTER GESANDTER;1
ALITTA;EIN VERTRAUTER DIENER MELKIRS;1
ALITTA;DER HAUPTMANN HANNIBALS;1
ALITTA;MARKTJUNGE;1
ALITTA;VOLK;1
ALITTA;EIN MANN;1
ALITTA;EIN ANDERER MANN;1
ALITTA;HEROLD;1
ALITTA;DIE MENGE (4);1
ALITTA;MARKTWEIB (4);1
ALITTA;EIN SKLAV (4);1
ALITTA;BARKAS;2
ALITTA;EIN VELIT;1
ALITTA;ERSTER KARTHAGISCHER ABGEODNETER;1
ALITTA;PFÖRTNER;1
ALITTA;KNABE;1
ALITTA;EIN WEIB;1
ALITTA;EIN PRIESTER;1
ALITTA;EIN ZWEITER PRIESTER;1
ALITTA;EIN KRIEGER;1
ALITTA;EIN SKLAV (5);1
ALITTA;HAUSMEISTER;1
ALITTA;ZWEITER RÖMISCHER GESANDTER;1
ALITTA;PRUSIAS;1
ALITTA;HÖFLING;1
ALITTA;PROTOVESTIAR;1
ALITTA;DER LEIBPAGE;1
ALITTA;MALER;1
ALITTA;BARRAS;1
ALITTA;FLAMININUS;1
HANNA;MARKTWEIBER;1
HANNA;ZWEITER ZIERBENGEL;1
HANNA;ZWEITER SKLAVENHÄNDLER;1
HANNA;ZOLLBEDIENTE;1
HANNA;MELKIR;1
HANNA;HANNO;1
HANNA;PRÄTOR;1
HANNA;ZWEITER KONSUL;1
HANNA;KATO ZENSOR;1
HANNA;TRIBUNEN;1
HANNA;SCIPIO DER JÜNGERE;1
HANNA;SCIPIO DER ÄLTERE;1
HANNA;HANNIBAL;1
HANNA;TURNU;1
AUSRUFER VON MEHREREN SEITEN;BRASIDAS;1
AUSRUFER VON MEHREREN SEITEN;HANNA;1
AUSRUFER VON MEHREREN SEITEN;MARKTWEIBER;1
AUSRUFER VON MEHREREN SEITEN;EIN MARKTJUNGE;1
AUSRUFER VON MEHREREN SEITEN;EIN MARKTWEIB;1
AUSRUFER VON MEHREREN SEITEN;EIN ANDERES MARKTWEIB;1
AUSRUFER VON MEHREREN SEITEN;EIN KARTHAGER;1
AUSRUFER VON MEHREREN SEITEN;EIN KAUFHERR;1
AUSRUFER VON MEHREREN SEITEN;ERSTER SKLAVENHÄNDLER;1
AUSRUFER VON MEHREREN SEITEN;ERSTER ZIERBENGEL;1
AUSRUFER VON MEHREREN SEITEN;ZWEITER ZIERBENGEL;1
AUSRUFER VON MEHREREN SEITEN;ZWEITER SKLAVENHÄNDLER;1
AUSRUFER VON MEHREREN SEITEN;EIN VORÜBERGEHENDER;1
AUSRUFER VON MEHREREN SEITEN;EIN ALTER MANN;1
AUSRUFER VON MEHREREN SEITEN;EIN BOTE;1
AUSRUFER VON MEHREREN SEITEN;DIE MENGE (1);1
AUSRUFER VON MEHREREN SEITEN;DER FÜHRENDE SCHEICH;1
AUSRUFER VON MEHREREN SEITEN;ZOLLBEDIENTE;1
AUSRUFER VON MEHREREN SEITEN;EIN ZOLLBEDIENTER;1
AUSRUFER VON MEHREREN SEITEN;MELKIR;1
AUSRUFER VON MEHREREN SEITEN;HANNO;1
AUSRUFER VON MEHREREN SEITEN;GISGON;1
AUSRUFER VON MEHREREN SEITEN;ERSTER KONSUL;1
AUSRUFER VON MEHREREN SEITEN;PRÄTOR;1
AUSRUFER VON MEHREREN SEITEN;ZWEITER KONSUL;1
AUSRUFER VON MEHREREN SEITEN;EIN SENATOR;1
AUSRUFER VON MEHREREN SEITEN;KATO ZENSOR;1
AUSRUFER VON MEHREREN SEITEN;TRIBUNEN;1
AUSRUFER VON MEHREREN SEITEN;EIN KURULISCHER ÄDIL;1
AUSRUFER VON MEHREREN SEITEN;DER SENAT;1
AUSRUFER VON MEHREREN SEITEN;SCIPIO DER JÜNGERE;1
AUSRUFER VON MEHREREN SEITEN;SCIPIO DER ÄLTERE;1
AUSRUFER VON MEHREREN SEITEN;EIN LIKTOR;1
AUSRUFER VON MEHREREN SEITEN;HANNIBAL;1
AUSRUFER VON MEHREREN SEITEN;EIN NEGERHÄUPTLING;1
AUSRUFER VON MEHREREN SEITEN;BOTE;1
AUSRUFER VON MEHREREN SEITEN;TURNU;1
MARKTWEIBER;ZWEITER ZIERBENGEL;1
MARKTWEIBER;ZWEITER SKLAVENHÄNDLER;1
MARKTWEIBER;ZOLLBEDIENTE;1
MARKTWEIBER;MELKIR;1
MARKTWEIBER;PRÄTOR;1
MARKTWEIBER;ZWEITER KONSUL;1
MARKTWEIBER;TRIBUNEN;1
MARKTWEIBER;SCIPIO DER JÜNGERE;1
MARKTWEIBER;SCIPIO DER ÄLTERE;1
MARKTWEIBER;TURNU;1
EIN MARKTJUNGE;HANNA;1
EIN MARKTJUNGE;MARKTWEIBER;1
EIN MARKTJUNGE;EIN MARKTWEIB;1
EIN MARKTJUNGE;ERSTER SKLAVENHÄNDLER;1
EIN MARKTJUNGE;ERSTER ZIERBENGEL;1
EIN MARKTJUNGE;ZWEITER ZIERBENGEL;1
EIN MARKTJUNGE;ZWEITER SKLAVENHÄNDLER;1
EIN MARKTJUNGE;EIN VORÜBERGEHENDER;1
EIN MARKTJUNGE;ZOLLBEDIENTE;1
EIN MARKTJUNGE;EIN ZOLLBEDIENTER;1
EIN MARKTJUNGE;MELKIR;1
EIN MARKTJUNGE;HANNO;1
EIN MARKTJUNGE;GISGON;1
EIN MARKTJUNGE;ERSTER KONSUL;1
EIN MARKTJUNGE;PRÄTOR;1
EIN MARKTJUNGE;ZWEITER KONSUL;1
EIN MARKTJUNGE;EIN SENATOR;1
EIN MARKTJUNGE;KATO ZENSOR;1
EIN MARKTJUNGE;TRIBUNEN;1
EIN MARKTJUNGE;SCIPIO DER JÜNGERE;1
EIN MARKTJUNGE;SCIPIO DER ÄLTERE;1
EIN MARKTJUNGE;HANNIBAL;1
EIN MARKTJUNGE;EIN NEGERHÄUPTLING;1
EIN MARKTJUNGE;TURNU;1
EIN MARKTWEIB;HANNA;1
EIN MARKTWEIB;MARKTWEIBER;1
EIN MARKTWEIB;ERSTER SKLAVENHÄNDLER;1
EIN MARKTWEIB;ERSTER ZIERBENGEL;1
EIN MARKTWEIB;ZWEITER ZIERBENGEL;1
EIN MARKTWEIB;ZWEITER SKLAVENHÄNDLER;1
EIN MARKTWEIB;EIN VORÜBERGEHENDER;1
EIN MARKTWEIB;ZOLLBEDIENTE;1
EIN MARKTWEIB;EIN ZOLLBEDIENTER;1
EIN MARKTWEIB;MELKIR;1
EIN MARKTWEIB;HANNO;1
EIN MARKTWEIB;GISGON;1
EIN MARKTWEIB;ERSTER KONSUL;1
EIN MARKTWEIB;PRÄTOR;1
EIN MARKTWEIB;ZWEITER KONSUL;1
EIN MARKTWEIB;EIN SENATOR;1
EIN MARKTWEIB;KATO ZENSOR;1
EIN MARKTWEIB;TRIBUNEN;1
EIN MARKTWEIB;SCIPIO DER JÜNGERE;1
EIN MARKTWEIB;SCIPIO DER ÄLTERE;1
EIN MARKTWEIB;HANNIBAL;1
EIN MARKTWEIB;EIN NEGERHÄUPTLING;1
EIN MARKTWEIB;TURNU;1
EIN ANDERES MARKTWEIB;HANNA;1
EIN ANDERES MARKTWEIB;MARKTWEIBER;1
EIN ANDERES MARKTWEIB;EIN MARKTJUNGE;1
EIN ANDERES MARKTWEIB;EIN MARKTWEIB;1
EIN ANDERES MARKTWEIB;EIN KARTHAGER;1
EIN ANDERES MARKTWEIB;EIN KAUFHERR;1
EIN ANDERES MARKTWEIB;ERSTER SKLAVENHÄNDLER;1
EIN ANDERES MARKTWEIB;ERSTER ZIERBENGEL;1
EIN ANDERES MARKTWEIB;ZWEITER ZIERBENGEL;1
EIN ANDERES MARKTWEIB;ZWEITER SKLAVENHÄNDLER;1
EIN ANDERES MARKTWEIB;EIN VORÜBERGEHENDER;1
EIN ANDERES MARKTWEIB;EIN BOTE;1
EIN ANDERES MARKTWEIB;ZOLLBEDIENTE;1
EIN ANDERES MARKTWEIB;EIN ZOLLBEDIENTER;1
EIN ANDERES MARKTWEIB;MELKIR;1
EIN ANDERES MARKTWEIB;HANNO;1
EIN ANDERES MARKTWEIB;GISGON;1
EIN ANDERES MARKTWEIB;ERSTER KONSUL;1
EIN ANDERES MARKTWEIB;PRÄTOR;1
EIN ANDERES MARKTWEIB;ZWEITER KONSUL;1
EIN ANDERES MARKTWEIB;EIN SENATOR;1
EIN ANDERES MARKTWEIB;KATO ZENSOR;1
EIN ANDERES MARKTWEIB;TRIBUNEN;1
EIN ANDERES MARKTWEIB;EIN KURULISCHER ÄDIL;1
EIN ANDERES MARKTWEIB;SCIPIO DER JÜNGERE;1
EIN ANDERES MARKTWEIB;SCIPIO DER ÄLTERE;1
EIN ANDERES MARKTWEIB;EIN LIKTOR;1
EIN ANDERES MARKTWEIB;HANNIBAL;1
EIN ANDERES MARKTWEIB;EIN NEGERHÄUPTLING;1
EIN ANDERES MARKTWEIB;TURNU;1
EIN KARTHAGER;HANNA;1
EIN KARTHAGER;MARKTWEIBER;1
EIN KARTHAGER;EIN MARKTJUNGE;1
EIN KARTHAGER;EIN MARKTWEIB;1
EIN KARTHAGER;EIN KAUFHERR;1
EIN KARTHAGER;ERSTER SKLAVENHÄNDLER;1
EIN KARTHAGER;ERSTER ZIERBENGEL;1
EIN KARTHAGER;ZWEITER ZIERBENGEL;1
EIN KARTHAGER;ZWEITER SKLAVENHÄNDLER;1
EIN KARTHAGER;EIN VORÜBERGEHENDER;1
EIN KARTHAGER;ZOLLBEDIENTE;1
EIN KARTHAGER;EIN ZOLLBEDIENTER;1
EIN KARTHAGER;MELKIR;2
EIN KARTHAGER;HANNO;2
EIN KARTHAGER;GISGON;2
EIN KARTHAGER;ERSTER KONSUL;1
EIN KARTHAGER;PRÄTOR;1
EIN KARTHAGER;ZWEITER KONSUL;1
EIN KARTHAGER;EIN SENATOR;1
EIN KARTHAGER;KATO ZENSOR;1
EIN KARTHAGER;TRIBUNEN;1
EIN KARTHAGER;EIN KURULISCHER ÄDIL;1
EIN KARTHAGER;SCIPIO DER JÜNGERE;2
EIN KARTHAGER;SCIPIO DER ÄLTERE;2
EIN KARTHAGER;EIN LIKTOR;1
EIN KARTHAGER;HANNIBAL;2
EIN KARTHAGER;EIN NEGERHÄUPTLING;1
EIN KARTHAGER;TURNU;1
EIN KARTHAGER;TERENZ;1
EIN KARTHAGER;KELTIBERIER;1
EIN KARTHAGER;ERSTER GESANDTER;1
EIN KARTHAGER;EIN VERTRAUTER DIENER MELKIRS;1
EIN KARTHAGER;MARKTJUNGE;1
EIN KARTHAGER;VOLK;1
EIN KARTHAGER;EIN MANN;1
EIN KARTHAGER;HEROLD;1
EIN KARTHAGER;MARKTWEIB (4);1
EIN KARTHAGER;EIN SKLAV (4);1
EIN KARTHAGER;EIN VELIT;1
EIN KARTHAGER;ERSTER KARTHAGISCHER ABGEODNETER;1
EIN KARTHAGER;PFÖRTNER;1
EIN KARTHAGER;KNABE;1
EIN KARTHAGER;EIN WEIB;1
EIN KARTHAGER;EIN PRIESTER;1
EIN KARTHAGER;EIN ZWEITER PRIESTER;1
EIN KARTHAGER;EIN KRIEGER;1
EIN KARTHAGER;HAUSMEISTER;1
EIN KARTHAGER;ZWEITER RÖMISCHER GESANDTER;1
EIN KAUFHERR;HANNA;1
EIN KAUFHERR;MARKTWEIBER;1
EIN KAUFHERR;EIN MARKTJUNGE;1
EIN KAUFHERR;EIN MARKTWEIB;1
EIN KAUFHERR;ERSTER SKLAVENHÄNDLER;1
EIN KAUFHERR;ERSTER ZIERBENGEL;1
EIN KAUFHERR;ZWEITER ZIERBENGEL;1
EIN KAUFHERR;ZWEITER SKLAVENHÄNDLER;1
EIN KAUFHERR;EIN VORÜBERGEHENDER;1
EIN KAUFHERR;ZOLLBEDIENTE;1
EIN KAUFHERR;EIN ZOLLBEDIENTER;1
EIN KAUFHERR;MELKIR;1
EIN KAUFHERR;HANNO;1
EIN KAUFHERR;GISGON;1
EIN KAUFHERR;ERSTER KONSUL;1
EIN KAUFHERR;PRÄTOR;1
EIN KAUFHERR;ZWEITER KONSUL;1
EIN KAUFHERR;EIN SENATOR;1
EIN KAUFHERR;KATO ZENSOR;1
EIN KAUFHERR;TRIBUNEN;1
EIN KAUFHERR;EIN KURULISCHER ÄDIL;1
EIN KAUFHERR;SCIPIO DER JÜNGERE;1
EIN KAUFHERR;SCIPIO DER ÄLTERE;1
EIN KAUFHERR;EIN LIKTOR;1
EIN KAUFHERR;HANNIBAL;1
EIN KAUFHERR;EIN NEGERHÄUPTLING;1
EIN KAUFHERR;TURNU;1
ERSTER SKLAVENHÄNDLER;HANNA;1
ERSTER SKLAVENHÄNDLER;MARKTWEIBER;1
ERSTER SKLAVENHÄNDLER;ERSTER ZIERBENGEL;1
ERSTER SKLAVENHÄNDLER;ZWEITER ZIERBENGEL;1
ERSTER SKLAVENHÄNDLER;ZWEITER SKLAVENHÄNDLER;1
ERSTER SKLAVENHÄNDLER;ZOLLBEDIENTE;1
ERSTER SKLAVENHÄNDLER;MELKIR;1
ERSTER SKLAVENHÄNDLER;HANNO;1
ERSTER SKLAVENHÄNDLER;GISGON;1
ERSTER SKLAVENHÄNDLER;PRÄTOR;1
ERSTER SKLAVENHÄNDLER;ZWEITER KONSUL;1
ERSTER SKLAVENHÄNDLER;KATO ZENSOR;1
ERSTER SKLAVENHÄNDLER;TRIBUNEN;1
ERSTER SKLAVENHÄNDLER;SCIPIO DER JÜNGERE;1
ERSTER SKLAVENHÄNDLER;SCIPIO DER ÄLTERE;1
ERSTER SKLAVENHÄNDLER;HANNIBAL;1
ERSTER SKLAVENHÄNDLER;TURNU;1
ERSTER ZIERBENGEL;HANNA;1
ERSTER ZIERBENGEL;MARKTWEIBER;1
ERSTER ZIERBENGEL;ZWEITER ZIERBENGEL;1
ERSTER ZIERBENGEL;ZWEITER SKLAVENHÄNDLER;1
ERSTER ZIERBENGEL;ZOLLBEDIENTE;1
ERSTER ZIERBENGEL;MELKIR;1
ERSTER ZIERBENGEL;HANNO;1
ERSTER ZIERBENGEL;GISGON;1
ERSTER ZIERBENGEL;PRÄTOR;1
ERSTER ZIERBENGEL;ZWEITER KONSUL;1
ERSTER ZIERBENGEL;KATO ZENSOR;1
ERSTER ZIERBENGEL;TRIBUNEN;1
ERSTER ZIERBENGEL;SCIPIO DER JÜNGERE;1
ERSTER ZIERBENGEL;SCIPIO DER ÄLTERE;1
ERSTER ZIERBENGEL;HANNIBAL;1
ERSTER ZIERBENGEL;TURNU;1
ZWEITER SKLAVENHÄNDLER;ZWEITER ZIERBENGEL;1
EIN VORÜBERGEHENDER;HANNA;1
EIN VORÜBERGEHENDER;MARKTWEIBER;1
EIN VORÜBERGEHENDER;ERSTER SKLAVENHÄNDLER;1
EIN VORÜBERGEHENDER;ERSTER ZIERBENGEL;1
EIN VORÜBERGEHENDER;ZWEITER ZIERBENGEL;1
EIN VORÜBERGEHENDER;ZWEITER SKLAVENHÄNDLER;1
EIN VORÜBERGEHENDER;ZOLLBEDIENTE;1
EIN VORÜBERGEHENDER;EIN ZOLLBEDIENTER;1
EIN VORÜBERGEHENDER;MELKIR;1
EIN VORÜBERGEHENDER;HANNO;1
EIN VORÜBERGEHENDER;GISGON;1
EIN VORÜBERGEHENDER;ERSTER KONSUL;1
EIN VORÜBERGEHENDER;PRÄTOR;1
EIN VORÜBERGEHENDER;ZWEITER KONSUL;1
EIN VORÜBERGEHENDER;KATO ZENSOR;1
EIN VORÜBERGEHENDER;TRIBUNEN;1
EIN VORÜBERGEHENDER;SCIPIO DER JÜNGERE;1
EIN VORÜBERGEHENDER;SCIPIO DER ÄLTERE;1
EIN VORÜBERGEHENDER;HANNIBAL;1
EIN VORÜBERGEHENDER;TURNU;1
EIN ALTER MANN;HANNA;1
EIN ALTER MANN;MARKTWEIBER;1
EIN ALTER MANN;EIN MARKTJUNGE;1
EIN ALTER MANN;EIN MARKTWEIB;1
EIN ALTER MANN;EIN ANDERES MARKTWEIB;1
EIN ALTER MANN;EIN KARTHAGER;1
EIN ALTER MANN;EIN KAUFHERR;1
EIN ALTER MANN;ERSTER SKLAVENHÄNDLER;1
EIN ALTER MANN;ERSTER ZIERBENGEL;1
EIN ALTER MANN;ZWEITER ZIERBENGEL;1
EIN ALTER MANN;ZWEITER SKLAVENHÄNDLER;1
EIN ALTER MANN;EIN VORÜBERGEHENDER;1
EIN ALTER MANN;EIN BOTE;1
EIN ALTER MANN;ZOLLBEDIENTE;1
EIN ALTER MANN;EIN ZOLLBEDIENTER;1
EIN ALTER MANN;MELKIR;1
EIN ALTER MANN;HANNO;1
EIN ALTER MANN;GISGON;1
EIN ALTER MANN;ERSTER KONSUL;1
EIN ALTER MANN;PRÄTOR;1
EIN ALTER MANN;ZWEITER KONSUL;1
EIN ALTER MANN;EIN SENATOR;1
EIN ALTER MANN;KATO ZENSOR;1
EIN ALTER MANN;TRIBUNEN;1
EIN ALTER MANN;EIN KURULISCHER ÄDIL;1
EIN ALTER MANN;SCIPIO DER JÜNGERE;1
EIN ALTER MANN;SCIPIO DER ÄLTERE;1
EIN ALTER MANN;EIN LIKTOR;1
EIN ALTER MANN;HANNIBAL;1
EIN ALTER MANN;EIN NEGERHÄUPTLING;1
EIN ALTER MANN;TURNU;1
EIN BOTE;HANNA;1
EIN BOTE;MARKTWEIBER;1
EIN BOTE;EIN MARKTJUNGE;1
EIN BOTE;EIN MARKTWEIB;1
EIN BOTE;EIN KARTHAGER;1
EIN BOTE;EIN KAUFHERR;1
EIN BOTE;ERSTER SKLAVENHÄNDLER;1
EIN BOTE;ERSTER ZIERBENGEL;1
EIN BOTE;ZWEITER ZIERBENGEL;1
EIN BOTE;ZWEITER SKLAVENHÄNDLER;1
EIN BOTE;EIN VORÜBERGEHENDER;1
EIN BOTE;ZOLLBEDIENTE;1
EIN BOTE;EIN ZOLLBEDIENTER;1
EIN BOTE;MELKIR;1
EIN BOTE;HANNO;1
EIN BOTE;GISGON;1
EIN BOTE;ERSTER KONSUL;1
EIN BOTE;PRÄTOR;1
EIN BOTE;ZWEITER KONSUL;1
EIN BOTE;EIN SENATOR;1
EIN BOTE;KATO ZENSOR;1
EIN BOTE;TRIBUNEN;1
EIN BOTE;EIN KURULISCHER ÄDIL;1
EIN BOTE;SCIPIO DER JÜNGERE;1
EIN BOTE;SCIPIO DER ÄLTERE;1
EIN BOTE;EIN LIKTOR;1
EIN BOTE;HANNIBAL;1
EIN BOTE;EIN NEGERHÄUPTLING;1
EIN BOTE;TURNU;1
DIE MENGE (1);HANNA;1
DIE MENGE (1);MARKTWEIBER;1
DIE MENGE (1);EIN MARKTJUNGE;1
DIE MENGE (1);EIN MARKTWEIB;1
DIE MENGE (1);EIN ANDERES MARKTWEIB;1
DIE MENGE (1);EIN KARTHAGER;1
DIE MENGE (1);EIN KAUFHERR;1
DIE MENGE (1);ERSTER SKLAVENHÄNDLER;1
DIE MENGE (1);ERSTER ZIERBENGEL;1
DIE MENGE (1);ZWEITER ZIERBENGEL;1
DIE MENGE (1);ZWEITER SKLAVENHÄNDLER;1
DIE MENGE (1);EIN VORÜBERGEHENDER;1
DIE MENGE (1);EIN ALTER MANN;1
DIE MENGE (1);EIN BOTE;1
DIE MENGE (1);ZOLLBEDIENTE;1
DIE MENGE (1);EIN ZOLLBEDIENTER;1
DIE MENGE (1);MELKIR;1
DIE MENGE (1);HANNO;1
DIE MENGE (1);GISGON;1
DIE MENGE (1);ERSTER KONSUL;1
DIE MENGE (1);PRÄTOR;1
DIE MENGE (1);ZWEITER KONSUL;1
DIE MENGE (1);EIN SENATOR;1
DIE MENGE (1);KATO ZENSOR;1
DIE MENGE (1);TRIBUNEN;1
DIE MENGE (1);EIN KURULISCHER ÄDIL;1
DIE MENGE (1);SCIPIO DER JÜNGERE;1
DIE MENGE (1);SCIPIO DER ÄLTERE;1
DIE MENGE (1);EIN LIKTOR;1
DIE MENGE (1);HANNIBAL;1
DIE MENGE (1);EIN NEGERHÄUPTLING;1
DIE MENGE (1);TURNU;1
DER FÜHRENDE SCHEICH;HANNA;1
DER FÜHRENDE SCHEICH;MARKTWEIBER;1
DER FÜHRENDE SCHEICH;EIN MARKTJUNGE;1
DER FÜHRENDE SCHEICH;EIN MARKTWEIB;1
DER FÜHRENDE SCHEICH;EIN ANDERES MARKTWEIB;1
DER FÜHRENDE SCHEICH;EIN KARTHAGER;1
DER FÜHRENDE SCHEICH;EIN KAUFHERR;1
DER FÜHRENDE SCHEICH;ERSTER SKLAVENHÄNDLER;1
DER FÜHRENDE SCHEICH;ERSTER ZIERBENGEL;1
DER FÜHRENDE SCHEICH;ZWEITER ZIERBENGEL;1
DER FÜHRENDE SCHEICH;ZWEITER SKLAVENHÄNDLER;1
DER FÜHRENDE SCHEICH;EIN VORÜBERGEHENDER;1
DER FÜHRENDE SCHEICH;EIN ALTER MANN;1
DER FÜHRENDE SCHEICH;EIN BOTE;1
DER FÜHRENDE SCHEICH;DIE MENGE (1);1
DER FÜHRENDE SCHEICH;ZOLLBEDIENTE;1
DER FÜHRENDE SCHEICH;EIN ZOLLBEDIENTER;1
DER FÜHRENDE SCHEICH;MELKIR;1
DER FÜHRENDE SCHEICH;HANNO;1
DER FÜHRENDE SCHEICH;GISGON;1
DER FÜHRENDE SCHEICH;ERSTER KONSUL;1
DER FÜHRENDE SCHEICH;PRÄTOR;1
DER FÜHRENDE SCHEICH;ZWEITER KONSUL;1
DER FÜHRENDE SCHEICH;EIN SENATOR;1
DER FÜHRENDE SCHEICH;KATO ZENSOR;1
DER FÜHRENDE SCHEICH;TRIBUNEN;1
DER FÜHRENDE SCHEICH;EIN KURULISCHER ÄDIL;1
DER FÜHRENDE SCHEICH;DER SENAT;1
DER FÜHRENDE SCHEICH;SCIPIO DER JÜNGERE;1
DER FÜHRENDE SCHEICH;SCIPIO DER ÄLTERE;1
DER FÜHRENDE SCHEICH;EIN LIKTOR;1
DER FÜHRENDE SCHEICH;HANNIBAL;1
DER FÜHRENDE SCHEICH;EIN NEGERHÄUPTLING;1
DER FÜHRENDE SCHEICH;TURNU;1
ZOLLBEDIENTE;ZWEITER ZIERBENGEL;1
ZOLLBEDIENTE;ZWEITER SKLAVENHÄNDLER;1
ZOLLBEDIENTE;ZWEITER KONSUL;1
EIN ZOLLBEDIENTER;HANNA;1
EIN ZOLLBEDIENTER;MARKTWEIBER;1
EIN ZOLLBEDIENTER;ERSTER SKLAVENHÄNDLER;1
EIN ZOLLBEDIENTER;ERSTER ZIERBENGEL;1
EIN ZOLLBEDIENTER;ZWEITER ZIERBENGEL;1
EIN ZOLLBEDIENTER;ZWEITER SKLAVENHÄNDLER;1
EIN ZOLLBEDIENTER;ZOLLBEDIENTE;1
EIN ZOLLBEDIENTER;MELKIR;1
EIN ZOLLBEDIENTER;HANNO;1
EIN ZOLLBEDIENTER;GISGON;1
EIN ZOLLBEDIENTER;ERSTER KONSUL;1
EIN ZOLLBEDIENTER;PRÄTOR;1
EIN ZOLLBEDIENTER;ZWEITER KONSUL;1
EIN ZOLLBEDIENTER;KATO ZENSOR;1
EIN ZOLLBEDIENTER;TRIBUNEN;1
EIN ZOLLBEDIENTER;SCIPIO DER JÜNGERE;1
EIN ZOLLBEDIENTER;SCIPIO DER ÄLTERE;1
EIN ZOLLBEDIENTER;HANNIBAL;1
EIN ZOLLBEDIENTER;TURNU;1
MELKIR;ZWEITER ZIERBENGEL;1
MELKIR;ZWEITER SKLAVENHÄNDLER;1
MELKIR;ZOLLBEDIENTE;1
MELKIR;PRÄTOR;1
MELKIR;ZWEITER KONSUL;1
MELKIR;TRIBUNEN;1
MELKIR;SCIPIO DER JÜNGERE;2
MELKIR;SCIPIO DER ÄLTERE;2
MELKIR;TURNU;1
MELKIR;TERENZ;1
MELKIR;VOLK;1
MELKIR;PFÖRTNER;1
MELKIR;ZWEITER RÖMISCHER GESANDTER;1
HANNO;MARKTWEIBER;1
HANNO;ZWEITER ZIERBENGEL;1
HANNO;ZWEITER SKLAVENHÄNDLER;1
HANNO;ZOLLBEDIENTE;1
HANNO;MELKIR;2
HANNO;PRÄTOR;1
HANNO;ZWEITER KONSUL;1
HANNO;KATO ZENSOR;1
HANNO;TRIBUNEN;1
HANNO;SCIPIO DER JÜNGERE;2
HANNO;SCIPIO DER ÄLTERE;2
HANNO;TURNU;1
HANNO;TERENZ;1
HANNO;KELTIBERIER;1
HANNO;MARKTJUNGE;1
HANNO;VOLK;1
HANNO;HEROLD;1
HANNO;MARKTWEIB (4);1
HANNO;PFÖRTNER;1
HANNO;KNABE;1
HANNO;HAUSMEISTER;1
HANNO;ZWEITER RÖMISCHER GESANDTER;1
GISGON;HANNA;1
GISGON;MARKTWEIBER;1
GISGON;ZWEITER ZIERBENGEL;1
GISGON;ZWEITER SKLAVENHÄNDLER;1
GISGON;ZOLLBEDIENTE;1
GISGON;MELKIR;2
GISGON;HANNO;2
GISGON;PRÄTOR;1
GISGON;ZWEITER KONSUL;1
GISGON;KATO ZENSOR;1
GISGON;TRIBUNEN;1
GISGON;SCIPIO DER JÜNGERE;2
GISGON;SCIPIO DER ÄLTERE;2
GISGON;HANNIBAL;2
GISGON;TURNU;1
GISGON;TERENZ;1
GISGON;KELTIBERIER;1
GISGON;MARKTJUNGE;1
GISGON;VOLK;1
GISGON;HEROLD;1
GISGON;MARKTWEIB (4);1
GISGON;PFÖRTNER;1
GISGON;KNABE;1
GISGON;HAUSMEISTER;1
GISGON;ZWEITER RÖMISCHER GESANDTER;1
ERSTER KONSUL;HANNA;1
ERSTER KONSUL;MARKTWEIBER;1
ERSTER KONSUL;ERSTER SKLAVENHÄNDLER;1
ERSTER KONSUL;ERSTER ZIERBENGEL;1
ERSTER KONSUL;ZWEITER ZIERBENGEL;1
ERSTER KONSUL;ZWEITER SKLAVENHÄNDLER;1
ERSTER KONSUL;ZOLLBEDIENTE;1
ERSTER KONSUL;MELKIR;1
ERSTER KONSUL;HANNO;1
ERSTER KONSUL;GISGON;1
ERSTER KONSUL;PRÄTOR;1
ERSTER KONSUL;ZWEITER KONSUL;1
ERSTER KONSUL;KATO ZENSOR;1
ERSTER KONSUL;TRIBUNEN;1
ERSTER KONSUL;SCIPIO DER JÜNGERE;1
ERSTER KONSUL;SCIPIO DER ÄLTERE;1
ERSTER KONSUL;HANNIBAL;1
ERSTER KONSUL;TURNU;1
PRÄTOR;ZWEITER ZIERBENGEL;1
PRÄTOR;ZWEITER SKLAVENHÄNDLER;1
PRÄTOR;ZOLLBEDIENTE;1
PRÄTOR;ZWEITER KONSUL;1
PRÄTOR;TRIBUNEN;1
PRÄTOR;SCIPIO DER JÜNGERE;1
PRÄTOR;SCIPIO DER ÄLTERE;1
PRÄTOR;TURNU;1
ZWEITER KONSUL;ZWEITER ZIERBENGEL;1
ZWEITER KONSUL;ZWEITER SKLAVENHÄNDLER;1
EIN SENATOR;HANNA;1
EIN SENATOR;MARKTWEIBER;1
EIN SENATOR;ERSTER SKLAVENHÄNDLER;1
EIN SENATOR;ERSTER ZIERBENGEL;1
EIN SENATOR;ZWEITER ZIERBENGEL;1
EIN SENATOR;ZWEITER SKLAVENHÄNDLER;1
EIN SENATOR;EIN VORÜBERGEHENDER;1
EIN SENATOR;ZOLLBEDIENTE;1
EIN SENATOR;EIN ZOLLBEDIENTER;1
EIN SENATOR;MELKIR;1
EIN SENATOR;HANNO;1
EIN SENATOR;GISGON;1
EIN SENATOR;ERSTER KONSUL;1
EIN SENATOR;PRÄTOR;1
EIN SENATOR;ZWEITER KONSUL;1
EIN SENATOR;KATO ZENSOR;1
EIN SENATOR;TRIBUNEN;1
EIN SENATOR;SCIPIO DER JÜNGERE;1
EIN SENATOR;SCIPIO DER ÄLTERE;1
EIN SENATOR;HANNIBAL;1
EIN SENATOR;TURNU;1
KATO ZENSOR;MARKTWEIBER;1
KATO ZENSOR;ZWEITER ZIERBENGEL;1
KATO ZENSOR;ZWEITER SKLAVENHÄNDLER;1
KATO ZENSOR;ZOLLBEDIENTE;1
KATO ZENSOR;MELKIR;1
KATO ZENSOR;PRÄTOR;1
KATO ZENSOR;ZWEITER KONSUL;1
KATO ZENSOR;TRIBUNEN;1
KATO ZENSOR;SCIPIO DER JÜNGERE;1
KATO ZENSOR;SCIPIO DER ÄLTERE;1
KATO ZENSOR;TURNU;1
TRIBUNEN;ZWEITER ZIERBENGEL;1
TRIBUNEN;ZWEITER SKLAVENHÄNDLER;1
TRIBUNEN;ZOLLBEDIENTE;1
TRIBUNEN;ZWEITER KONSUL;1
TRIBUNEN;TURNU;1
EIN KURULISCHER ÄDIL;HANNA;1
EIN KURULISCHER ÄDIL;MARKTWEIBER;1
EIN KURULISCHER ÄDIL;EIN MARKTJUNGE;1
EIN KURULISCHER ÄDIL;EIN MARKTWEIB;1
EIN KURULISCHER ÄDIL;ERSTER SKLAVENHÄNDLER;1
EIN KURULISCHER ÄDIL;ERSTER ZIERBENGEL;1
EIN KURULISCHER ÄDIL;ZWEITER ZIERBENGEL;1
EIN KURULISCHER ÄDIL;ZWEITER SKLAVENHÄNDLER;1
EIN KURULISCHER ÄDIL;EIN VORÜBERGEHENDER;1
EIN KURULISCHER ÄDIL;ZOLLBEDIENTE;1
EIN KURULISCHER ÄDIL;EIN ZOLLBEDIENTER;1
EIN KURULISCHER ÄDIL;MELKIR;1
EIN KURULISCHER ÄDIL;HANNO;1
EIN KURULISCHER ÄDIL;GISGON;1
EIN KURULISCHER ÄDIL;ERSTER KONSUL;1
EIN KURULISCHER ÄDIL;PRÄTOR;1
EIN KURULISCHER ÄDIL;ZWEITER KONSUL;1
EIN KURULISCHER ÄDIL;EIN SENATOR;1
EIN KURULISCHER ÄDIL;KATO ZENSOR;1
EIN KURULISCHER ÄDIL;TRIBUNEN;1
EIN KURULISCHER ÄDIL;SCIPIO DER JÜNGERE;1
EIN KURULISCHER ÄDIL;SCIPIO DER ÄLTERE;1
EIN KURULISCHER ÄDIL;EIN LIKTOR;1
EIN KURULISCHER ÄDIL;HANNIBAL;1
EIN KURULISCHER ÄDIL;EIN NEGERHÄUPTLING;1
EIN KURULISCHER ÄDIL;TURNU;1
DER SENAT;HANNA;1
DER SENAT;MARKTWEIBER;1
DER SENAT;EIN MARKTJUNGE;1
DER SENAT;EIN MARKTWEIB;1
DER SENAT;EIN ANDERES MARKTWEIB;1
DER SENAT;EIN KARTHAGER;1
DER SENAT;EIN KAUFHERR;1
DER SENAT;ERSTER SKLAVENHÄNDLER;1
DER SENAT;ERSTER ZIERBENGEL;1
DER SENAT;ZWEITER ZIERBENGEL;1
DER SENAT;ZWEITER SKLAVENHÄNDLER;1
DER SENAT;EIN VORÜBERGEHENDER;1
DER SENAT;EIN ALTER MANN;1
DER SENAT;EIN BOTE;1
DER SENAT;DIE MENGE (1);1
DER SENAT;ZOLLBEDIENTE;1
DER SENAT;EIN ZOLLBEDIENTER;1
DER SENAT;MELKIR;1
DER SENAT;HANNO;1
DER SENAT;GISGON;1
DER SENAT;ERSTER KONSUL;1
DER SENAT;PRÄTOR;1
DER SENAT;ZWEITER KONSUL;1
DER SENAT;EIN SENATOR;1
DER SENAT;KATO ZENSOR;1
DER SENAT;TRIBUNEN;1
DER SENAT;EIN KURULISCHER ÄDIL;1
DER SENAT;SCIPIO DER JÜNGERE;1
DER SENAT;SCIPIO DER ÄLTERE;1
DER SENAT;EIN LIKTOR;1
DER SENAT;HANNIBAL;1
DER SENAT;EIN NEGERHÄUPTLING;1
DER SENAT;TURNU;1
SCIPIO DER JÜNGERE;ZWEITER ZIERBENGEL;1
SCIPIO DER JÜNGERE;ZWEITER SKLAVENHÄNDLER;1
SCIPIO DER JÜNGERE;ZOLLBEDIENTE;1
SCIPIO DER JÜNGERE;ZWEITER KONSUL;1
SCIPIO DER JÜNGERE;TRIBUNEN;1
SCIPIO DER JÜNGERE;SCIPIO DER ÄLTERE;3
SCIPIO DER JÜNGERE;TURNU;2
SCIPIO DER JÜNGERE;TERENZ;2
SCIPIO DER JÜNGERE;ZWEITER BÜRGER;1
SCIPIO DER JÜNGERE;VOLK;1
SCIPIO DER JÜNGERE;ZWEITER RÖMISCHER GESANDTER;1
SCIPIO DER ÄLTERE;ZWEITER ZIERBENGEL;1
SCIPIO DER ÄLTERE;ZWEITER SKLAVENHÄNDLER;1
SCIPIO DER ÄLTERE;ZOLLBEDIENTE;1
SCIPIO DER ÄLTERE;ZWEITER KONSUL;1
SCIPIO DER ÄLTERE;TRIBUNEN;1
SCIPIO DER ÄLTERE;TURNU;2
SCIPIO DER ÄLTERE;TERENZ;2
SCIPIO DER ÄLTERE;ZWEITER BÜRGER;1
SCIPIO DER ÄLTERE;VOLK;1
SCIPIO DER ÄLTERE;ZWEITER RÖMISCHER GESANDTER;1
EIN LIKTOR;HANNA;1
EIN LIKTOR;MARKTWEIBER;1
EIN LIKTOR;EIN MARKTJUNGE;1
EIN LIKTOR;EIN MARKTWEIB;1
EIN LIKTOR;ERSTER SKLAVENHÄNDLER;1
EIN LIKTOR;ERSTER ZIERBENGEL;1
EIN LIKTOR;ZWEITER ZIERBENGEL;1
EIN LIKTOR;ZWEITER SKLAVENHÄNDLER;1
EIN LIKTOR;EIN VORÜBERGEHENDER;1
EIN LIKTOR;ZOLLBEDIENTE;1
EIN LIKTOR;EIN ZOLLBEDIENTER;1
EIN LIKTOR;MELKIR;1
EIN LIKTOR;HANNO;1
EIN LIKTOR;GISGON;1
EIN LIKTOR;ERSTER KONSUL;1
EIN LIKTOR;PRÄTOR;1
EIN LIKTOR;ZWEITER KONSUL;1
EIN LIKTOR;EIN SENATOR;1
EIN LIKTOR;KATO ZENSOR;1
EIN LIKTOR;TRIBUNEN;1
EIN LIKTOR;SCIPIO DER JÜNGERE;2
EIN LIKTOR;SCIPIO DER ÄLTERE;2
EIN LIKTOR;HANNIBAL;2
EIN LIKTOR;EIN NEGERHÄUPTLING;1
EIN LIKTOR;TURNU;2
EIN LIKTOR;TERENZ;1
EIN LIKTOR;EIN SOLDAT;1
EIN LIKTOR;KELTIBERIER;1
EIN LIKTOR;ERSTER BÜRGER;1
EIN LIKTOR;ZWEITER BÜRGER;1
HANNIBAL;MARKTWEIBER;1
HANNIBAL;ZWEITER ZIERBENGEL;1
HANNIBAL;ZWEITER SKLAVENHÄNDLER;1
HANNIBAL;ZOLLBEDIENTE;1
HANNIBAL;MELKIR;2
HANNIBAL;HANNO;2
HANNIBAL;PRÄTOR;1
HANNIBAL;ZWEITER KONSUL;1
HANNIBAL;KATO ZENSOR;1
HANNIBAL;TRIBUNEN;1
HANNIBAL;SCIPIO DER JÜNGERE;3
HANNIBAL;SCIPIO DER ÄLTERE;3
HANNIBAL;TURNU;4
HANNIBAL;TERENZ;2
HANNIBAL;KELTIBERIER;2
HANNIBAL;ZWEITER BÜRGER;1
HANNIBAL;REITERFELDHERR;1
HANNIBAL;HERANSPRENGENDE REITER;1
HANNIBAL;ZWEITER SKLAV;1
HANNIBAL;STIMMEN DER KOMMANDIERENDEN FLOTTENOFFIZIERE;1
HANNIBAL;SOLDAT;1
HANNIBAL;MATROSEN;1
HANNIBAL;MARKTJUNGE;1
HANNIBAL;VOLK;1
HANNIBAL;HEROLD;1
HANNIBAL;MARKTWEIB (4);1
HANNIBAL;PFÖRTNER;1
HANNIBAL;KNABE;1
HANNIBAL;HAUSMEISTER;1
HANNIBAL;ZWEITER RÖMISCHER GESANDTER;1
HANNIBAL;PRUSIAS;1
HANNIBAL;HÖFLING;1
HANNIBAL;PROTOVESTIAR;1
HANNIBAL;MALER;1
EIN NEGERHÄUPTLING;HANNA;1
EIN NEGERHÄUPTLING;MARKTWEIBER;1
EIN NEGERHÄUPTLING;ERSTER SKLAVENHÄNDLER;1
EIN NEGERHÄUPTLING;ERSTER ZIERBENGEL;1
EIN NEGERHÄUPTLING;ZWEITER ZIERBENGEL;1
EIN NEGERHÄUPTLING;ZWEITER SKLAVENHÄNDLER;1
EIN NEGERHÄUPTLING;EIN VORÜBERGEHENDER;1
EIN NEGERHÄUPTLING;ZOLLBEDIENTE;1
EIN NEGERHÄUPTLING;EIN ZOLLBEDIENTER;1
EIN NEGERHÄUPTLING;MELKIR;1
EIN NEGERHÄUPTLING;HANNO;1
EIN NEGERHÄUPTLING;GISGON;1
EIN NEGERHÄUPTLING;ERSTER KONSUL;1
EIN NEGERHÄUPTLING;PRÄTOR;1
EIN NEGERHÄUPTLING;ZWEITER KONSUL;1
EIN NEGERHÄUPTLING;EIN SENATOR;1
EIN NEGERHÄUPTLING;KATO ZENSOR;1
EIN NEGERHÄUPTLING;TRIBUNEN;1
EIN NEGERHÄUPTLING;SCIPIO DER JÜNGERE;1
EIN NEGERHÄUPTLING;SCIPIO DER ÄLTERE;1
EIN NEGERHÄUPTLING;HANNIBAL;1
EIN NEGERHÄUPTLING;TURNU;1
BOTE;BRASIDAS;2
BOTE;HANNA;1
BOTE;MARKTWEIBER;1
BOTE;EIN MARKTJUNGE;1
BOTE;EIN MARKTWEIB;1
BOTE;EIN ANDERES MARKTWEIB;1
BOTE;EIN KARTHAGER;1
BOTE;EIN KAUFHERR;1
BOTE;ERSTER SKLAVENHÄNDLER;1
BOTE;ERSTER ZIERBENGEL;1
BOTE;ZWEITER ZIERBENGEL;1
BOTE;ZWEITER SKLAVENHÄNDLER;1
BOTE;EIN VORÜBERGEHENDER;1
BOTE;EIN ALTER MANN;1
BOTE;EIN BOTE;1
BOTE;DIE MENGE (1);1
BOTE;DER FÜHRENDE SCHEICH;1
BOTE;ZOLLBEDIENTE;1
BOTE;EIN ZOLLBEDIENTER;1
BOTE;MELKIR;1
BOTE;HANNO;1
BOTE;GISGON;1
BOTE;ERSTER KONSUL;1
BOTE;PRÄTOR;1
BOTE;ZWEITER KONSUL;1
BOTE;EIN SENATOR;1
BOTE;KATO ZENSOR;1
BOTE;TRIBUNEN;1
BOTE;EIN KURULISCHER ÄDIL;1
BOTE;DER SENAT;1
BOTE;SCIPIO DER JÜNGERE;2
BOTE;SCIPIO DER ÄLTERE;2
BOTE;EIN LIKTOR;2
BOTE;HANNIBAL;2
BOTE;EIN NEGERHÄUPTLING;1
BOTE;TURNU;2
BOTE;TERENZ;1
BOTE;EIN GEFANGENER;1
BOTE;DAS WEIB;1
BOTE;EIN KNABE;1
BOTE;EIN SOLDAT;1
BOTE;DER KELTIBERIERFÜRST ALLOCHLIN;1
BOTE;DIE BRAUT;1
BOTE;KELTIBERIER;1
BOTE;DAS HEER;1
BOTE;ERSTER BÜRGER;1
BOTE;ZWEITER BÜRGER;1
BOTE;DRITTER BÜRGER;1
BOTE;DER FRÜHERE DESPOT DER STADT;1
TURNU;ZWEITER ZIERBENGEL;1
TURNU;ZWEITER SKLAVENHÄNDLER;1
TURNU;ZOLLBEDIENTE;1
TURNU;ZWEITER KONSUL;1
TURNU;ZWEITER BÜRGER;1
TURNU;ZWEITER SKLAV;1
TERENZ;TURNU;1
TERENZ;ZWEITER BÜRGER;1
TERENZ;VOLK;1
TERENZ;ZWEITER RÖMISCHER GESANDTER;1
EIN GEFANGENER;SCIPIO DER JÜNGERE;1
EIN GEFANGENER;SCIPIO DER ÄLTERE;1
EIN GEFANGENER;EIN LIKTOR;1
EIN GEFANGENER;HANNIBAL;1
EIN GEFANGENER;TURNU;1
EIN GEFANGENER;TERENZ;1
EIN GEFANGENER;EIN KNABE;1
EIN GEFANGENER;EIN SOLDAT;1
EIN GEFANGENER;KELTIBERIER;1
EIN GEFANGENER;ERSTER BÜRGER;1
EIN GEFANGENER;ZWEITER BÜRGER;1
DAS WEIB;EIN KARTHAGER;1
DAS WEIB;MELKIR;1
DAS WEIB;HANNO;1
DAS WEIB;GISGON;1
DAS WEIB;SCIPIO DER JÜNGERE;2
DAS WEIB;SCIPIO DER ÄLTERE;2
DAS WEIB;EIN LIKTOR;1
DAS WEIB;HANNIBAL;2
DAS WEIB;TURNU;1
DAS WEIB;TERENZ;2
DAS WEIB;EIN GEFANGENER;1
DAS WEIB;EIN KNABE;1
DAS WEIB;EIN SOLDAT;1
DAS WEIB;DER KELTIBERIERFÜRST ALLOCHLIN;2
DAS WEIB;DIE BRAUT;1
DAS WEIB;KELTIBERIER;2
DAS WEIB;ERSTER BÜRGER;1
DAS WEIB;ZWEITER BÜRGER;1
DAS WEIB;DRITTER BÜRGER;1
DAS WEIB;DER FRÜHERE DESPOT DER STADT;1
DAS WEIB;DIE MENGE (3);1
DAS WEIB;DIE SKLAVEN;1
DAS WEIB;ERSTER GESANDTER;1
DAS WEIB;EIN VERTRAUTER DIENER MELKIRS;1
DAS WEIB;DER HAUPTMANN HANNIBALS;1
DAS WEIB;MARKTJUNGE;1
DAS WEIB;VOLK;1
DAS WEIB;EIN MANN;1
DAS WEIB;EIN ANDERER MANN;1
DAS WEIB;HEROLD;1
DAS WEIB;DIE MENGE (4);1
DAS WEIB;MARKTWEIB (4);1
DAS WEIB;EIN SKLAV (4);1
DAS WEIB;EIN VELIT;1
DAS WEIB;ERSTER KARTHAGISCHER ABGEODNETER;1
DAS WEIB;PFÖRTNER;1
DAS WEIB;KNABE;1
DAS WEIB;EIN WEIB;1
DAS WEIB;EIN PRIESTER;1
DAS WEIB;EIN ZWEITER PRIESTER;1
DAS WEIB;EIN KRIEGER;1
DAS WEIB;HAUSMEISTER;1
DAS WEIB;ZWEITER RÖMISCHER GESANDTER;1
EIN KNABE;SCIPIO DER JÜNGERE;1
EIN KNABE;SCIPIO DER ÄLTERE;1
EIN KNABE;EIN LIKTOR;1
EIN KNABE;HANNIBAL;1
EIN KNABE;TURNU;1
EIN KNABE;TERENZ;1
EIN KNABE;EIN SOLDAT;1
EIN KNABE;KELTIBERIER;1
EIN KNABE;ERSTER BÜRGER;1
EIN KNABE;ZWEITER BÜRGER;1
EIN SOLDAT;SCIPIO DER JÜNGERE;1
EIN SOLDAT;SCIPIO DER ÄLTERE;1
EIN SOLDAT;HANNIBAL;1
EIN SOLDAT;TURNU;1
EIN SOLDAT;TERENZ;1
EIN SOLDAT;KELTIBERIER;1
EIN SOLDAT;ERSTER BÜRGER;1
EIN SOLDAT;ZWEITER BÜRGER;1
DER KELTIBERIERFÜRST ALLOCHLIN;EIN KARTHAGER;1
DER KELTIBERIERFÜRST ALLOCHLIN;MELKIR;1
DER KELTIBERIERFÜRST ALLOCHLIN;HANNO;1
DER KELTIBERIERFÜRST ALLOCHLIN;GISGON;1
DER KELTIBERIERFÜRST ALLOCHLIN;SCIPIO DER JÜNGERE;2
DER KELTIBERIERFÜRST ALLOCHLIN;SCIPIO DER ÄLTERE;2
DER KELTIBERIERFÜRST ALLOCHLIN;EIN LIKTOR;1
DER KELTIBERIERFÜRST ALLOCHLIN;HANNIBAL;2
DER KELTIBERIERFÜRST ALLOCHLIN;TURNU;1
DER KELTIBERIERFÜRST ALLOCHLIN;TERENZ;2
DER KELTIBERIERFÜRST ALLOCHLIN;EIN GEFANGENER;1
DER KELTIBERIERFÜRST ALLOCHLIN;EIN KNABE;1
DER KELTIBERIERFÜRST ALLOCHLIN;EIN SOLDAT;1
DER KELTIBERIERFÜRST ALLOCHLIN;DIE BRAUT;1
DER KELTIBERIERFÜRST ALLOCHLIN;KELTIBERIER;2
DER KELTIBERIERFÜRST ALLOCHLIN;ERSTER BÜRGER;1
DER KELTIBERIERFÜRST ALLOCHLIN;ZWEITER BÜRGER;1
DER KELTIBERIERFÜRST ALLOCHLIN;DRITTER BÜRGER;1
DER KELTIBERIERFÜRST ALLOCHLIN;DIE MENGE (3);1
DER KELTIBERIERFÜRST ALLOCHLIN;DIE SKLAVEN;1
DER KELTIBERIERFÜRST ALLOCHLIN;ERSTER GESANDTER;1
DER KELTIBERIERFÜRST ALLOCHLIN;EIN VERTRAUTER DIENER MELKIRS;1
DER KELTIBERIERFÜRST ALLOCHLIN;MARKTJUNGE;1
DER KELTIBERIERFÜRST ALLOCHLIN;VOLK;1
DER KELTIBERIERFÜRST ALLOCHLIN;EIN MANN;1
DER KELTIBERIERFÜRST ALLOCHLIN;EIN ANDERER MANN;1
DER KELTIBERIERFÜRST ALLOCHLIN;HEROLD;1
DER KELTIBERIERFÜRST ALLOCHLIN;DIE MENGE (4);1
DER KELTIBERIERFÜRST ALLOCHLIN;MARKTWEIB (4);1
DER KELTIBERIERFÜRST ALLOCHLIN;EIN SKLAV (4);1
DER KELTIBERIERFÜRST ALLOCHLIN;EIN VELIT;1
DER KELTIBERIERFÜRST ALLOCHLIN;ERSTER KARTHAGISCHER ABGEODNETER;1
DER KELTIBERIERFÜRST ALLOCHLIN;PFÖRTNER;1
DER KELTIBERIERFÜRST ALLOCHLIN;KNABE;1
DER KELTIBERIERFÜRST ALLOCHLIN;EIN WEIB;1
DER KELTIBERIERFÜRST ALLOCHLIN;EIN PRIESTER;1
DER KELTIBERIERFÜRST ALLOCHLIN;EIN ZWEITER PRIESTER;1
DER KELTIBERIERFÜRST ALLOCHLIN;EIN KRIEGER;1
DER KELTIBERIERFÜRST ALLOCHLIN;HAUSMEISTER;1
DER KELTIBERIERFÜRST ALLOCHLIN;ZWEITER RÖMISCHER GESANDTER;1
ALLOCHLINS BEGLEITER;BRASIDAS;1
ALLOCHLINS BEGLEITER;SCIPIO DER JÜNGERE;1
ALLOCHLINS BEGLEITER;SCIPIO DER ÄLTERE;1
ALLOCHLINS BEGLEITER;EIN LIKTOR;1
ALLOCHLINS BEGLEITER;HANNIBAL;1
ALLOCHLINS BEGLEITER;BOTE;1
ALLOCHLINS BEGLEITER;TURNU;1
ALLOCHLINS BEGLEITER;TERENZ;1
ALLOCHLINS BEGLEITER;EIN GEFANGENER;1
ALLOCHLINS BEGLEITER;DAS WEIB;1
ALLOCHLINS BEGLEITER;EIN KNABE;1
ALLOCHLINS BEGLEITER;EIN SOLDAT;1
ALLOCHLINS BEGLEITER;DER KELTIBERIERFÜRST ALLOCHLIN;1
ALLOCHLINS BEGLEITER;DIE BRAUT;1
ALLOCHLINS BEGLEITER;KELTIBERIER;1
ALLOCHLINS BEGLEITER;DAS HEER;1
ALLOCHLINS BEGLEITER;ERSTER BÜRGER;1
ALLOCHLINS BEGLEITER;ZWEITER BÜRGER;1
ALLOCHLINS BEGLEITER;DRITTER BÜRGER;1
ALLOCHLINS BEGLEITER;DER FRÜHERE DESPOT DER STADT;1
DIE BRAUT;SCIPIO DER JÜNGERE;1
DIE BRAUT;SCIPIO DER ÄLTERE;1
DIE BRAUT;EIN LIKTOR;1
DIE BRAUT;HANNIBAL;1
DIE BRAUT;TURNU;1
DIE BRAUT;TERENZ;1
DIE BRAUT;EIN GEFANGENER;1
DIE BRAUT;EIN KNABE;1
DIE BRAUT;EIN SOLDAT;1
DIE BRAUT;KELTIBERIER;1
DIE BRAUT;ERSTER BÜRGER;1
DIE BRAUT;ZWEITER BÜRGER;1
DIE BRAUT;DRITTER BÜRGER;1
KELTIBERIER;MELKIR;1
KELTIBERIER;SCIPIO DER JÜNGERE;2
KELTIBERIER;SCIPIO DER ÄLTERE;2
KELTIBERIER;TURNU;1
KELTIBERIER;TERENZ;2
KELTIBERIER;ZWEITER BÜRGER;1
KELTIBERIER;MARKTJUNGE;1
KELTIBERIER;VOLK;1
KELTIBERIER;MARKTWEIB (4);1
KELTIBERIER;PFÖRTNER;1
KELTIBERIER;KNABE;1
KELTIBERIER;ZWEITER RÖMISCHER GESANDTER;1
DAS HEER;SCIPIO DER JÜNGERE;1
DAS HEER;SCIPIO DER ÄLTERE;1
DAS HEER;EIN LIKTOR;1
DAS HEER;HANNIBAL;1
DAS HEER;TURNU;1
DAS HEER;TERENZ;1
DAS HEER;EIN GEFANGENER;1
DAS HEER;DAS WEIB;1
DAS HEER;EIN KNABE;1
DAS HEER;EIN SOLDAT;1
DAS HEER;DER KELTIBERIERFÜRST ALLOCHLIN;1
DAS HEER;DIE BRAUT;1
DAS HEER;KELTIBERIER;1
DAS HEER;ERSTER BÜRGER;1
DAS HEER;ZWEITER BÜRGER;1
DAS HEER;DRITTER BÜRGER;1
DAS HEER;DER FRÜHERE DESPOT DER STADT;1
ERSTER BÜRGER;SCIPIO DER JÜNGERE;1
ERSTER BÜRGER;SCIPIO DER ÄLTERE;1
ERSTER BÜRGER;HANNIBAL;1
ERSTER BÜRGER;TURNU;1
ERSTER BÜRGER;TERENZ;1
ERSTER BÜRGER;KELTIBERIER;1
ERSTER BÜRGER;ZWEITER BÜRGER;1
DRITTER BÜRGER;SCIPIO DER JÜNGERE;1
DRITTER BÜRGER;SCIPIO DER ÄLTERE;1
DRITTER BÜRGER;EIN LIKTOR;1
DRITTER BÜRGER;HANNIBAL;1
DRITTER BÜRGER;TURNU;1
DRITTER BÜRGER;TERENZ;1
DRITTER BÜRGER;EIN GEFANGENER;1
DRITTER BÜRGER;EIN KNABE;1
DRITTER BÜRGER;EIN SOLDAT;1
DRITTER BÜRGER;KELTIBERIER;1
DRITTER BÜRGER;ERSTER BÜRGER;1
DRITTER BÜRGER;ZWEITER BÜRGER;1
DER FRÜHERE DESPOT DER STADT;SCIPIO DER JÜNGERE;1
DER FRÜHERE DESPOT DER STADT;SCIPIO DER ÄLTERE;1
DER FRÜHERE DESPOT DER STADT;EIN LIKTOR;1
DER FRÜHERE DESPOT DER STADT;HANNIBAL;2
DER FRÜHERE DESPOT DER STADT;TURNU;2
DER FRÜHERE DESPOT DER STADT;TERENZ;1
DER FRÜHERE DESPOT DER STADT;EIN GEFANGENER;1
DER FRÜHERE DESPOT DER STADT;EIN KNABE;1
DER FRÜHERE DESPOT DER STADT;EIN SOLDAT;1
DER FRÜHERE DESPOT DER STADT;DER KELTIBERIERFÜRST ALLOCHLIN;1
DER FRÜHERE DESPOT DER STADT;DIE BRAUT;1
DER FRÜHERE DESPOT DER STADT;KELTIBERIER;1
DER FRÜHERE DESPOT DER STADT;ERSTER BÜRGER;1
DER FRÜHERE DESPOT DER STADT;ZWEITER BÜRGER;1
DER FRÜHERE DESPOT DER STADT;DRITTER BÜRGER;1
DER FRÜHERE DESPOT DER STADT;FABIUS MAXIMUS;1
DER FRÜHERE DESPOT DER STADT;REITERFELDHERR;1
DER FRÜHERE DESPOT DER STADT;EIN FLAMEN;1
DER FRÜHERE DESPOT DER STADT;EIN GREIS;1
DER FRÜHERE DESPOT DER STADT;DIE JÜNGLINGE;1
DER FRÜHERE DESPOT DER STADT;DIE MÄDCHEN;1
DER FRÜHERE DESPOT DER STADT;EIN ATELLAN;1
DER FRÜHERE DESPOT DER STADT;HERANSPRENGENDE REITER;1
DER FRÜHERE DESPOT DER STADT;EIN NUMIDIER;1
DER FRÜHERE DESPOT DER STADT;DIE MENGE (3);1
DER FRÜHERE DESPOT DER STADT;DER JUNGE PUNIER;1
DER FRÜHERE DESPOT DER STADT;EIN ALS KARTHAGISCHER KRIEGER VERKLEIDETER RÖMER;1
DER FRÜHERE DESPOT DER STADT;DER RÖMER;1
DER FRÜHERE DESPOT DER STADT;ERSTER SKLAV;1
DER FRÜHERE DESPOT DER STADT;DIE SKLAVEN;1
DER FRÜHERE DESPOT DER STADT;ZWEITER SKLAV;1
DER FRÜHERE DESPOT DER STADT;DIE BALEARISCHEN SCHLEUDERER;1
DER FRÜHERE DESPOT DER STADT;EIN VORNEHMER KAPUANER;1
DER FRÜHERE DESPOT DER STADT;STIMMEN DER KOMMANDIERENDEN FLOTTENOFFIZIERE;1
DER FRÜHERE DESPOT DER STADT;SOLDAT;1
DER FRÜHERE DESPOT DER STADT;ERSTER GESANDTER;1
DER FRÜHERE DESPOT DER STADT;MATROSEN;1
FABIUS MAXIMUS;HANNIBAL;1
FABIUS MAXIMUS;TURNU;1
FABIUS MAXIMUS;REITERFELDHERR;1
FABIUS MAXIMUS;HERANSPRENGENDE REITER;1
FABIUS MAXIMUS;ZWEITER SKLAV;1
FABIUS MAXIMUS;STIMMEN DER KOMMANDIERENDEN FLOTTENOFFIZIERE;1
FABIUS MAXIMUS;SOLDAT;1
FABIUS MAXIMUS;MATROSEN;1
REITERFELDHERR;TURNU;1
REITERFELDHERR;ZWEITER SKLAV;1
REITERFELDHERR;STIMMEN DER KOMMANDIERENDEN FLOTTENOFFIZIERE;1
REITERFELDHERR;SOLDAT;1
EIN FLAMEN;HANNIBAL;1
EIN FLAMEN;TURNU;1
EIN FLAMEN;FABIUS MAXIMUS;1
EIN FLAMEN;REITERFELDHERR;1
EIN FLAMEN;EIN GREIS;1
EIN FLAMEN;HERANSPRENGENDE REITER;1
EIN FLAMEN;EIN NUMIDIER;1
EIN FLAMEN;ERSTER SKLAV;1
EIN FLAMEN;ZWEITER SKLAV;1
EIN FLAMEN;EIN VORNEHMER KAPUANER;1
EIN FLAMEN;STIMMEN DER KOMMANDIERENDEN FLOTTENOFFIZIERE;1
EIN FLAMEN;SOLDAT;1
EIN FLAMEN;ERSTER GESANDTER;1
EIN FLAMEN;MATROSEN;1
EIN GREIS;HANNIBAL;1
EIN GREIS;TURNU;1
EIN GREIS;FABIUS MAXIMUS;1
EIN GREIS;REITERFELDHERR;1
EIN GREIS;HERANSPRENGENDE REITER;1
EIN GREIS;EIN NUMIDIER;1
EIN GREIS;ERSTER SKLAV;1
EIN GREIS;ZWEITER SKLAV;1
EIN GREIS;EIN VORNEHMER KAPUANER;1
EIN GREIS;STIMMEN DER KOMMANDIERENDEN FLOTTENOFFIZIERE;1
EIN GREIS;SOLDAT;1
EIN GREIS;ERSTER GESANDTER;1
EIN GREIS;MATROSEN;1
DIE JÜNGLINGE;HANNIBAL;1
DIE JÜNGLINGE;TURNU;1
DIE JÜNGLINGE;FABIUS MAXIMUS;1
DIE JÜNGLINGE;REITERFELDHERR;1
DIE JÜNGLINGE;EIN FLAMEN;1
DIE JÜNGLINGE;EIN GREIS;1
DIE JÜNGLINGE;DIE MÄDCHEN;1
DIE JÜNGLINGE;EIN ATELLAN;1
DIE JÜNGLINGE;HERANSPRENGENDE REITER;1
DIE JÜNGLINGE;EIN NUMIDIER;1
DIE JÜNGLINGE;DIE MENGE (3);1
DIE JÜNGLINGE;EIN ALS KARTHAGISCHER KRIEGER VERKLEIDETER RÖMER;1
DIE JÜNGLINGE;ERSTER SKLAV;1
DIE JÜNGLINGE;DIE SKLAVEN;1
DIE JÜNGLINGE;ZWEITER SKLAV;1
DIE JÜNGLINGE;EIN VORNEHMER KAPUANER;1
DIE JÜNGLINGE;STIMMEN DER KOMMANDIERENDEN FLOTTENOFFIZIERE;1
DIE JÜNGLINGE;SOLDAT;1
DIE JÜNGLINGE;ERSTER GESANDTER;1
DIE JÜNGLINGE;MATROSEN;1
DIE MÄDCHEN;HANNIBAL;1
DIE MÄDCHEN;TURNU;1
DIE MÄDCHEN;FABIUS MAXIMUS;1
DIE MÄDCHEN;REITERFELDHERR;1
DIE MÄDCHEN;EIN FLAMEN;1
DIE MÄDCHEN;EIN GREIS;1
DIE MÄDCHEN;EIN ATELLAN;1
DIE MÄDCHEN;HERANSPRENGENDE REITER;1
DIE MÄDCHEN;EIN NUMIDIER;1
DIE MÄDCHEN;EIN ALS KARTHAGISCHER KRIEGER VERKLEIDETER RÖMER;1
DIE MÄDCHEN;ERSTER SKLAV;1
DIE MÄDCHEN;DIE SKLAVEN;1
DIE MÄDCHEN;ZWEITER SKLAV;1
DIE MÄDCHEN;EIN VORNEHMER KAPUANER;1
DIE MÄDCHEN;STIMMEN DER KOMMANDIERENDEN FLOTTENOFFIZIERE;1
DIE MÄDCHEN;SOLDAT;1
DIE MÄDCHEN;ERSTER GESANDTER;1
DIE MÄDCHEN;MATROSEN;1
EIN ATELLAN;HANNIBAL;1
EIN ATELLAN;TURNU;1
EIN ATELLAN;FABIUS MAXIMUS;1
EIN ATELLAN;REITERFELDHERR;1
EIN ATELLAN;EIN FLAMEN;1
EIN ATELLAN;EIN GREIS;1
EIN ATELLAN;HERANSPRENGENDE REITER;1
EIN ATELLAN;EIN NUMIDIER;1
EIN ATELLAN;ERSTER SKLAV;1
EIN ATELLAN;ZWEITER SKLAV;1
EIN ATELLAN;EIN VORNEHMER KAPUANER;1
EIN ATELLAN;STIMMEN DER KOMMANDIERENDEN FLOTTENOFFIZIERE;1
EIN ATELLAN;SOLDAT;1
EIN ATELLAN;ERSTER GESANDTER;1
EIN ATELLAN;MATROSEN;1
HERANSPRENGENDE REITER;TURNU;1
HERANSPRENGENDE REITER;REITERFELDHERR;1
HERANSPRENGENDE REITER;ZWEITER SKLAV;1
HERANSPRENGENDE REITER;STIMMEN DER KOMMANDIERENDEN FLOTTENOFFIZIERE;1
HERANSPRENGENDE REITER;SOLDAT;1
HERANSPRENGENDE REITER;MATROSEN;1
EIN NUMIDIER;HANNIBAL;1
EIN NUMIDIER;TURNU;1
EIN NUMIDIER;FABIUS MAXIMUS;1
EIN NUMIDIER;REITERFELDHERR;1
EIN NUMIDIER;HERANSPRENGENDE REITER;1
EIN NUMIDIER;ERSTER SKLAV;1
EIN NUMIDIER;ZWEITER SKLAV;1
EIN NUMIDIER;EIN VORNEHMER KAPUANER;1
EIN NUMIDIER;STIMMEN DER KOMMANDIERENDEN FLOTTENOFFIZIERE;1
EIN NUMIDIER;SOLDAT;1
EIN NUMIDIER;ERSTER GESANDTER;1
EIN NUMIDIER;MATROSEN;1
DAS MÄDCHEN;HANNIBAL;1
DAS MÄDCHEN;TURNU;1
DAS MÄDCHEN;DER FRÜHERE DESPOT DER STADT;1
DAS MÄDCHEN;FABIUS MAXIMUS;1
DAS MÄDCHEN;REITERFELDHERR;1
DAS MÄDCHEN;EIN FLAMEN;1
DAS MÄDCHEN;EIN GREIS;1
DAS MÄDCHEN;DIE JÜNGLINGE;1
DAS MÄDCHEN;DIE MÄDCHEN;1
DAS MÄDCHEN;EIN ATELLAN;1
DAS MÄDCHEN;HERANSPRENGENDE REITER;1
DAS MÄDCHEN;EIN NUMIDIER;1
DAS MÄDCHEN;DIE MENGE (3);1
DAS MÄDCHEN;DER JUNGE PUNIER;1
DAS MÄDCHEN;EIN ALS KARTHAGISCHER KRIEGER VERKLEIDETER RÖMER;1
DAS MÄDCHEN;DER RÖMER;1
DAS MÄDCHEN;ERSTER SKLAV;1
DAS MÄDCHEN;DIE SKLAVEN;1
DAS MÄDCHEN;ZWEITER SKLAV;1
DAS MÄDCHEN;DIE BALEARISCHEN SCHLEUDERER;1
DAS MÄDCHEN;EIN VORNEHMER KAPUANER;1
DAS MÄDCHEN;STIMMEN DER KOMMANDIERENDEN FLOTTENOFFIZIERE;1
DAS MÄDCHEN;SOLDAT;1
DAS MÄDCHEN;ERSTER GESANDTER;1
DAS MÄDCHEN;MATROSEN;1
DIE MENGE (3);EIN KARTHAGER;1
DIE MENGE (3);MELKIR;1
DIE MENGE (3);HANNO;1
DIE MENGE (3);GISGON;1
DIE MENGE (3);SCIPIO DER JÜNGERE;1
DIE MENGE (3);SCIPIO DER ÄLTERE;1
DIE MENGE (3);HANNIBAL;2
DIE MENGE (3);TURNU;1
DIE MENGE (3);TERENZ;1
DIE MENGE (3);KELTIBERIER;1
DIE MENGE (3);FABIUS MAXIMUS;1
DIE MENGE (3);REITERFELDHERR;1
DIE MENGE (3);EIN FLAMEN;1
DIE MENGE (3);EIN GREIS;1
DIE MENGE (3);DIE MÄDCHEN;1
DIE MENGE (3);EIN ATELLAN;1
DIE MENGE (3);HERANSPRENGENDE REITER;1
DIE MENGE (3);EIN NUMIDIER;1
DIE MENGE (3);EIN ALS KARTHAGISCHER KRIEGER VERKLEIDETER RÖMER;1
DIE MENGE (3);ERSTER SKLAV;1
DIE MENGE (3);DIE SKLAVEN;2
DIE MENGE (3);ZWEITER SKLAV;1
DIE MENGE (3);EIN VORNEHMER KAPUANER;1
DIE MENGE (3);STIMMEN DER KOMMANDIERENDEN FLOTTENOFFIZIERE;1
DIE MENGE (3);SOLDAT;1
DIE MENGE (3);ERSTER GESANDTER;2
DIE MENGE (3);MATROSEN;1
DIE MENGE (3);EIN VERTRAUTER DIENER MELKIRS;1
DIE MENGE (3);MARKTJUNGE;1
DIE MENGE (3);VOLK;1
DIE MENGE (3);EIN MANN;1
DIE MENGE (3);EIN ANDERER MANN;1
DIE MENGE (3);HEROLD;1
DIE MENGE (3);DIE MENGE (4);1
DIE MENGE (3);MARKTWEIB (4);1
DIE MENGE (3);EIN SKLAV (4);1
DIE MENGE (3);EIN VELIT;1
DIE MENGE (3);ERSTER KARTHAGISCHER ABGEODNETER;1
DIE MENGE (3);PFÖRTNER;1
DIE MENGE (3);KNABE;1
DIE MENGE (3);EIN WEIB;1
DIE MENGE (3);EIN PRIESTER;1
DIE MENGE (3);EIN ZWEITER PRIESTER;1
DIE MENGE (3);EIN KRIEGER;1
DIE MENGE (3);HAUSMEISTER;1
DIE MENGE (3);ZWEITER RÖMISCHER GESANDTER;1
DER JUNGE PUNIER;HANNIBAL;1
DER JUNGE PUNIER;TURNU;1
DER JUNGE PUNIER;FABIUS MAXIMUS;1
DER JUNGE PUNIER;REITERFELDHERR;1
DER JUNGE PUNIER;EIN FLAMEN;1
DER JUNGE PUNIER;EIN GREIS;1
DER JUNGE PUNIER;DIE JÜNGLINGE;1
DER JUNGE PUNIER;DIE MÄDCHEN;1
DER JUNGE PUNIER;EIN ATELLAN;1
DER JUNGE PUNIER;HERANSPRENGENDE REITER;1
DER JUNGE PUNIER;EIN NUMIDIER;1
DER JUNGE PUNIER;DIE MENGE (3);1
DER JUNGE PUNIER;EIN ALS KARTHAGISCHER KRIEGER VERKLEIDETER RÖMER;1
DER JUNGE PUNIER;DER RÖMER;1
DER JUNGE PUNIER;ERSTER SKLAV;1
DER JUNGE PUNIER;DIE SKLAVEN;1
DER JUNGE PUNIER;ZWEITER SKLAV;1
DER JUNGE PUNIER;DIE BALEARISCHEN SCHLEUDERER;1
DER JUNGE PUNIER;EIN VORNEHMER KAPUANER;1
DER JUNGE PUNIER;STIMMEN DER KOMMANDIERENDEN FLOTTENOFFIZIERE;1
DER JUNGE PUNIER;SOLDAT;1
DER JUNGE PUNIER;ERSTER GESANDTER;1
DER JUNGE PUNIER;MATROSEN;1
EIN ALS KARTHAGISCHER KRIEGER VERKLEIDETER RÖMER;HANNIBAL;1
EIN ALS KARTHAGISCHER KRIEGER VERKLEIDETER RÖMER;TURNU;1
EIN ALS KARTHAGISCHER KRIEGER VERKLEIDETER RÖMER;FABIUS MAXIMUS;1
EIN ALS KARTHAGISCHER KRIEGER VERKLEIDETER RÖMER;REITERFELDHERR;1
EIN ALS KARTHAGISCHER KRIEGER VERKLEIDETER RÖMER;EIN FLAMEN;1
EIN ALS KARTHAGISCHER KRIEGER VERKLEIDETER RÖMER;EIN GREIS;1
EIN ALS KARTHAGISCHER KRIEGER VERKLEIDETER RÖMER;EIN ATELLAN;1
EIN ALS KARTHAGISCHER KRIEGER VERKLEIDETER RÖMER;HERANSPRENGENDE REITER;1
EIN ALS KARTHAGISCHER KRIEGER VERKLEIDETER RÖMER;EIN NUMIDIER;1
EIN ALS KARTHAGISCHER KRIEGER VERKLEIDETER RÖMER;ERSTER SKLAV;1
EIN ALS KARTHAGISCHER KRIEGER VERKLEIDETER RÖMER;ZWEITER SKLAV;1
EIN ALS KARTHAGISCHER KRIEGER VERKLEIDETER RÖMER;EIN VORNEHMER KAPUANER;1
EIN ALS KARTHAGISCHER KRIEGER VERKLEIDETER RÖMER;STIMMEN DER KOMMANDIERENDEN FLOTTENOFFIZIERE;1
EIN ALS KARTHAGISCHER KRIEGER VERKLEIDETER RÖMER;SOLDAT;1
EIN ALS KARTHAGISCHER KRIEGER VERKLEIDETER RÖMER;ERSTER GESANDTER;1
EIN ALS KARTHAGISCHER KRIEGER VERKLEIDETER RÖMER;MATROSEN;1
DER RÖMER;HANNIBAL;1
DER RÖMER;TURNU;1
DER RÖMER;FABIUS MAXIMUS;1
DER RÖMER;REITERFELDHERR;1
DER RÖMER;EIN FLAMEN;1
DER RÖMER;EIN GREIS;1
DER RÖMER;DIE JÜNGLINGE;1
DER RÖMER;DIE MÄDCHEN;1
DER RÖMER;EIN ATELLAN;1
DER RÖMER;HERANSPRENGENDE REITER;1
DER RÖMER;EIN NUMIDIER;1
DER RÖMER;DIE MENGE (3);1
DER RÖMER;EIN ALS KARTHAGISCHER KRIEGER VERKLEIDETER RÖMER;1
DER RÖMER;ERSTER SKLAV;1
DER RÖMER;DIE SKLAVEN;1
DER RÖMER;ZWEITER SKLAV;1
DER RÖMER;DIE BALEARISCHEN SCHLEUDERER;1
DER RÖMER;EIN VORNEHMER KAPUANER;1
DER RÖMER;STIMMEN DER KOMMANDIERENDEN FLOTTENOFFIZIERE;1
DER RÖMER;SOLDAT;1
DER RÖMER;ERSTER GESANDTER;1
DER RÖMER;MATROSEN;1
ERSTER SKLAV;HANNIBAL;1
ERSTER SKLAV;TURNU;1
ERSTER SKLAV;FABIUS MAXIMUS;1
ERSTER SKLAV;REITERFELDHERR;1
ERSTER SKLAV;HERANSPRENGENDE REITER;1
ERSTER SKLAV;ZWEITER SKLAV;1
ERSTER SKLAV;STIMMEN DER KOMMANDIERENDEN FLOTTENOFFIZIERE;1
ERSTER SKLAV;SOLDAT;1
ERSTER SKLAV;MATROSEN;1
DIE SKLAVEN;EIN KARTHAGER;1
DIE SKLAVEN;MELKIR;1
DIE SKLAVEN;HANNO;1
DIE SKLAVEN;GISGON;1
DIE SKLAVEN;SCIPIO DER JÜNGERE;1
DIE SKLAVEN;SCIPIO DER ÄLTERE;1
DIE SKLAVEN;HANNIBAL;2
DIE SKLAVEN;TURNU;1
DIE SKLAVEN;TERENZ;1
DIE SKLAVEN;KELTIBERIER;1
DIE SKLAVEN;FABIUS MAXIMUS;1
DIE SKLAVEN;REITERFELDHERR;1
DIE SKLAVEN;EIN FLAMEN;1
DIE SKLAVEN;EIN GREIS;1
DIE SKLAVEN;EIN ATELLAN;1
DIE SKLAVEN;HERANSPRENGENDE REITER;1
DIE SKLAVEN;EIN NUMIDIER;1
DIE SKLAVEN;EIN ALS KARTHAGISCHER KRIEGER VERKLEIDETER RÖMER;1
DIE SKLAVEN;ERSTER SKLAV;1
DIE SKLAVEN;ZWEITER SKLAV;1
DIE SKLAVEN;EIN VORNEHMER KAPUANER;1
DIE SKLAVEN;STIMMEN DER KOMMANDIERENDEN FLOTTENOFFIZIERE;1
DIE SKLAVEN;SOLDAT;1
DIE SKLAVEN;ERSTER GESANDTER;2
DIE SKLAVEN;MATROSEN;1
DIE SKLAVEN;EIN VERTRAUTER DIENER MELKIRS;1
DIE SKLAVEN;MARKTJUNGE;1
DIE SKLAVEN;VOLK;1
DIE SKLAVEN;EIN MANN;1
DIE SKLAVEN;EIN ANDERER MANN;1
DIE SKLAVEN;HEROLD;1
DIE SKLAVEN;MARKTWEIB (4);1
DIE SKLAVEN;EIN SKLAV (4);1
DIE SKLAVEN;EIN VELIT;1
DIE SKLAVEN;ERSTER KARTHAGISCHER ABGEODNETER;1
DIE SKLAVEN;PFÖRTNER;1
DIE SKLAVEN;KNABE;1
DIE SKLAVEN;EIN WEIB;1
DIE SKLAVEN;EIN PRIESTER;1
DIE SKLAVEN;EIN ZWEITER PRIESTER;1
DIE SKLAVEN;EIN KRIEGER;1
DIE SKLAVEN;HAUSMEISTER;1
DIE SKLAVEN;ZWEITER RÖMISCHER GESANDTER;1
DIE BALEARISCHEN SCHLEUDERER;HANNIBAL;1
DIE BALEARISCHEN SCHLEUDERER;TURNU;1
DIE BALEARISCHEN SCHLEUDERER;FABIUS MAXIMUS;1
DIE BALEARISCHEN SCHLEUDERER;REITERFELDHERR;1
DIE BALEARISCHEN SCHLEUDERER;EIN FLAMEN;1
DIE BALEARISCHEN SCHLEUDERER;EIN GREIS;1
DIE BALEARISCHEN SCHLEUDERER;DIE JÜNGLINGE;1
DIE BALEARISCHEN SCHLEUDERER;DIE MÄDCHEN;1
DIE BALEARISCHEN SCHLEUDERER;EIN ATELLAN;1
DIE BALEARISCHEN SCHLEUDERER;HERANSPRENGENDE REITER;1
DIE BALEARISCHEN SCHLEUDERER;EIN NUMIDIER;1
DIE BALEARISCHEN SCHLEUDERER;DIE MENGE (3);1
DIE BALEARISCHEN SCHLEUDERER;EIN ALS KARTHAGISCHER KRIEGER VERKLEIDETER RÖMER;1
DIE BALEARISCHEN SCHLEUDERER;ERSTER SKLAV;1
DIE BALEARISCHEN SCHLEUDERER;DIE SKLAVEN;1
DIE BALEARISCHEN SCHLEUDERER;ZWEITER SKLAV;1
DIE BALEARISCHEN SCHLEUDERER;EIN VORNEHMER KAPUANER;1
DIE BALEARISCHEN SCHLEUDERER;STIMMEN DER KOMMANDIERENDEN FLOTTENOFFIZIERE;1
DIE BALEARISCHEN SCHLEUDERER;SOLDAT;1
DIE BALEARISCHEN SCHLEUDERER;ERSTER GESANDTER;1
DIE BALEARISCHEN SCHLEUDERER;MATROSEN;1
EIN VORNEHMER KAPUANER;HANNIBAL;1
EIN VORNEHMER KAPUANER;TURNU;1
EIN VORNEHMER KAPUANER;FABIUS MAXIMUS;1
EIN VORNEHMER KAPUANER;REITERFELDHERR;1
EIN VORNEHMER KAPUANER;HERANSPRENGENDE REITER;1
EIN VORNEHMER KAPUANER;ERSTER SKLAV;1
EIN VORNEHMER KAPUANER;ZWEITER SKLAV;1
EIN VORNEHMER KAPUANER;STIMMEN DER KOMMANDIERENDEN FLOTTENOFFIZIERE;1
EIN VORNEHMER KAPUANER;SOLDAT;1
EIN VORNEHMER KAPUANER;ERSTER GESANDTER;1
EIN VORNEHMER KAPUANER;MATROSEN;1
STIMMEN DER KOMMANDIERENDEN FLOTTENOFFIZIERE;TURNU;1
STIMMEN DER KOMMANDIERENDEN FLOTTENOFFIZIERE;ZWEITER SKLAV;1
SOLDAT;TURNU;1
SOLDAT;ZWEITER SKLAV;1
SOLDAT;STIMMEN DER KOMMANDIERENDEN FLOTTENOFFIZIERE;1
ERSTER GESANDTER;MELKIR;1
ERSTER GESANDTER;HANNO;1
ERSTER GESANDTER;GISGON;1
ERSTER GESANDTER;SCIPIO DER JÜNGERE;1
ERSTER GESANDTER;SCIPIO DER ÄLTERE;1
ERSTER GESANDTER;HANNIBAL;2
ERSTER GESANDTER;TURNU;1
ERSTER GESANDTER;TERENZ;1
ERSTER GESANDTER;KELTIBERIER;1
ERSTER GESANDTER;FABIUS MAXIMUS;1
ERSTER GESANDTER;REITERFELDHERR;1
ERSTER GESANDTER;HERANSPRENGENDE REITER;1
ERSTER GESANDTER;ERSTER SKLAV;1
ERSTER GESANDTER;ZWEITER SKLAV;1
ERSTER GESANDTER;STIMMEN DER KOMMANDIERENDEN FLOTTENOFFIZIERE;1
ERSTER GESANDTER;SOLDAT;1
ERSTER GESANDTER;MATROSEN;1
ERSTER GESANDTER;MARKTJUNGE;1
ERSTER GESANDTER;VOLK;1
ERSTER GESANDTER;HEROLD;1
ERSTER GESANDTER;MARKTWEIB (4);1
ERSTER GESANDTER;ERSTER KARTHAGISCHER ABGEODNETER;1
ERSTER GESANDTER;PFÖRTNER;1
ERSTER GESANDTER;KNABE;1
ERSTER GESANDTER;HAUSMEISTER;1
ERSTER GESANDTER;ZWEITER RÖMISCHER GESANDTER;1
MATROSEN;TURNU;1
MATROSEN;REITERFELDHERR;1
MATROSEN;ZWEITER SKLAV;1
MATROSEN;STIMMEN DER KOMMANDIERENDEN FLOTTENOFFIZIERE;1
MATROSEN;SOLDAT;1
EIN VERTRAUTER DIENER MELKIRS;MELKIR;1
EIN VERTRAUTER DIENER MELKIRS;HANNO;1
EIN VERTRAUTER DIENER MELKIRS;GISGON;1
EIN VERTRAUTER DIENER MELKIRS;SCIPIO DER JÜNGERE;1
EIN VERTRAUTER DIENER MELKIRS;SCIPIO DER ÄLTERE;1
EIN VERTRAUTER DIENER MELKIRS;HANNIBAL;1
EIN VERTRAUTER DIENER MELKIRS;TERENZ;1
EIN VERTRAUTER DIENER MELKIRS;KELTIBERIER;1
EIN VERTRAUTER DIENER MELKIRS;ERSTER GESANDTER;1
EIN VERTRAUTER DIENER MELKIRS;MARKTJUNGE;1
EIN VERTRAUTER DIENER MELKIRS;VOLK;1
EIN VERTRAUTER DIENER MELKIRS;HEROLD;1
EIN VERTRAUTER DIENER MELKIRS;MARKTWEIB (4);1
EIN VERTRAUTER DIENER MELKIRS;ERSTER KARTHAGISCHER ABGEODNETER;1
EIN VERTRAUTER DIENER MELKIRS;PFÖRTNER;1
EIN VERTRAUTER DIENER MELKIRS;KNABE;1
EIN VERTRAUTER DIENER MELKIRS;EIN WEIB;1
EIN VERTRAUTER DIENER MELKIRS;EIN ZWEITER PRIESTER;1
EIN VERTRAUTER DIENER MELKIRS;HAUSMEISTER;1
EIN VERTRAUTER DIENER MELKIRS;ZWEITER RÖMISCHER GESANDTER;1
DER HAUPTMANN HANNIBALS;EIN KARTHAGER;1
DER HAUPTMANN HANNIBALS;MELKIR;1
DER HAUPTMANN HANNIBALS;HANNO;1
DER HAUPTMANN HANNIBALS;GISGON;1
DER HAUPTMANN HANNIBALS;SCIPIO DER JÜNGERE;1
DER HAUPTMANN HANNIBALS;SCIPIO DER ÄLTERE;1
DER HAUPTMANN HANNIBALS;HANNIBAL;1
DER HAUPTMANN HANNIBALS;TERENZ;1
DER HAUPTMANN HANNIBALS;DER KELTIBERIERFÜRST ALLOCHLIN;1
DER HAUPTMANN HANNIBALS;KELTIBERIER;1
DER HAUPTMANN HANNIBALS;DIE MENGE (3);1
DER HAUPTMANN HANNIBALS;DIE SKLAVEN;1
DER HAUPTMANN HANNIBALS;ERSTER GESANDTER;1
DER HAUPTMANN HANNIBALS;EIN VERTRAUTER DIENER MELKIRS;1
DER HAUPTMANN HANNIBALS;MARKTJUNGE;1
DER HAUPTMANN HANNIBALS;VOLK;1
DER HAUPTMANN HANNIBALS;EIN MANN;1
DER HAUPTMANN HANNIBALS;EIN ANDERER MANN;1
DER HAUPTMANN HANNIBALS;HEROLD;1
DER HAUPTMANN HANNIBALS;DIE MENGE (4);1
DER HAUPTMANN HANNIBALS;MARKTWEIB (4);1
DER HAUPTMANN HANNIBALS;EIN SKLAV (4);1
DER HAUPTMANN HANNIBALS;EIN VELIT;1
DER HAUPTMANN HANNIBALS;ERSTER KARTHAGISCHER ABGEODNETER;1
DER HAUPTMANN HANNIBALS;PFÖRTNER;1
DER HAUPTMANN HANNIBALS;KNABE;1
DER HAUPTMANN HANNIBALS;EIN WEIB;1
DER HAUPTMANN HANNIBALS;EIN PRIESTER;1
DER HAUPTMANN HANNIBALS;EIN ZWEITER PRIESTER;1
DER HAUPTMANN HANNIBALS;EIN KRIEGER;1
DER HAUPTMANN HANNIBALS;HAUSMEISTER;1
DER HAUPTMANN HANNIBALS;ZWEITER RÖMISCHER GESANDTER;1
MARKTJUNGE;MELKIR;1
MARKTJUNGE;SCIPIO DER JÜNGERE;1
MARKTJUNGE;SCIPIO DER ÄLTERE;1
MARKTJUNGE;TERENZ;1
MARKTJUNGE;VOLK;1
MARKTJUNGE;MARKTWEIB (4);1
MARKTJUNGE;PFÖRTNER;1
MARKTJUNGE;ZWEITER RÖMISCHER GESANDTER;1
VOLK;ZWEITER RÖMISCHER GESANDTER;1
EIN MANN;MELKIR;1
EIN MANN;HANNO;1
EIN MANN;GISGON;1
EIN MANN;SCIPIO DER JÜNGERE;1
EIN MANN;SCIPIO DER ÄLTERE;1
EIN MANN;HANNIBAL;1
EIN MANN;TERENZ;1
EIN MANN;KELTIBERIER;1
EIN MANN;ERSTER GESANDTER;1
EIN MANN;EIN VERTRAUTER DIENER MELKIRS;1
EIN MANN;MARKTJUNGE;1
EIN MANN;VOLK;1
EIN MANN;HEROLD;1
EIN MANN;MARKTWEIB (4);1
EIN MANN;EIN SKLAV (4);1
EIN MANN;EIN VELIT;1
EIN MANN;ERSTER KARTHAGISCHER ABGEODNETER;1
EIN MANN;PFÖRTNER;1
EIN MANN;KNABE;1
EIN MANN;EIN WEIB;1
EIN MANN;EIN PRIESTER;1
EIN MANN;EIN ZWEITER PRIESTER;1
EIN MANN;HAUSMEISTER;1
EIN MANN;ZWEITER RÖMISCHER GESANDTER;1
EIN ANDERER MANN;EIN KARTHAGER;1
EIN ANDERER MANN;MELKIR;1
EIN ANDERER MANN;HANNO;1
EIN ANDERER MANN;GISGON;1
EIN ANDERER MANN;SCIPIO DER JÜNGERE;1
EIN ANDERER MANN;SCIPIO DER ÄLTERE;1
EIN ANDERER MANN;HANNIBAL;1
EIN ANDERER MANN;TERENZ;1
EIN ANDERER MANN;KELTIBERIER;1
EIN ANDERER MANN;ERSTER GESANDTER;1
EIN ANDERER MANN;EIN VERTRAUTER DIENER MELKIRS;1
EIN ANDERER MANN;MARKTJUNGE;1
EIN ANDERER MANN;VOLK;1
EIN ANDERER MANN;EIN MANN;1
EIN ANDERER MANN;HEROLD;1
EIN ANDERER MANN;MARKTWEIB (4);1
EIN ANDERER MANN;EIN SKLAV (4);1
EIN ANDERER MANN;EIN VELIT;1
EIN ANDERER MANN;ERSTER KARTHAGISCHER ABGEODNETER;1
EIN ANDERER MANN;PFÖRTNER;1
EIN ANDERER MANN;KNABE;1
EIN ANDERER MANN;EIN WEIB;1
EIN ANDERER MANN;EIN PRIESTER;1
EIN ANDERER MANN;EIN ZWEITER PRIESTER;1
EIN ANDERER MANN;EIN KRIEGER;1
EIN ANDERER MANN;HAUSMEISTER;1
EIN ANDERER MANN;ZWEITER RÖMISCHER GESANDTER;1
HEROLD;MELKIR;1
HEROLD;SCIPIO DER JÜNGERE;1
HEROLD;SCIPIO DER ÄLTERE;1
HEROLD;TERENZ;1
HEROLD;KELTIBERIER;1
HEROLD;MARKTJUNGE;1
HEROLD;VOLK;1
HEROLD;MARKTWEIB (4);1
HEROLD;PFÖRTNER;1
HEROLD;KNABE;1
HEROLD;ZWEITER RÖMISCHER GESANDTER;1
DIE MENGE (4);EIN KARTHAGER;1
DIE MENGE (4);MELKIR;1
DIE MENGE (4);HANNO;1
DIE MENGE (4);GISGON;1
DIE MENGE (4);SCIPIO DER JÜNGERE;1
DIE MENGE (4);SCIPIO DER ÄLTERE;1
DIE MENGE (4);HANNIBAL;1
DIE MENGE (4);TERENZ;1
DIE MENGE (4);KELTIBERIER;1
DIE MENGE (4);DIE SKLAVEN;1
DIE MENGE (4);ERSTER GESANDTER;1
DIE MENGE (4);EIN VERTRAUTER DIENER MELKIRS;1
DIE MENGE (4);MARKTJUNGE;1
DIE MENGE (4);VOLK;1
DIE MENGE (4);EIN MANN;1
DIE MENGE (4);EIN ANDERER MANN;1
DIE MENGE (4);HEROLD;1
DIE MENGE (4);MARKTWEIB (4);1
DIE MENGE (4);EIN SKLAV (4);1
DIE MENGE (4);EIN VELIT;1
DIE MENGE (4);ERSTER KARTHAGISCHER ABGEODNETER;1
DIE MENGE (4);PFÖRTNER;1
DIE MENGE (4);KNABE;1
DIE MENGE (4);EIN WEIB;1
DIE MENGE (4);EIN PRIESTER;1
DIE MENGE (4);EIN ZWEITER PRIESTER;1
DIE MENGE (4);EIN KRIEGER;1
DIE MENGE (4);HAUSMEISTER;1
DIE MENGE (4);ZWEITER RÖMISCHER GESANDTER;1
MARKTWEIB (4);MELKIR;1
MARKTWEIB (4);SCIPIO DER JÜNGERE;1
MARKTWEIB (4);SCIPIO DER ÄLTERE;1
MARKTWEIB (4);TERENZ;1
MARKTWEIB (4);VOLK;1
MARKTWEIB (4);PFÖRTNER;1
MARKTWEIB (4);ZWEITER RÖMISCHER GESANDTER;1
EIN SKLAV (4);MELKIR;1
EIN SKLAV (4);HANNO;1
EIN SKLAV (4);GISGON;1
EIN SKLAV (4);SCIPIO DER JÜNGERE;1
EIN SKLAV (4);SCIPIO DER ÄLTERE;1
EIN SKLAV (4);HANNIBAL;1
EIN SKLAV (4);TERENZ;1
EIN SKLAV (4);KELTIBERIER;1
EIN SKLAV (4);ERSTER GESANDTER;1
EIN SKLAV (4);EIN VERTRAUTER DIENER MELKIRS;1
EIN SKLAV (4);MARKTJUNGE;1
EIN SKLAV (4);VOLK;1
EIN SKLAV (4);HEROLD;1
EIN SKLAV (4);MARKTWEIB (4);1
EIN SKLAV (4);EIN VELIT;1
EIN SKLAV (4);ERSTER KARTHAGISCHER ABGEODNETER;1
EIN SKLAV (4);PFÖRTNER;1
EIN SKLAV (4);KNABE;1
EIN SKLAV (4);EIN WEIB;1
EIN SKLAV (4);EIN ZWEITER PRIESTER;1
EIN SKLAV (4);HAUSMEISTER;1
EIN SKLAV (4);ZWEITER RÖMISCHER GESANDTER;1
BARKAS;DAS GEFOLG;1
BARKAS;BRASIDAS;1
BARKAS;EIN KARTHAGER;1
BARKAS;MELKIR;1
BARKAS;HANNO;1
BARKAS;GISGON;1
BARKAS;SCIPIO DER JÜNGERE;1
BARKAS;SCIPIO DER ÄLTERE;1
BARKAS;HANNIBAL;2
BARKAS;TURNU;1
BARKAS;TERENZ;1
BARKAS;DAS WEIB;1
BARKAS;DER KELTIBERIERFÜRST ALLOCHLIN;1
BARKAS;KELTIBERIER;1
BARKAS;DIE MENGE (3);1
BARKAS;DIE SKLAVEN;1
BARKAS;ERSTER GESANDTER;1
BARKAS;EIN VERTRAUTER DIENER MELKIRS;1
BARKAS;DER HAUPTMANN HANNIBALS;1
BARKAS;MARKTJUNGE;1
BARKAS;VOLK;1
BARKAS;EIN MANN;1
BARKAS;EIN ANDERER MANN;1
BARKAS;HEROLD;1
BARKAS;DIE MENGE (4);1
BARKAS;MARKTWEIB (4);1
BARKAS;EIN SKLAV (4);1
BARKAS;EIN VELIT;1
BARKAS;ERSTER KARTHAGISCHER ABGEODNETER;1
BARKAS;PFÖRTNER;1
BARKAS;KNABE;1
BARKAS;EIN WEIB;1
BARKAS;EIN PRIESTER;1
BARKAS;EIN ZWEITER PRIESTER;1
BARKAS;EIN KRIEGER;1
BARKAS;EIN SKLAV (5);1
BARKAS;HAUSMEISTER;1
BARKAS;ZWEITER RÖMISCHER GESANDTER;1
BARKAS;PRUSIAS;1
BARKAS;HÖFLING;1
BARKAS;PROTOVESTIAR;1
BARKAS;DER LEIBPAGE;1
BARKAS;MALER;1
BARKAS;BARRAS;1
BARKAS;FLAMININUS;1
EIN VELIT;MELKIR;1
EIN VELIT;HANNO;1
EIN VELIT;GISGON;1
EIN VELIT;SCIPIO DER JÜNGERE;1
EIN VELIT;SCIPIO DER ÄLTERE;1
EIN VELIT;HANNIBAL;1
EIN VELIT;TERENZ;1
EIN VELIT;KELTIBERIER;1
EIN VELIT;ERSTER GESANDTER;1
EIN VELIT;EIN VERTRAUTER DIENER MELKIRS;1
EIN VELIT;MARKTJUNGE;1
EIN VELIT;VOLK;1
EIN VELIT;HEROLD;1
EIN VELIT;MARKTWEIB (4);1
EIN VELIT;ERSTER KARTHAGISCHER ABGEODNETER;1
EIN VELIT;PFÖRTNER;1
EIN VELIT;KNABE;1
EIN VELIT;EIN WEIB;1
EIN VELIT;EIN ZWEITER PRIESTER;1
EIN VELIT;HAUSMEISTER;1
EIN VELIT;ZWEITER RÖMISCHER GESANDTER;1
ERSTER KARTHAGISCHER ABGEODNETER;MELKIR;1
ERSTER KARTHAGISCHER ABGEODNETER;HANNO;1
ERSTER KARTHAGISCHER ABGEODNETER;GISGON;1
ERSTER KARTHAGISCHER ABGEODNETER;SCIPIO DER JÜNGERE;1
ERSTER KARTHAGISCHER ABGEODNETER;SCIPIO DER ÄLTERE;1
ERSTER KARTHAGISCHER ABGEODNETER;HANNIBAL;1
ERSTER KARTHAGISCHER ABGEODNETER;TERENZ;1
ERSTER KARTHAGISCHER ABGEODNETER;KELTIBERIER;1
ERSTER KARTHAGISCHER ABGEODNETER;MARKTJUNGE;1
ERSTER KARTHAGISCHER ABGEODNETER;VOLK;1
ERSTER KARTHAGISCHER ABGEODNETER;HEROLD;1
ERSTER KARTHAGISCHER ABGEODNETER;MARKTWEIB (4);1
ERSTER KARTHAGISCHER ABGEODNETER;PFÖRTNER;1
ERSTER KARTHAGISCHER ABGEODNETER;KNABE;1
ERSTER KARTHAGISCHER ABGEODNETER;HAUSMEISTER;1
ERSTER KARTHAGISCHER ABGEODNETER;ZWEITER RÖMISCHER GESANDTER;1
PFÖRTNER;SCIPIO DER JÜNGERE;1
PFÖRTNER;SCIPIO DER ÄLTERE;1
PFÖRTNER;TERENZ;1
PFÖRTNER;VOLK;1
PFÖRTNER;ZWEITER RÖMISCHER GESANDTER;1
KNABE;MELKIR;1
KNABE;SCIPIO DER JÜNGERE;1
KNABE;SCIPIO DER ÄLTERE;1
KNABE;TERENZ;1
KNABE;MARKTJUNGE;1
KNABE;VOLK;1
KNABE;MARKTWEIB (4);1
KNABE;PFÖRTNER;1
KNABE;ZWEITER RÖMISCHER GESANDTER;1
EIN WEIB;MELKIR;1
EIN WEIB;HANNO;1
EIN WEIB;GISGON;1
EIN WEIB;SCIPIO DER JÜNGERE;1
EIN WEIB;SCIPIO DER ÄLTERE;1
EIN WEIB;HANNIBAL;1
EIN WEIB;TERENZ;1
EIN WEIB;KELTIBERIER;1
EIN WEIB;ERSTER GESANDTER;1
EIN WEIB;MARKTJUNGE;1
EIN WEIB;VOLK;1
EIN WEIB;HEROLD;1
EIN WEIB;MARKTWEIB (4);1
EIN WEIB;ERSTER KARTHAGISCHER ABGEODNETER;1
EIN WEIB;PFÖRTNER;1
EIN WEIB;KNABE;1
EIN WEIB;EIN ZWEITER PRIESTER;1
EIN WEIB;HAUSMEISTER;1
EIN WEIB;ZWEITER RÖMISCHER GESANDTER;1
EIN PRIESTER;MELKIR;1
EIN PRIESTER;HANNO;1
EIN PRIESTER;GISGON;1
EIN PRIESTER;SCIPIO DER JÜNGERE;1
EIN PRIESTER;SCIPIO DER ÄLTERE;1
EIN PRIESTER;HANNIBAL;1
EIN PRIESTER;TERENZ;1
EIN PRIESTER;KELTIBERIER;1
EIN PRIESTER;ERSTER GESANDTER;1
EIN PRIESTER;EIN VERTRAUTER DIENER MELKIRS;1
EIN PRIESTER;MARKTJUNGE;1
EIN PRIESTER;VOLK;1
EIN PRIESTER;HEROLD;1
EIN PRIESTER;MARKTWEIB (4);1
EIN PRIESTER;EIN SKLAV (4);1
EIN PRIESTER;EIN VELIT;1
EIN PRIESTER;ERSTER KARTHAGISCHER ABGEODNETER;1
EIN PRIESTER;PFÖRTNER;1
EIN PRIESTER;KNABE;1
EIN PRIESTER;EIN WEIB;1
EIN PRIESTER;EIN ZWEITER PRIESTER;1
EIN PRIESTER;HAUSMEISTER;1
EIN PRIESTER;ZWEITER RÖMISCHER GESANDTER;1
EIN ZWEITER PRIESTER;MELKIR;1
EIN ZWEITER PRIESTER;HANNO;1
EIN ZWEITER PRIESTER;GISGON;1
EIN ZWEITER PRIESTER;SCIPIO DER JÜNGERE;1
EIN ZWEITER PRIESTER;SCIPIO DER ÄLTERE;1
EIN ZWEITER PRIESTER;HANNIBAL;1
EIN ZWEITER PRIESTER;TERENZ;1
EIN ZWEITER PRIESTER;KELTIBERIER;1
EIN ZWEITER PRIESTER;ERSTER GESANDTER;1
EIN ZWEITER PRIESTER;MARKTJUNGE;1
EIN ZWEITER PRIESTER;VOLK;1
EIN ZWEITER PRIESTER;HEROLD;1
EIN ZWEITER PRIESTER;MARKTWEIB (4);1
EIN ZWEITER PRIESTER;ERSTER KARTHAGISCHER ABGEODNETER;1
EIN ZWEITER PRIESTER;PFÖRTNER;1
EIN ZWEITER PRIESTER;KNABE;1
EIN ZWEITER PRIESTER;HAUSMEISTER;1
EIN ZWEITER PRIESTER;ZWEITER RÖMISCHER GESANDTER;1
EIN KRIEGER;MELKIR;1
EIN KRIEGER;HANNO;1
EIN KRIEGER;GISGON;1
EIN KRIEGER;SCIPIO DER JÜNGERE;1
EIN KRIEGER;SCIPIO DER ÄLTERE;1
EIN KRIEGER;HANNIBAL;1
EIN KRIEGER;TERENZ;1
EIN KRIEGER;KELTIBERIER;1
EIN KRIEGER;ERSTER GESANDTER;1
EIN KRIEGER;EIN VERTRAUTER DIENER MELKIRS;1
EIN KRIEGER;MARKTJUNGE;1
EIN KRIEGER;VOLK;1
EIN KRIEGER;EIN MANN;1
EIN KRIEGER;HEROLD;1
EIN KRIEGER;MARKTWEIB (4);1
EIN KRIEGER;EIN SKLAV (4);1
EIN KRIEGER;EIN VELIT;1
EIN KRIEGER;ERSTER KARTHAGISCHER ABGEODNETER;1
EIN KRIEGER;PFÖRTNER;1
EIN KRIEGER;KNABE;1
EIN KRIEGER;EIN WEIB;1
EIN KRIEGER;EIN PRIESTER;1
EIN KRIEGER;EIN ZWEITER PRIESTER;1
EIN KRIEGER;HAUSMEISTER;1
EIN KRIEGER;ZWEITER RÖMISCHER GESANDTER;1
EIN SKLAV (5);HANNIBAL;1
EIN SKLAV (5);TURNU;1
EIN SKLAV (5);PRUSIAS;1
EIN SKLAV (5);HÖFLING;1
EIN SKLAV (5);PROTOVESTIAR;1
EIN SKLAV (5);MALER;1
EIN SKLAV (5);FLAMININUS;1
HAUSMEISTER;MELKIR;1
HAUSMEISTER;SCIPIO DER JÜNGERE;1
HAUSMEISTER;SCIPIO DER ÄLTERE;1
HAUSMEISTER;TERENZ;1
HAUSMEISTER;KELTIBERIER;1
HAUSMEISTER;MARKTJUNGE;1
HAUSMEISTER;VOLK;1
HAUSMEISTER;HEROLD;1
HAUSMEISTER;MARKTWEIB (4);1
HAUSMEISTER;PFÖRTNER;1
HAUSMEISTER;KNABE;1
HAUSMEISTER;ZWEITER RÖMISCHER GESANDTER;1
PRUSIAS;TURNU;1
HÖFLING;TURNU;1
HÖFLING;PRUSIAS;1
HÖFLING;PROTOVESTIAR;1
HÖFLING;MALER;1
PROTOVESTIAR;TURNU;1
PROTOVESTIAR;PRUSIAS;1
DER LEIBPAGE;HANNIBAL;1
DER LEIBPAGE;TURNU;1
DER LEIBPAGE;EIN SKLAV (5);1
DER LEIBPAGE;PRUSIAS;1
DER LEIBPAGE;HÖFLING;1
DER LEIBPAGE;PROTOVESTIAR;1
DER LEIBPAGE;MALER;1
DER LEIBPAGE;FLAMININUS;1
MALER;TURNU;1
MALER;PRUSIAS;1
MALER;PROTOVESTIAR;1
BARRAS;DAS GEFOLG;1
BARRAS;HANNIBAL;1
BARRAS;TURNU;1
BARRAS;EIN SKLAV (5);1
BARRAS;PRUSIAS;1
BARRAS;HÖFLING;1
BARRAS;PROTOVESTIAR;1
BARRAS;DER LEIBPAGE;1
BARRAS;MALER;1
BARRAS;FLAMININUS;1
FLAMININUS;HANNIBAL;1
FLAMININUS;TURNU;1
FLAMININUS;PRUSIAS;1
FLAMININUS;HÖFLING;1
FLAMININUS;PROTOVESTIAR;1
FLAMININUS;MALER;1
