ZECH;ZUWAG;1
PLUTZERKERN;ZECH;1
PLUTZERKERN;ZUWAG;1
PLUTZERKERN;SEPHERL;1
FRIEDRICH;ZWEITER WÄCHTER;1
FRIEDRICH;ZECH;1
FRIEDRICH;ZUWAG;1
FRIEDRICH;PLUTZERKERN;1
FRIEDRICH;SEPHERL;2
FRIEDRICH;NETTEL;1
FRIEDRICH;SEPPEL;1
FRIEDRICH;RESI;1
FRIEDRICH;GOLDFUCHS;4
FRIEDRICH;JOHANN;2
FRIEDRICH;ZINS;3
ANTON;ZECH;1
ANTON;ZUWAG;1
ANTON;PLUTZERKERN;1
ANTON;FRIEDRICH;2
ANTON;SEPHERL;1
ANTON;CHRISTOPH;1
ANTON;DIE BEDIENTEN;1
SEPHERL;ZECH;1
SEPHERL;ZUWAG;1
SEPHERL;SEPPEL;6
SEPHERL;ZINS;2
SEPHERL;WERMUTH;1
SEPHERL;TRUMPF;1
CHRISTOPH;ZECH;1
CHRISTOPH;ZUWAG;1
CHRISTOPH;PLUTZERKERN;1
CHRISTOPH;FRIEDRICH;2
CHRISTOPH;SEPHERL;8
CHRISTOPH;NETTEL;5
CHRISTOPH;SEPPEL;5
CHRISTOPH;RESI;5
CHRISTOPH;GOLDFUCHS;4
CHRISTOPH;DAMIAN;3
CHRISTOPH;JOHANN;1
CHRISTOPH;SALERL;1
CHRISTOPH;SCHLUCKER;6
CHRISTOPH;ZINS;2
CHRISTOPH;EMILIE;2
CHRISTOPH;WERMUTH;1
NETTEL;SEPHERL;5
NETTEL;SEPPEL;5
NETTEL;RESI;5
NETTEL;SCHLUCKER;4
NETTEL;ZINS;2
NETTEL;WERMUTH;1
SEPPEL;ZINS;2
SEPPEL;WERMUTH;1
RESI;SEPHERL;5
RESI;SEPPEL;5
RESI;SCHLUCKER;4
RESI;ZINS;2
RESI;WERMUTH;1
GOLDFUCHS;ZWEITER WÄCHTER;1
GOLDFUCHS;SEPHERL;7
GOLDFUCHS;NETTEL;4
GOLDFUCHS;SEPPEL;5
GOLDFUCHS;RESI;4
GOLDFUCHS;JOHANN;12
GOLDFUCHS;SALERL;3
GOLDFUCHS;SCHLUCKER;7
GOLDFUCHS;ZINS;8
GOLDFUCHS;HERR VON STEINFELS;2
GOLDFUCHS;WERMUTH;2
GOLDFUCHS;GROB;1
GOLDFUCHS;TRUMPF;1
DAMIAN;FRIEDRICH;1
DAMIAN;SEPHERL;11
DAMIAN;NETTEL;2
DAMIAN;SEPPEL;3
DAMIAN;RESI;2
DAMIAN;GOLDFUCHS;8
DAMIAN;JOHANN;11
DAMIAN;SALERL;6
DAMIAN;SCHLUCKER;19
DAMIAN;ZINS;2
DAMIAN;EMILIE;5
DAMIAN;FANNY;5
DAMIAN;HERR VON STEINFELS;1
DAMIAN;DIE GESELLSCHAFT;1
DAMIAN;FRANÇOIS;1
DAMIAN;MERIDON;3
DAMIAN;WILM;1
DAMIAN;WERMUTH;2
DAMIAN;EIN HERR;1
DAMIAN;GROB;4
DAMIAN;TRUMPF;4
JOHANN;ZWEITER WÄCHTER;1
JOHANN;SEPHERL;4
JOHANN;NETTEL;1
JOHANN;SEPPEL;2
JOHANN;RESI;1
JOHANN;SALERL;3
JOHANN;SCHLUCKER;8
JOHANN;ZINS;3
JOHANN;MERIDON;3
JOHANN;WILM;1
JOHANN;WERMUTH;2
JOHANN;TRUMPF;1
SALERL;SEPHERL;5
SALERL;SEPPEL;1
SALERL;SCHLUCKER;2
BONBON;ZWEITER WÄCHTER;1
BONBON;FRIEDRICH;3
BONBON;SEPHERL;1
BONBON;GOLDFUCHS;7
BONBON;DAMIAN;5
BONBON;JOHANN;8
BONBON;SALERL;1
BONBON;SCHLUCKER;4
BONBON;ZINS;2
BONBON;EMILIE;3
BONBON;FANNY;3
BONBON;HERR VON STEINFELS;1
BONBON;CHOR DER GÄSTE;1
BONBON;EINIGE HERREN;1
BONBON;EIN HERR;1
BONBON;GROB;2
BONBON;TRUMPF;2
BONBON;DIE BEDIENTEN;1
BONBON;EIN WÄCHTER;1
SCHLUCKER;SEPHERL;13
SCHLUCKER;SEPPEL;5
SCHLUCKER;ZINS;4
SCHLUCKER;WILM;1
SCHLUCKER;WERMUTH;2
SCHLUCKER;TRUMPF;1
ZINS;ZWEITER WÄCHTER;1
EMILIE;SEPHERL;3
EMILIE;NETTEL;2
EMILIE;SEPPEL;3
EMILIE;RESI;2
EMILIE;GOLDFUCHS;7
EMILIE;JOHANN;7
EMILIE;SALERL;1
EMILIE;SCHLUCKER;4
EMILIE;ZINS;5
EMILIE;FANNY;10
EMILIE;FRAU VON STEINFELS;1
EMILIE;HERR VON STEINFELS;1
EMILIE;FRAU VON WACHSWEICH;1
EMILIE;HERR VON WACHSWEICH;1
FANNY;GOLDFUCHS;4
FANNY;JOHANN;7
FANNY;SALERL;1
FANNY;SCHLUCKER;2
FANNY;ZINS;2
FANNY;HERR VON STEINFELS;1
ADOLF;FRIEDRICH;1
ADOLF;SEPHERL;4
ADOLF;CHRISTOPH;1
ADOLF;GOLDFUCHS;6
ADOLF;DAMIAN;9
ADOLF;JOHANN;4
ADOLF;SALERL;3
ADOLF;BONBON;5
ADOLF;SCHLUCKER;7
ADOLF;ZINS;1
ADOLF;EMILIE;4
ADOLF;FANNY;5
ADOLF;HERR VON STEINFELS;2
ADOLF;EINIGE HERREN;1
ADOLF;EIN HERR;1
ADOLF;BEAMTER;1
FRAU VON STEINFELS;HERR VON STEINFELS;1
HERR VON STEINFELS;JOHANN;1
HERR VON STEINFELS;SCHLUCKER;1
FRAU VON WACHSWEICH;HERR VON WACHSWEICH;1
DIE GESELLSCHAFT;SEPHERL;1
DIE GESELLSCHAFT;SEPPEL;1
DIE GESELLSCHAFT;GOLDFUCHS;1
DIE GESELLSCHAFT;JOHANN;1
DIE GESELLSCHAFT;SALERL;1
DIE GESELLSCHAFT;SCHLUCKER;1
DIE GESELLSCHAFT;EMILIE;1
CHOR DER GÄSTE;SEPHERL;2
CHOR DER GÄSTE;SEPPEL;1
CHOR DER GÄSTE;GOLDFUCHS;2
CHOR DER GÄSTE;DAMIAN;2
CHOR DER GÄSTE;JOHANN;1
CHOR DER GÄSTE;SALERL;1
CHOR DER GÄSTE;SCHLUCKER;2
CHOR DER GÄSTE;EMILIE;1
CHOR DER GÄSTE;DIE GESELLSCHAFT;1
CHOR DER GÄSTE;GROB;1
CHOR DER GÄSTE;TRUMPF;1
CHOR;SEPHERL;2
CHOR;GOLDFUCHS;1
CHOR;DAMIAN;2
CHOR;JOHANN;1
CHOR;SALERL;2
CHOR;SCHLUCKER;1
CHOR;FRANÇOIS;2
CHOR;MERIDON;1
ASPIK;SEPHERL;1
ASPIK;SALERL;1
ASPIK;CHOR;1
ASPIK;FRANÇOIS;1
FRANÇOIS;SEPHERL;2
FRANÇOIS;JOHANN;1
FRANÇOIS;SALERL;1
FRANÇOIS;SCHLUCKER;1
FRANÇOIS;MERIDON;1
MERIDON;SEPHERL;1
MERIDON;SCHLUCKER;3
MERIDON;WILM;1
EINIGE HERREN;GOLDFUCHS;1
EIN HERR;GOLDFUCHS;1
EIN HERR;JOHANN;1
EIN HERR;EMILIE;1
EIN HERR;FANNY;1
GROB;SEPHERL;1
GROB;JOHANN;1
GROB;SCHLUCKER;1
GROB;TRUMPF;4
BEAMTER;SEPHERL;2
BEAMTER;DAMIAN;2
BEAMTER;SCHLUCKER;2
BEDIENTE;FRIEDRICH;2
BEDIENTE;GOLDFUCHS;1
BEDIENTE;BONBON;1
DIE BEDIENTEN;ZWEITER WÄCHTER;1
DIE BEDIENTEN;FRIEDRICH;2
DIE BEDIENTEN;GOLDFUCHS;1
DIE BEDIENTEN;JOHANN;1
DIE BEDIENTEN;ZINS;1
DIE BEDIENTEN;EIN WÄCHTER;1
EIN WÄCHTER;ZWEITER WÄCHTER;1
EIN WÄCHTER;FRIEDRICH;1
EIN WÄCHTER;GOLDFUCHS;1
EIN WÄCHTER;JOHANN;1
EIN WÄCHTER;ZINS;1
