BAUERN;KÖNIG;1
BAUERN;REIGEN;1
BAUERN;ER;1
BAUERN;SIE;1
BAUERN;VATER;1
BAUERN;EIN BAUER;1
BAUERN;TÄNZER;1
BAUERN;ERSTER JÄGER;1
BAUERN;OBERJÄGERMEISTER;1
BAUERN;ZWEITER JÄGER;1
BAUERN;DRITTER JÄGER;1
KÖNIG;NARR;2
KÖNIG;PAPHNUTIUS;1
KÖNIG;REIGEN;1
KÖNIG;SIE;1
KÖNIG;VATER;1
KÖNIG;TÄNZER;1
KÖNIG;OBERJÄGERMEISTER;1
KÖNIG;ZWEITER JÄGER;1
KÖNIG;NICOLAI;2
KÖNIG;RALF;2
KÖNIG;OFFIZIER;1
KÖNIG;SOLDATEN;1
KÖNIG;WILLIBALD;2
KÖNIG;MATHILDE;2
KÖNIG;ZWEITER SOLDAT;1
KÖNIG;VIERTER SOLDAT;1
KÖNIG;ZWEITER DIENER;1
KÖNIG;VIERTER DIENER;1
KÖNIG;SECHSTER DIENER;1
KÖNIG;WÄCHTER;1
KÖNIG;STIMMEN;2
NARR;PAPHNUTIUS;3
NARR;ZWEITER BÜRGER;1
NARR;VIERTER BÜRGER;1
NARR;SECHSTER BÜRGER;1
NARR;SIEBENTER BÜRGER;1
NARR;NEUNTER BÜRGER;1
NARR;ZEHNTER BÜRGER;1
NARR;NICOLAI;1
NARR;RALF;1
NARR;WILLIBALD;1
NARR;ZWEITER DIENER;1
NARR;VIERTER DIENER;1
NARR;SECHSTER DIENER;1
NARR;WÄCHTER;1
NARR;STIMMEN;1
BÜRGERMEISTER;NARR;1
BÜRGERMEISTER;PAPHNUTIUS;1
BÜRGERMEISTER;ERSTER BÜRGER;1
BÜRGERMEISTER;ZWEITER BÜRGER;1
BÜRGERMEISTER;DRITTER BÜRGER;1
BÜRGERMEISTER;VIERTER BÜRGER;1
BÜRGERMEISTER;SECHSTER BÜRGER;1
BÜRGERMEISTER;FÜNFTER BÜRGER;1
BÜRGERMEISTER;SIEBENTER BÜRGER;1
BÜRGERMEISTER;GYMNASIAST;1
BÜRGERMEISTER;NEUNTER BÜRGER;1
BÜRGERMEISTER;ZEHNTER BÜRGER;1
PAPHNUTIUS;ZWEITER BÜRGER;1
PAPHNUTIUS;VIERTER BÜRGER;1
PAPHNUTIUS;SECHSTER BÜRGER;1
PAPHNUTIUS;SIEBENTER BÜRGER;1
PAPHNUTIUS;ZEHNTER BÜRGER;1
PAPHNUTIUS;RALF;1
PAPHNUTIUS;WILLIBALD;1
PAPHNUTIUS;ZWEITER DIENER;1
PAPHNUTIUS;VIERTER DIENER;1
PAPHNUTIUS;SECHSTER DIENER;1
PAPHNUTIUS;WÄCHTER;1
PAPHNUTIUS;STIMMEN;1
ERSTER BÜRGER;NARR;1
ERSTER BÜRGER;PAPHNUTIUS;1
ERSTER BÜRGER;ZWEITER BÜRGER;1
ERSTER BÜRGER;VIERTER BÜRGER;1
ERSTER BÜRGER;SECHSTER BÜRGER;1
ERSTER BÜRGER;FÜNFTER BÜRGER;1
ERSTER BÜRGER;SIEBENTER BÜRGER;1
ERSTER BÜRGER;GYMNASIAST;1
ERSTER BÜRGER;NEUNTER BÜRGER;1
ERSTER BÜRGER;ZEHNTER BÜRGER;1
DRITTER BÜRGER;NARR;1
DRITTER BÜRGER;PAPHNUTIUS;1
DRITTER BÜRGER;ERSTER BÜRGER;1
DRITTER BÜRGER;ZWEITER BÜRGER;1
DRITTER BÜRGER;VIERTER BÜRGER;1
DRITTER BÜRGER;SECHSTER BÜRGER;1
DRITTER BÜRGER;FÜNFTER BÜRGER;1
DRITTER BÜRGER;SIEBENTER BÜRGER;1
DRITTER BÜRGER;GYMNASIAST;1
DRITTER BÜRGER;NEUNTER BÜRGER;1
DRITTER BÜRGER;ZEHNTER BÜRGER;1
VIERTER BÜRGER;ZWEITER BÜRGER;1
VIERTER BÜRGER;ZEHNTER BÜRGER;1
SECHSTER BÜRGER;ZWEITER BÜRGER;1
SECHSTER BÜRGER;VIERTER BÜRGER;1
SECHSTER BÜRGER;SIEBENTER BÜRGER;1
SECHSTER BÜRGER;ZEHNTER BÜRGER;1
ANDRER BÜRGER;NARR;1
ANDRER BÜRGER;BÜRGERMEISTER;1
ANDRER BÜRGER;PAPHNUTIUS;1
ANDRER BÜRGER;ERSTER BÜRGER;1
ANDRER BÜRGER;ZWEITER BÜRGER;1
ANDRER BÜRGER;DRITTER BÜRGER;1
ANDRER BÜRGER;VIERTER BÜRGER;1
ANDRER BÜRGER;SECHSTER BÜRGER;1
ANDRER BÜRGER;FÜNFTER BÜRGER;1
ANDRER BÜRGER;SIEBENTER BÜRGER;1
ANDRER BÜRGER;GYMNASIAST;1
ANDRER BÜRGER;NEUNTER BÜRGER;1
ANDRER BÜRGER;ZEHNTER BÜRGER;1
FÜNFTER BÜRGER;NARR;1
FÜNFTER BÜRGER;PAPHNUTIUS;1
FÜNFTER BÜRGER;ZWEITER BÜRGER;1
FÜNFTER BÜRGER;VIERTER BÜRGER;1
FÜNFTER BÜRGER;SECHSTER BÜRGER;1
FÜNFTER BÜRGER;SIEBENTER BÜRGER;1
FÜNFTER BÜRGER;GYMNASIAST;1
FÜNFTER BÜRGER;NEUNTER BÜRGER;1
FÜNFTER BÜRGER;ZEHNTER BÜRGER;1
SIEBENTER BÜRGER;ZWEITER BÜRGER;1
SIEBENTER BÜRGER;VIERTER BÜRGER;1
SIEBENTER BÜRGER;ZEHNTER BÜRGER;1
ACHTER BÜRGER;NARR;1
ACHTER BÜRGER;BÜRGERMEISTER;1
ACHTER BÜRGER;PAPHNUTIUS;1
ACHTER BÜRGER;ERSTER BÜRGER;1
ACHTER BÜRGER;ZWEITER BÜRGER;1
ACHTER BÜRGER;DRITTER BÜRGER;1
ACHTER BÜRGER;VIERTER BÜRGER;1
ACHTER BÜRGER;SECHSTER BÜRGER;1
ACHTER BÜRGER;ANDRER BÜRGER;1
ACHTER BÜRGER;FÜNFTER BÜRGER;1
ACHTER BÜRGER;SIEBENTER BÜRGER;1
ACHTER BÜRGER;GYMNASIAST;1
ACHTER BÜRGER;NEUNTER BÜRGER;1
ACHTER BÜRGER;ZEHNTER BÜRGER;1
GYMNASIAST;NARR;1
GYMNASIAST;PAPHNUTIUS;1
GYMNASIAST;ZWEITER BÜRGER;1
GYMNASIAST;VIERTER BÜRGER;1
GYMNASIAST;SECHSTER BÜRGER;1
GYMNASIAST;SIEBENTER BÜRGER;1
GYMNASIAST;NEUNTER BÜRGER;1
GYMNASIAST;ZEHNTER BÜRGER;1
NEUNTER BÜRGER;PAPHNUTIUS;1
NEUNTER BÜRGER;ZWEITER BÜRGER;1
NEUNTER BÜRGER;VIERTER BÜRGER;1
NEUNTER BÜRGER;SECHSTER BÜRGER;1
NEUNTER BÜRGER;SIEBENTER BÜRGER;1
NEUNTER BÜRGER;ZEHNTER BÜRGER;1
ZEHNTER BÜRGER;ZWEITER BÜRGER;1
REIGEN;SIE;1
REIGEN;VATER;1
REIGEN;TÄNZER;1
REIGEN;ZWEITER JÄGER;1
ER;KÖNIG;1
ER;REIGEN;1
ER;SIE;1
ER;VATER;1
ER;TÄNZER;1
ER;ERSTER JÄGER;1
ER;OBERJÄGERMEISTER;1
ER;ZWEITER JÄGER;1
SIE;VATER;1
SIE;TÄNZER;1
SIE;ZWEITER JÄGER;1
VATER;ZWEITER JÄGER;1
EIN BAUER;KÖNIG;1
EIN BAUER;REIGEN;1
EIN BAUER;ER;1
EIN BAUER;SIE;1
EIN BAUER;VATER;1
EIN BAUER;TÄNZER;1
EIN BAUER;ERSTER JÄGER;1
EIN BAUER;OBERJÄGERMEISTER;1
EIN BAUER;ZWEITER JÄGER;1
TÄNZER;VATER;1
TÄNZER;ZWEITER JÄGER;1
ERSTER JÄGER;KÖNIG;1
ERSTER JÄGER;REIGEN;1
ERSTER JÄGER;SIE;1
ERSTER JÄGER;VATER;1
ERSTER JÄGER;TÄNZER;1
ERSTER JÄGER;OBERJÄGERMEISTER;1
ERSTER JÄGER;ZWEITER JÄGER;1
OBERJÄGERMEISTER;REIGEN;1
OBERJÄGERMEISTER;SIE;1
OBERJÄGERMEISTER;VATER;1
OBERJÄGERMEISTER;TÄNZER;1
OBERJÄGERMEISTER;ZWEITER JÄGER;1
DRITTER JÄGER;KÖNIG;1
DRITTER JÄGER;REIGEN;1
DRITTER JÄGER;ER;1
DRITTER JÄGER;SIE;1
DRITTER JÄGER;VATER;1
DRITTER JÄGER;EIN BAUER;1
DRITTER JÄGER;TÄNZER;1
DRITTER JÄGER;ERSTER JÄGER;1
DRITTER JÄGER;OBERJÄGERMEISTER;1
DRITTER JÄGER;ZWEITER JÄGER;1
KRIEGSGESANG;NICOLAI;1
KRIEGSGESANG;SEBALDUS NOTHANKER;1
BIESTER;KÖNIG;1
BIESTER;KRIEGSGESANG;1
BIESTER;NICOLAI;2
BIESTER;SEBALDUS NOTHANKER;1
BIESTER;GESANG;2
BIESTER;RALF;1
BIESTER;KUNZ;1
BIESTER;OFFIZIER;1
BIESTER;SOLDATEN;1
BIESTER;DIE BLAUE;1
BIESTER;FREIMUND;1
BIESTER;WILLIBALD;1
BIESTER;DRAUSSEN;1
BIESTER;MATHILDE;1
BIESTER;DIE SCHLEPPTRAGENDEN JÜNGLINGE;1
BIESTER;ERSTER SOLDAT;1
BIESTER;ZWEITER SOLDAT;1
BIESTER;DRITTER SOLDAT;1
BIESTER;VIERTER SOLDAT;1
BIESTER;STIMMEN;1
NICOLAI;PAPHNUTIUS;1
NICOLAI;SEBALDUS NOTHANKER;1
NICOLAI;RALF;2
NICOLAI;OFFIZIER;1
NICOLAI;SOLDATEN;1
NICOLAI;WILLIBALD;2
NICOLAI;ZWEITER SOLDAT;1
NICOLAI;VIERTER SOLDAT;1
NICOLAI;ZWEITER DIENER;1
NICOLAI;VIERTER DIENER;1
NICOLAI;SECHSTER DIENER;1
NICOLAI;WÄCHTER;1
NICOLAI;STIMMEN;2
GESANG;KÖNIG;1
GESANG;KRIEGSGESANG;1
GESANG;NICOLAI;2
GESANG;SEBALDUS NOTHANKER;1
GESANG;RALF;1
GESANG;KUNZ;1
GESANG;OFFIZIER;1
GESANG;SOLDATEN;1
GESANG;WILLIBALD;1
GESANG;MATHILDE;1
GESANG;ZWEITER SOLDAT;1
GESANG;VIERTER SOLDAT;1
GESANG;STIMMEN;1
RALF;SOLDATEN;1
RALF;WILLIBALD;2
RALF;ZWEITER SOLDAT;1
RALF;VIERTER SOLDAT;1
RALF;ZWEITER DIENER;1
RALF;VIERTER DIENER;1
RALF;SECHSTER DIENER;1
RALF;WÄCHTER;1
RALF;STIMMEN;2
KUNZ;KÖNIG;2
KUNZ;NARR;1
KUNZ;PAPHNUTIUS;1
KUNZ;NICOLAI;2
KUNZ;RALF;2
KUNZ;OFFIZIER;1
KUNZ;SOLDATEN;1
KUNZ;WILLIBALD;2
KUNZ;MATHILDE;2
KUNZ;ZWEITER SOLDAT;1
KUNZ;VIERTER SOLDAT;1
KUNZ;ZWEITER DIENER;1
KUNZ;VIERTER DIENER;1
KUNZ;SECHSTER DIENER;1
KUNZ;WÄCHTER;1
KUNZ;STIMMEN;2
OFFIZIER;RALF;1
OFFIZIER;SOLDATEN;1
OFFIZIER;WILLIBALD;1
OFFIZIER;ZWEITER SOLDAT;1
OFFIZIER;VIERTER SOLDAT;1
OFFIZIER;STIMMEN;1
SOLDATEN;WILLIBALD;1
SOLDATEN;ZWEITER SOLDAT;1
SOLDATEN;VIERTER SOLDAT;1
SOLDATEN;STIMMEN;1
DIE BLAUE;KÖNIG;1
DIE BLAUE;NICOLAI;1
DIE BLAUE;GESANG;1
DIE BLAUE;RALF;1
DIE BLAUE;KUNZ;1
DIE BLAUE;OFFIZIER;1
DIE BLAUE;SOLDATEN;1
DIE BLAUE;FREIMUND;1
DIE BLAUE;WILLIBALD;1
DIE BLAUE;DRAUSSEN;1
DIE BLAUE;MATHILDE;1
DIE BLAUE;DIE SCHLEPPTRAGENDEN JÜNGLINGE;1
DIE BLAUE;ERSTER SOLDAT;1
DIE BLAUE;ZWEITER SOLDAT;1
DIE BLAUE;DRITTER SOLDAT;1
DIE BLAUE;VIERTER SOLDAT;1
DIE BLAUE;STIMMEN;1
FREIMUND;KÖNIG;2
FREIMUND;NARR;2
FREIMUND;PAPHNUTIUS;2
FREIMUND;NICOLAI;2
FREIMUND;GESANG;1
FREIMUND;RALF;2
FREIMUND;KUNZ;2
FREIMUND;OFFIZIER;1
FREIMUND;SOLDATEN;1
FREIMUND;WILLIBALD;2
FREIMUND;MATHILDE;2
FREIMUND;ZWEITER SOLDAT;1
FREIMUND;VIERTER SOLDAT;1
FREIMUND;ZWEITER DIENER;1
FREIMUND;VIERTER DIENER;1
FREIMUND;FÜNFTER DIENER;1
FREIMUND;SECHSTER DIENER;1
FREIMUND;WÄCHTER;1
FREIMUND;STIMMEN;2
FREIMUND;GENERAL;1
WILLIBALD;ZWEITER SOLDAT;1
WILLIBALD;ZWEITER DIENER;1
WILLIBALD;WÄCHTER;1
DRAUSSEN;KÖNIG;1
DRAUSSEN;NICOLAI;1
DRAUSSEN;GESANG;1
DRAUSSEN;RALF;1
DRAUSSEN;KUNZ;1
DRAUSSEN;OFFIZIER;1
DRAUSSEN;SOLDATEN;1
DRAUSSEN;FREIMUND;1
DRAUSSEN;WILLIBALD;1
DRAUSSEN;MATHILDE;1
DRAUSSEN;ERSTER SOLDAT;1
DRAUSSEN;ZWEITER SOLDAT;1
DRAUSSEN;DRITTER SOLDAT;1
DRAUSSEN;VIERTER SOLDAT;1
DRAUSSEN;STIMMEN;1
MATHILDE;NARR;1
MATHILDE;PAPHNUTIUS;1
MATHILDE;NICOLAI;2
MATHILDE;RALF;2
MATHILDE;OFFIZIER;1
MATHILDE;SOLDATEN;1
MATHILDE;WILLIBALD;2
MATHILDE;ZWEITER SOLDAT;1
MATHILDE;VIERTER SOLDAT;1
MATHILDE;ZWEITER DIENER;1
MATHILDE;VIERTER DIENER;1
MATHILDE;SECHSTER DIENER;1
MATHILDE;WÄCHTER;1
MATHILDE;STIMMEN;2
DIE SCHLEPPTRAGENDEN JÜNGLINGE;KÖNIG;1
DIE SCHLEPPTRAGENDEN JÜNGLINGE;NICOLAI;1
DIE SCHLEPPTRAGENDEN JÜNGLINGE;GESANG;1
DIE SCHLEPPTRAGENDEN JÜNGLINGE;RALF;1
DIE SCHLEPPTRAGENDEN JÜNGLINGE;KUNZ;1
DIE SCHLEPPTRAGENDEN JÜNGLINGE;OFFIZIER;1
DIE SCHLEPPTRAGENDEN JÜNGLINGE;SOLDATEN;1
DIE SCHLEPPTRAGENDEN JÜNGLINGE;FREIMUND;1
DIE SCHLEPPTRAGENDEN JÜNGLINGE;WILLIBALD;1
DIE SCHLEPPTRAGENDEN JÜNGLINGE;DRAUSSEN;1
DIE SCHLEPPTRAGENDEN JÜNGLINGE;MATHILDE;1
DIE SCHLEPPTRAGENDEN JÜNGLINGE;ERSTER SOLDAT;1
DIE SCHLEPPTRAGENDEN JÜNGLINGE;ZWEITER SOLDAT;1
DIE SCHLEPPTRAGENDEN JÜNGLINGE;DRITTER SOLDAT;1
DIE SCHLEPPTRAGENDEN JÜNGLINGE;VIERTER SOLDAT;1
DIE SCHLEPPTRAGENDEN JÜNGLINGE;STIMMEN;1
ERSTER SOLDAT;KÖNIG;1
ERSTER SOLDAT;NICOLAI;1
ERSTER SOLDAT;GESANG;1
ERSTER SOLDAT;RALF;1
ERSTER SOLDAT;KUNZ;1
ERSTER SOLDAT;OFFIZIER;1
ERSTER SOLDAT;SOLDATEN;1
ERSTER SOLDAT;FREIMUND;1
ERSTER SOLDAT;WILLIBALD;1
ERSTER SOLDAT;MATHILDE;1
ERSTER SOLDAT;ZWEITER SOLDAT;1
ERSTER SOLDAT;VIERTER SOLDAT;1
ERSTER SOLDAT;STIMMEN;1
DRITTER SOLDAT;KÖNIG;1
DRITTER SOLDAT;NICOLAI;1
DRITTER SOLDAT;GESANG;1
DRITTER SOLDAT;RALF;1
DRITTER SOLDAT;KUNZ;1
DRITTER SOLDAT;OFFIZIER;1
DRITTER SOLDAT;SOLDATEN;1
DRITTER SOLDAT;FREIMUND;1
DRITTER SOLDAT;WILLIBALD;1
DRITTER SOLDAT;MATHILDE;1
DRITTER SOLDAT;ERSTER SOLDAT;1
DRITTER SOLDAT;ZWEITER SOLDAT;1
DRITTER SOLDAT;VIERTER SOLDAT;1
DRITTER SOLDAT;STIMMEN;1
VIERTER SOLDAT;WILLIBALD;1
VIERTER SOLDAT;ZWEITER SOLDAT;1
COLOMBINE;KÖNIG;1
COLOMBINE;NARR;2
COLOMBINE;PAPHNUTIUS;2
COLOMBINE;NICOLAI;1
COLOMBINE;RALF;1
COLOMBINE;KUNZ;1
COLOMBINE;FREIMUND;2
COLOMBINE;WILLIBALD;1
COLOMBINE;MATHILDE;1
COLOMBINE;ERSTER DIENER;1
COLOMBINE;ZWEITER DIENER;1
COLOMBINE;DRITTER DIENER;1
COLOMBINE;VIERTER DIENER;1
COLOMBINE;FÜNFTER DIENER;1
COLOMBINE;SECHSTER DIENER;1
COLOMBINE;WÄCHTER;1
COLOMBINE;STIMMEN;1
COLOMBINE;GENERAL;1
ERSTER DIENER;KÖNIG;1
ERSTER DIENER;NARR;1
ERSTER DIENER;PAPHNUTIUS;1
ERSTER DIENER;NICOLAI;1
ERSTER DIENER;RALF;1
ERSTER DIENER;KUNZ;1
ERSTER DIENER;FREIMUND;1
ERSTER DIENER;WILLIBALD;1
ERSTER DIENER;MATHILDE;1
ERSTER DIENER;ZWEITER DIENER;1
ERSTER DIENER;VIERTER DIENER;1
ERSTER DIENER;FÜNFTER DIENER;1
ERSTER DIENER;SECHSTER DIENER;1
ERSTER DIENER;WÄCHTER;1
ERSTER DIENER;STIMMEN;1
ERSTER DIENER;GENERAL;1
DRITTER DIENER;KÖNIG;1
DRITTER DIENER;NARR;1
DRITTER DIENER;PAPHNUTIUS;1
DRITTER DIENER;NICOLAI;1
DRITTER DIENER;RALF;1
DRITTER DIENER;KUNZ;1
DRITTER DIENER;FREIMUND;1
DRITTER DIENER;WILLIBALD;1
DRITTER DIENER;MATHILDE;1
DRITTER DIENER;ERSTER DIENER;1
DRITTER DIENER;ZWEITER DIENER;1
DRITTER DIENER;VIERTER DIENER;1
DRITTER DIENER;FÜNFTER DIENER;1
DRITTER DIENER;SECHSTER DIENER;1
DRITTER DIENER;WÄCHTER;1
DRITTER DIENER;STIMMEN;1
DRITTER DIENER;GENERAL;1
VIERTER DIENER;WILLIBALD;1
VIERTER DIENER;ZWEITER DIENER;1
VIERTER DIENER;WÄCHTER;1
FÜNFTER DIENER;KÖNIG;1
FÜNFTER DIENER;NARR;1
FÜNFTER DIENER;PAPHNUTIUS;1
FÜNFTER DIENER;NICOLAI;1
FÜNFTER DIENER;RALF;1
FÜNFTER DIENER;KUNZ;1
FÜNFTER DIENER;WILLIBALD;1
FÜNFTER DIENER;MATHILDE;1
FÜNFTER DIENER;ZWEITER DIENER;1
FÜNFTER DIENER;VIERTER DIENER;1
FÜNFTER DIENER;SECHSTER DIENER;1
FÜNFTER DIENER;WÄCHTER;1
FÜNFTER DIENER;STIMMEN;1
FÜNFTER DIENER;GENERAL;1
SECHSTER DIENER;WILLIBALD;1
SECHSTER DIENER;ZWEITER DIENER;1
SECHSTER DIENER;VIERTER DIENER;1
SECHSTER DIENER;WÄCHTER;1
SECHSTER DIENER;STIMMEN;1
WÄCHTER;ZWEITER DIENER;1
STIMMEN;WILLIBALD;2
STIMMEN;ZWEITER SOLDAT;1
STIMMEN;VIERTER SOLDAT;1
STIMMEN;ZWEITER DIENER;1
STIMMEN;VIERTER DIENER;1
STIMMEN;WÄCHTER;1
GENERAL;KÖNIG;1
GENERAL;NARR;1
GENERAL;PAPHNUTIUS;1
GENERAL;NICOLAI;1
GENERAL;RALF;1
GENERAL;KUNZ;1
GENERAL;WILLIBALD;1
GENERAL;MATHILDE;1
GENERAL;ZWEITER DIENER;1
GENERAL;VIERTER DIENER;1
GENERAL;SECHSTER DIENER;1
GENERAL;WÄCHTER;1
GENERAL;STIMMEN;1
