BARUCH;URIEL;1
DE SILVA;JOCHAI;10
DE SILVA;DIENER;2
DE SILVA;URIEL;7
DE SILVA;SANTOS;6
DE SILVA;MANASSE;5
DE SILVA;JUDITH;4
DE SILVA;EMBDEN;2
JOCHAI;URIEL;6
JOCHAI;SANTOS;4
JOCHAI;MANASSE;4
JOCHAI;JUDITH;5
DIENER;JOCHAI;1
DIENER;URIEL;1
DIENER;SANTOS;1
SANTOS;URIEL;6
MANASSE;URIEL;3
MANASSE;SANTOS;2
MANASSE;SIMON;2
SIMON;URIEL;1
JUDITH;URIEL;6
JUDITH;SANTOS;2
JUDITH;MANASSE;7
JUDITH;SIMON;1
RUBEN;URIEL;3
RUBEN;SANTOS;1
ESTHER;URIEL;2
ESTHER;JUDITH;1
ESTHER;RUBEN;1
ESTHER;JOEL;2
JOEL;URIEL;2
JOEL;JUDITH;1
JOEL;RUBEN;1
AKIBA;DE SILVA;1
AKIBA;URIEL;1
AKIBA;SANTOS;1
AKIBA;EMBDEN;1
EMBDEN;JOCHAI;1
EMBDEN;URIEL;2
EMBDEN;SANTOS;2
