ANDERE;KLESEL;1
ANDERE;MATHIAS;1
ANDERE;ERZHERZOG FERDINAND;1
ANDERE;MEHRERE;1
ANDERE;EIN DIENER;1
ANDERE;HERZOG JULIUS;1
ANDERE;VOLK;1
ANDERE;KÄMMERLING;1
ANDERE;SEYFRIED BREUNER;1
ANDERE;WALLENSTEIN;1
ANDERE;EINIGE;1
GERICHTSPERSON;RUSSWORM;1
GERICHTSPERSON;PROKOP;1
GERICHTSPERSON;KLESEL;1
GERICHTSPERSON;KÄMMERER;1
GERICHTSPERSON;MATHIAS;1
GERICHTSPERSON;WOLFGANG RUMPF;1
GERICHTSPERSON;RUDOLF;1
DON CÄSAR;GERICHTSPERSON;1
DON CÄSAR;RUSSWORM;1
DON CÄSAR;PROKOP;3
DON CÄSAR;KLESEL;2
DON CÄSAR;KÄMMERER;1
DON CÄSAR;MATHIAS;2
DON CÄSAR;WOLFGANG RUMPF;2
DON CÄSAR;RUDOLF;2
DON CÄSAR;ERZHERZOG FERDINAND;3
DON CÄSAR;ERZHERZOG LEOPOLD;2
DON CÄSAR;EIN HAUPTMANN;2
DON CÄSAR;FAHNENTRÄGER;1
DON CÄSAR;MEHRERE IM TRUPP;1
DON CÄSAR;EIN SOLDAT;1
DON CÄSAR;ZWEI KÜRASSIERE;1
DON CÄSAR;KÜRASSIER;1
DON CÄSAR;ZWEITER SOLDAT;1
DON CÄSAR;MEHRERE;1
DON CÄSAR;RINGS HERUM;1
DON CÄSAR;GESCHREI;1
DON CÄSAR;MAXIMILIAN;2
DON CÄSAR;OBERST RAMEE;2
DON CÄSAR;EIN DIENER;1
DON CÄSAR;DRITTER SOLDAT;1
DON CÄSAR;LUKREZIA;2
DON CÄSAR;HERZOG JULIUS;1
DON CÄSAR;GRAF THURN;1
DON CÄSAR;SCHLICK;1
DON CÄSAR;EIN BÜRGER;1
DON CÄSAR;HINTER DER SZENE;1
RUSSWORM;WOLFGANG RUMPF;1
PROKOP;RUSSWORM;1
PROKOP;WOLFGANG RUMPF;3
PROKOP;RUDOLF;3
PROKOP;ZWEI KÜRASSIERE;1
PROKOP;ZWEITER SOLDAT;2
PROKOP;RINGS HERUM;1
PROKOP;SCHLICK;2
PROKOP;VOLK;1
KLESEL;RUSSWORM;1
KLESEL;PROKOP;3
KLESEL;KÄMMERER;1
KLESEL;MATHIAS;3
KLESEL;WOLFGANG RUMPF;2
KLESEL;RUDOLF;2
KLESEL;MEHRERE IM TRUPP;1
KLESEL;ZWEI KÜRASSIERE;1
KLESEL;KÜRASSIER;1
KLESEL;ZWEITER SOLDAT;2
KLESEL;MEHRERE;2
KLESEL;RINGS HERUM;1
KLESEL;MAXIMILIAN;1
KLESEL;OBERST RAMEE;2
KLESEL;LUKREZIA;1
KLESEL;SCHLICK;1
KLESEL;VOLK;2
KLESEL;KÄMMERLING;1
KLESEL;SEYFRIED BREUNER;1
KLESEL;WALLENSTEIN;1
KÄMMERER;RUSSWORM;1
KÄMMERER;PROKOP;1
KÄMMERER;MATHIAS;1
KÄMMERER;WOLFGANG RUMPF;1
KÄMMERER;RUDOLF;1
MATHIAS;RUSSWORM;1
MATHIAS;PROKOP;2
MATHIAS;WOLFGANG RUMPF;1
MATHIAS;RUDOLF;1
MATHIAS;MEHRERE IM TRUPP;1
MATHIAS;ZWEI KÜRASSIERE;1
MATHIAS;ZWEITER SOLDAT;1
MATHIAS;MEHRERE;2
MATHIAS;RINGS HERUM;1
MATHIAS;MAXIMILIAN;1
MATHIAS;OBERST RAMEE;1
MATHIAS;VOLK;1
MATHIAS;SEYFRIED BREUNER;1
MATHIAS;WALLENSTEIN;1
WOLFGANG RUMPF;ZWEITER SOLDAT;1
RUDOLF;RUSSWORM;1
RUDOLF;WOLFGANG RUMPF;3
RUDOLF;ZWEITER SOLDAT;1
RUDOLF;SCHLICK;2
RUDOLF;VOLK;1
ERZHERZOG FERDINAND;GERICHTSPERSON;1
ERZHERZOG FERDINAND;RUSSWORM;1
ERZHERZOG FERDINAND;PROKOP;3
ERZHERZOG FERDINAND;KLESEL;3
ERZHERZOG FERDINAND;KÄMMERER;1
ERZHERZOG FERDINAND;MATHIAS;3
ERZHERZOG FERDINAND;WOLFGANG RUMPF;2
ERZHERZOG FERDINAND;RUDOLF;2
ERZHERZOG FERDINAND;ERZHERZOG LEOPOLD;2
ERZHERZOG FERDINAND;FAHNENTRÄGER;1
ERZHERZOG FERDINAND;MEHRERE IM TRUPP;1
ERZHERZOG FERDINAND;ZWEI KÜRASSIERE;1
ERZHERZOG FERDINAND;KÜRASSIER;1
ERZHERZOG FERDINAND;ZWEITER SOLDAT;1
ERZHERZOG FERDINAND;MEHRERE;2
ERZHERZOG FERDINAND;RINGS HERUM;1
ERZHERZOG FERDINAND;GESCHREI;1
ERZHERZOG FERDINAND;MAXIMILIAN;2
ERZHERZOG FERDINAND;OBERST RAMEE;2
ERZHERZOG FERDINAND;LUKREZIA;2
ERZHERZOG FERDINAND;HERZOG JULIUS;2
ERZHERZOG FERDINAND;GRAF THURN;1
ERZHERZOG FERDINAND;SCHLICK;1
ERZHERZOG FERDINAND;VOLK;1
ERZHERZOG FERDINAND;HINTER DER SZENE;1
ERZHERZOG FERDINAND;KÄMMERLING;1
ERZHERZOG FERDINAND;SEYFRIED BREUNER;1
ERZHERZOG FERDINAND;WALLENSTEIN;1
ERZHERZOG LEOPOLD;GERICHTSPERSON;1
ERZHERZOG LEOPOLD;RUSSWORM;1
ERZHERZOG LEOPOLD;PROKOP;3
ERZHERZOG LEOPOLD;KLESEL;3
ERZHERZOG LEOPOLD;KÄMMERER;1
ERZHERZOG LEOPOLD;MATHIAS;2
ERZHERZOG LEOPOLD;WOLFGANG RUMPF;2
ERZHERZOG LEOPOLD;RUDOLF;2
ERZHERZOG LEOPOLD;FAHNENTRÄGER;1
ERZHERZOG LEOPOLD;MEHRERE IM TRUPP;1
ERZHERZOG LEOPOLD;ZWEI KÜRASSIERE;1
ERZHERZOG LEOPOLD;KÜRASSIER;1
ERZHERZOG LEOPOLD;ZWEITER SOLDAT;2
ERZHERZOG LEOPOLD;MEHRERE;1
ERZHERZOG LEOPOLD;RINGS HERUM;1
ERZHERZOG LEOPOLD;GESCHREI;1
ERZHERZOG LEOPOLD;MAXIMILIAN;1
ERZHERZOG LEOPOLD;OBERST RAMEE;2
ERZHERZOG LEOPOLD;LUKREZIA;1
ERZHERZOG LEOPOLD;HERZOG JULIUS;1
ERZHERZOG LEOPOLD;GRAF THURN;1
ERZHERZOG LEOPOLD;SCHLICK;1
ERZHERZOG LEOPOLD;VOLK;1
EIN HAUPTMANN;PROKOP;2
EIN HAUPTMANN;KLESEL;1
EIN HAUPTMANN;MATHIAS;1
EIN HAUPTMANN;WOLFGANG RUMPF;1
EIN HAUPTMANN;RUDOLF;1
EIN HAUPTMANN;ERZHERZOG FERDINAND;2
EIN HAUPTMANN;ERZHERZOG LEOPOLD;1
EIN HAUPTMANN;FAHNENTRÄGER;1
EIN HAUPTMANN;MEHRERE IM TRUPP;1
EIN HAUPTMANN;EIN SOLDAT;1
EIN HAUPTMANN;ZWEI KÜRASSIERE;1
EIN HAUPTMANN;KÜRASSIER;1
EIN HAUPTMANN;ZWEITER SOLDAT;1
EIN HAUPTMANN;MEHRERE;1
EIN HAUPTMANN;RINGS HERUM;1
EIN HAUPTMANN;GESCHREI;1
EIN HAUPTMANN;MAXIMILIAN;2
EIN HAUPTMANN;OBERST RAMEE;2
EIN HAUPTMANN;LUKREZIA;2
EIN HAUPTMANN;HERZOG JULIUS;1
EIN HAUPTMANN;GRAF THURN;1
EIN HAUPTMANN;SCHLICK;1
EIN HAUPTMANN;HINTER DER SZENE;1
FAHNENTRÄGER;PROKOP;1
FAHNENTRÄGER;KLESEL;1
FAHNENTRÄGER;MATHIAS;1
FAHNENTRÄGER;MEHRERE IM TRUPP;1
FAHNENTRÄGER;ZWEI KÜRASSIERE;1
FAHNENTRÄGER;KÜRASSIER;1
FAHNENTRÄGER;ZWEITER SOLDAT;1
FAHNENTRÄGER;MEHRERE;1
FAHNENTRÄGER;RINGS HERUM;1
FAHNENTRÄGER;GESCHREI;1
FAHNENTRÄGER;MAXIMILIAN;1
FAHNENTRÄGER;OBERST RAMEE;1
FAHNENTRÄGER;LUKREZIA;1
MEHRERE IM TRUPP;PROKOP;1
MEHRERE IM TRUPP;ZWEI KÜRASSIERE;1
MEHRERE IM TRUPP;ZWEITER SOLDAT;1
MEHRERE IM TRUPP;RINGS HERUM;1
MEHRERE IM TRUPP;OBERST RAMEE;1
EIN SOLDAT;PROKOP;1
EIN SOLDAT;KLESEL;1
EIN SOLDAT;MATHIAS;1
EIN SOLDAT;ERZHERZOG FERDINAND;1
EIN SOLDAT;ERZHERZOG LEOPOLD;1
EIN SOLDAT;FAHNENTRÄGER;1
EIN SOLDAT;MEHRERE IM TRUPP;1
EIN SOLDAT;ZWEI KÜRASSIERE;1
EIN SOLDAT;KÜRASSIER;1
EIN SOLDAT;ZWEITER SOLDAT;1
EIN SOLDAT;MEHRERE;1
EIN SOLDAT;RINGS HERUM;1
EIN SOLDAT;GESCHREI;1
EIN SOLDAT;MAXIMILIAN;1
EIN SOLDAT;OBERST RAMEE;1
EIN SOLDAT;LUKREZIA;1
ZWEI KÜRASSIERE;ZWEITER SOLDAT;1
KÜRASSIER;PROKOP;1
KÜRASSIER;MATHIAS;1
KÜRASSIER;MEHRERE IM TRUPP;1
KÜRASSIER;ZWEI KÜRASSIERE;1
KÜRASSIER;ZWEITER SOLDAT;1
KÜRASSIER;MEHRERE;1
KÜRASSIER;RINGS HERUM;1
KÜRASSIER;MAXIMILIAN;1
KÜRASSIER;OBERST RAMEE;1
KÜRASSIER;LUKREZIA;1
MEHRERE;PROKOP;1
MEHRERE;MEHRERE IM TRUPP;1
MEHRERE;ZWEI KÜRASSIERE;1
MEHRERE;ZWEITER SOLDAT;1
MEHRERE;RINGS HERUM;1
MEHRERE;OBERST RAMEE;1
MEHRERE;VOLK;1
MEHRERE;SEYFRIED BREUNER;1
MEHRERE;WALLENSTEIN;1
RINGS HERUM;ZWEI KÜRASSIERE;1
RINGS HERUM;ZWEITER SOLDAT;1
GESCHREI;PROKOP;1
GESCHREI;KLESEL;1
GESCHREI;MATHIAS;1
GESCHREI;MEHRERE IM TRUPP;1
GESCHREI;ZWEI KÜRASSIERE;1
GESCHREI;KÜRASSIER;1
GESCHREI;ZWEITER SOLDAT;1
GESCHREI;MEHRERE;1
GESCHREI;RINGS HERUM;1
GESCHREI;MAXIMILIAN;1
GESCHREI;OBERST RAMEE;1
GESCHREI;LUKREZIA;1
MAXIMILIAN;PROKOP;2
MAXIMILIAN;WOLFGANG RUMPF;1
MAXIMILIAN;RUDOLF;1
MAXIMILIAN;MEHRERE IM TRUPP;1
MAXIMILIAN;ZWEI KÜRASSIERE;1
MAXIMILIAN;ZWEITER SOLDAT;1
MAXIMILIAN;MEHRERE;1
MAXIMILIAN;RINGS HERUM;1
MAXIMILIAN;OBERST RAMEE;2
MAXIMILIAN;SCHLICK;1
OBERST RAMEE;PROKOP;3
OBERST RAMEE;WOLFGANG RUMPF;2
OBERST RAMEE;RUDOLF;2
OBERST RAMEE;ZWEI KÜRASSIERE;1
OBERST RAMEE;ZWEITER SOLDAT;2
OBERST RAMEE;RINGS HERUM;1
OBERST RAMEE;SCHLICK;2
OBERST RAMEE;VOLK;1
EIN DIENER;PROKOP;1
EIN DIENER;KLESEL;2
EIN DIENER;MATHIAS;2
EIN DIENER;ERZHERZOG FERDINAND;2
EIN DIENER;ERZHERZOG LEOPOLD;1
EIN DIENER;EIN HAUPTMANN;1
EIN DIENER;FAHNENTRÄGER;1
EIN DIENER;MEHRERE IM TRUPP;1
EIN DIENER;EIN SOLDAT;1
EIN DIENER;ZWEI KÜRASSIERE;1
EIN DIENER;KÜRASSIER;1
EIN DIENER;ZWEITER SOLDAT;1
EIN DIENER;MEHRERE;2
EIN DIENER;RINGS HERUM;1
EIN DIENER;GESCHREI;1
EIN DIENER;MAXIMILIAN;1
EIN DIENER;OBERST RAMEE;1
EIN DIENER;LUKREZIA;1
EIN DIENER;HERZOG JULIUS;1
EIN DIENER;VOLK;1
EIN DIENER;KÄMMERLING;1
EIN DIENER;SEYFRIED BREUNER;1
EIN DIENER;WALLENSTEIN;1
EIN DIENER;EINIGE;1
DRITTER SOLDAT;PROKOP;1
DRITTER SOLDAT;KLESEL;1
DRITTER SOLDAT;MATHIAS;1
DRITTER SOLDAT;ERZHERZOG FERDINAND;1
DRITTER SOLDAT;ERZHERZOG LEOPOLD;1
DRITTER SOLDAT;EIN HAUPTMANN;1
DRITTER SOLDAT;FAHNENTRÄGER;1
DRITTER SOLDAT;MEHRERE IM TRUPP;1
DRITTER SOLDAT;EIN SOLDAT;1
DRITTER SOLDAT;ZWEI KÜRASSIERE;1
DRITTER SOLDAT;KÜRASSIER;1
DRITTER SOLDAT;ZWEITER SOLDAT;1
DRITTER SOLDAT;MEHRERE;1
DRITTER SOLDAT;RINGS HERUM;1
DRITTER SOLDAT;GESCHREI;1
DRITTER SOLDAT;MAXIMILIAN;1
DRITTER SOLDAT;OBERST RAMEE;1
DRITTER SOLDAT;EIN DIENER;1
DRITTER SOLDAT;LUKREZIA;1
LUKREZIA;PROKOP;2
LUKREZIA;MATHIAS;1
LUKREZIA;WOLFGANG RUMPF;1
LUKREZIA;RUDOLF;1
LUKREZIA;MEHRERE IM TRUPP;1
LUKREZIA;ZWEI KÜRASSIERE;1
LUKREZIA;ZWEITER SOLDAT;1
LUKREZIA;MEHRERE;1
LUKREZIA;RINGS HERUM;1
LUKREZIA;MAXIMILIAN;2
LUKREZIA;OBERST RAMEE;2
LUKREZIA;SCHLICK;1
DER MANN;PROKOP;1
DER MANN;KLESEL;1
DER MANN;WOLFGANG RUMPF;1
DER MANN;RUDOLF;1
DER MANN;ERZHERZOG LEOPOLD;1
DER MANN;ZWEITER SOLDAT;1
DER MANN;OBERST RAMEE;1
DER MANN;HERZOG JULIUS;1
DER MANN;DER WORTFÜHRER;1
DER MANN;DIENER;1
DER MANN;DIE STÄNDE;1
DER MANN;GRAF THURN;1
DER MANN;SCHLICK;1
DER MANN;VOLK;1
HERZOG JULIUS;PROKOP;2
HERZOG JULIUS;KLESEL;2
HERZOG JULIUS;MATHIAS;1
HERZOG JULIUS;WOLFGANG RUMPF;2
HERZOG JULIUS;RUDOLF;2
HERZOG JULIUS;ZWEITER SOLDAT;1
HERZOG JULIUS;MEHRERE;1
HERZOG JULIUS;MAXIMILIAN;1
HERZOG JULIUS;OBERST RAMEE;2
HERZOG JULIUS;LUKREZIA;1
HERZOG JULIUS;SCHLICK;2
HERZOG JULIUS;VOLK;2
HERZOG JULIUS;HINTER DER SZENE;1
HERZOG JULIUS;KÄMMERLING;1
HERZOG JULIUS;SEYFRIED BREUNER;1
HERZOG JULIUS;WALLENSTEIN;1
DER WORTFÜHRER;PROKOP;1
DER WORTFÜHRER;KLESEL;1
DER WORTFÜHRER;WOLFGANG RUMPF;1
DER WORTFÜHRER;RUDOLF;1
DER WORTFÜHRER;ERZHERZOG LEOPOLD;1
DER WORTFÜHRER;ZWEITER SOLDAT;1
DER WORTFÜHRER;OBERST RAMEE;1
DER WORTFÜHRER;HERZOG JULIUS;1
DER WORTFÜHRER;DIENER;1
DER WORTFÜHRER;DIE STÄNDE;1
DER WORTFÜHRER;GRAF THURN;1
DER WORTFÜHRER;SCHLICK;1
DER WORTFÜHRER;VOLK;1
ABGEORDNETER;PROKOP;1
ABGEORDNETER;KLESEL;1
ABGEORDNETER;WOLFGANG RUMPF;1
ABGEORDNETER;RUDOLF;1
ABGEORDNETER;ERZHERZOG LEOPOLD;1
ABGEORDNETER;ZWEITER SOLDAT;1
ABGEORDNETER;OBERST RAMEE;1
ABGEORDNETER;DER MANN;1
ABGEORDNETER;HERZOG JULIUS;1
ABGEORDNETER;DER WORTFÜHRER;1
ABGEORDNETER;DIENER;1
ABGEORDNETER;DIE STÄNDE;1
ABGEORDNETER;GRAF THURN;1
ABGEORDNETER;SCHLICK;1
ABGEORDNETER;VOLK;1
DIENER;DON CÄSAR;1
DIENER;PROKOP;2
DIENER;KLESEL;1
DIENER;WOLFGANG RUMPF;2
DIENER;RUDOLF;2
DIENER;ERZHERZOG FERDINAND;1
DIENER;ERZHERZOG LEOPOLD;1
DIENER;EIN HAUPTMANN;1
DIENER;ZWEITER SOLDAT;1
DIENER;MAXIMILIAN;1
DIENER;OBERST RAMEE;2
DIENER;LUKREZIA;1
DIENER;HERZOG JULIUS;2
DIENER;GRAF THURN;2
DIENER;SCHLICK;2
DIENER;VOLK;1
DIENER;EIN BÜRGER;1
DIENER;HINTER DER SZENE;1
DIE STÄNDE;PROKOP;1
DIE STÄNDE;KLESEL;1
DIE STÄNDE;WOLFGANG RUMPF;1
DIE STÄNDE;RUDOLF;1
DIE STÄNDE;ERZHERZOG LEOPOLD;1
DIE STÄNDE;ZWEITER SOLDAT;1
DIE STÄNDE;OBERST RAMEE;1
DIE STÄNDE;HERZOG JULIUS;1
DIE STÄNDE;DIENER;1
DIE STÄNDE;GRAF THURN;1
DIE STÄNDE;SCHLICK;1
DIE STÄNDE;VOLK;1
GRAF THURN;PROKOP;2
GRAF THURN;KLESEL;1
GRAF THURN;WOLFGANG RUMPF;2
GRAF THURN;RUDOLF;2
GRAF THURN;ZWEITER SOLDAT;1
GRAF THURN;MAXIMILIAN;1
GRAF THURN;OBERST RAMEE;2
GRAF THURN;LUKREZIA;1
GRAF THURN;HERZOG JULIUS;2
GRAF THURN;SCHLICK;2
GRAF THURN;VOLK;1
GRAF THURN;HINTER DER SZENE;1
SCHLICK;WOLFGANG RUMPF;2
SCHLICK;ZWEITER SOLDAT;1
SCHLICK;VOLK;1
VOLK;WOLFGANG RUMPF;1
VOLK;ZWEITER SOLDAT;1
VOLK;WALLENSTEIN;1
EIN BÜRGER;PROKOP;1
EIN BÜRGER;WOLFGANG RUMPF;1
EIN BÜRGER;RUDOLF;1
EIN BÜRGER;ERZHERZOG FERDINAND;1
EIN BÜRGER;EIN HAUPTMANN;1
EIN BÜRGER;MAXIMILIAN;1
EIN BÜRGER;OBERST RAMEE;1
EIN BÜRGER;LUKREZIA;1
EIN BÜRGER;HERZOG JULIUS;1
EIN BÜRGER;GRAF THURN;1
EIN BÜRGER;SCHLICK;1
EIN BÜRGER;HINTER DER SZENE;1
HINTER DER SZENE;PROKOP;1
HINTER DER SZENE;WOLFGANG RUMPF;1
HINTER DER SZENE;RUDOLF;1
HINTER DER SZENE;MAXIMILIAN;1
HINTER DER SZENE;OBERST RAMEE;1
HINTER DER SZENE;LUKREZIA;1
HINTER DER SZENE;SCHLICK;1
ARBEITER;DON CÄSAR;1
ARBEITER;PROKOP;1
ARBEITER;WOLFGANG RUMPF;1
ARBEITER;RUDOLF;1
ARBEITER;ERZHERZOG FERDINAND;1
ARBEITER;EIN HAUPTMANN;1
ARBEITER;MAXIMILIAN;1
ARBEITER;OBERST RAMEE;1
ARBEITER;LUKREZIA;1
ARBEITER;HERZOG JULIUS;1
ARBEITER;DIENER;1
ARBEITER;GRAF THURN;1
ARBEITER;SCHLICK;1
ARBEITER;EIN BÜRGER;1
ARBEITER;HINTER DER SZENE;1
KÄMMERLING;MATHIAS;1
KÄMMERLING;MEHRERE;1
KÄMMERLING;VOLK;1
KÄMMERLING;SEYFRIED BREUNER;1
KÄMMERLING;WALLENSTEIN;1
SEYFRIED BREUNER;VOLK;1
SEYFRIED BREUNER;WALLENSTEIN;1
EINIGE;KLESEL;1
EINIGE;MATHIAS;1
EINIGE;ERZHERZOG FERDINAND;1
EINIGE;MEHRERE;1
EINIGE;HERZOG JULIUS;1
EINIGE;VOLK;1
EINIGE;KÄMMERLING;1
EINIGE;SEYFRIED BREUNER;1
EINIGE;WALLENSTEIN;1
