Judas Gefolge;LEA;1
Judas Gefolge;NIKANOR;1
JOARIM;Judas Gefolge;1
JOARIM;LEA;3
JOARIM;JUDA;3
JOARIM;SIMEI;1
JOARIM;MATTATHIAS;1
JOARIM;JOJAKIM;1
JOARIM;NAEMI;1
JOARIM;JONATHAN;1
JOARIM;NIKANOR;1
JOARIM;SIMON;1
JOARIM;JOHANNES;2
JOARIM;VOLK;1
JOARIM;USIEL;1
LEA;SIMEI;2
LEA;MATTATHIAS;2
LEA;NAEMI;3
LEA;NIKANOR;3
LEA;SIMON;3
LEA;VOLK;3
LEA;USIEL;3
LEA;ÄMILIUS;1
LEA;NATHAN;1
LEA;MISAEL;1
LEA;RUBEN;1
LEA;VOLKSHAUFE;1
BENJAMIN;Judas Gefolge;1
BENJAMIN;JOARIM;3
BENJAMIN;LEA;3
BENJAMIN;ELEAZAR;2
BENJAMIN;JUDA;3
BENJAMIN;SIMEI;1
BENJAMIN;MATTATHIAS;1
BENJAMIN;BOAS;1
BENJAMIN;JOJAKIM;1
BENJAMIN;NAEMI;1
BENJAMIN;JONATHAN;1
BENJAMIN;GORGIAS;1
BENJAMIN;NIKANOR;1
BENJAMIN;SIMON;1
BENJAMIN;JOHANNES;2
BENJAMIN;VOLK;1
BENJAMIN;USIEL;1
BENJAMIN;DAS WEIB;1
BENJAMIN;GREIS;1
BENJAMIN;GESCHREI IM LAGER;1
ELEAZAR;Judas Gefolge;1
ELEAZAR;JOARIM;2
ELEAZAR;LEA;4
ELEAZAR;JUDA;4
ELEAZAR;SIMEI;2
ELEAZAR;MATTATHIAS;2
ELEAZAR;JOJAKIM;3
ELEAZAR;NAEMI;2
ELEAZAR;JONATHAN;2
ELEAZAR;GORGIAS;3
ELEAZAR;NIKANOR;3
ELEAZAR;SIMON;2
ELEAZAR;JOHANNES;3
ELEAZAR;VOLK;2
ELEAZAR;USIEL;2
ELEAZAR;ÄMILIUS;1
ELEAZAR;NATHAN;1
ELEAZAR;JOSUA;1
ELEAZAR;ELIA;1
ELEAZAR;MISAEL;1
ELEAZAR;RUBEN;1
ELEAZAR;ISSASCHAR;1
ELEAZAR;VOLKSHAUFE;1
ELEAZAR;GESCHREI IM LAGER;1
JUDA;Judas Gefolge;1
JUDA;LEA;5
JUDA;SIMEI;2
JUDA;MATTATHIAS;2
JUDA;NAEMI;3
JUDA;NIKANOR;3
JUDA;SIMON;3
JUDA;VOLK;3
JUDA;USIEL;3
JUDA;ÄMILIUS;1
JUDA;NATHAN;1
JUDA;MISAEL;1
JUDA;RUBEN;1
JUDA;VOLKSHAUFE;1
SIMEI;SIMON;1
SIMEI;VOLK;1
SIMEI;USIEL;1
MATTATHIAS;SIMEI;2
MATTATHIAS;NAEMI;1
MATTATHIAS;NIKANOR;1
MATTATHIAS;SIMON;1
MATTATHIAS;VOLK;1
MATTATHIAS;USIEL;1
BOAS;JOARIM;1
BOAS;LEA;3
BOAS;ELEAZAR;3
BOAS;JUDA;3
BOAS;SIMEI;2
BOAS;MATTATHIAS;2
BOAS;JOJAKIM;3
BOAS;NAEMI;2
BOAS;JONATHAN;2
BOAS;GORGIAS;2
BOAS;NIKANOR;2
BOAS;SIMON;2
BOAS;JOHANNES;2
BOAS;VOLK;2
BOAS;USIEL;2
BOAS;ÄMILIUS;1
BOAS;NATHAN;1
BOAS;DIE HAUPTLEUTE;1
BOAS;JOSUA;1
BOAS;ELIA;1
BOAS;MISAEL;1
BOAS;RUBEN;1
BOAS;ISSASCHAR;1
BOAS;VOLKSHAUFE;1
BOAS;Dritter Volkshaufe;1
BOAS;DIE JUNGFRAUEN;1
AMRI;JOARIM;2
AMRI;LEA;4
AMRI;BENJAMIN;2
AMRI;ELEAZAR;3
AMRI;JUDA;4
AMRI;SIMEI;2
AMRI;MATTATHIAS;2
AMRI;BOAS;3
AMRI;JOJAKIM;3
AMRI;NAEMI;3
AMRI;JONATHAN;3
AMRI;GORGIAS;2
AMRI;NIKANOR;2
AMRI;SIMON;3
AMRI;JOHANNES;3
AMRI;VOLK;3
AMRI;USIEL;3
AMRI;ÄMILIUS;1
AMRI;NATHAN;1
AMRI;DIE HAUPTLEUTE;1
AMRI;ANTIOCHUS;1
AMRI;JOSUA;1
AMRI;ELIA;1
AMRI;MISAEL;1
AMRI;RUBEN;1
AMRI;ISSASCHAR;1
AMRI;VOLKSHAUFE;1
AMRI;Dritter Volkshaufe;1
AMRI;DIE JUNGFRAUEN;1
AMRI;DAS WEIB;1
AMRI;GREIS;1
JOJAKIM;LEA;3
JOJAKIM;JUDA;3
JOJAKIM;SIMEI;2
JOJAKIM;MATTATHIAS;2
JOJAKIM;NAEMI;2
JOJAKIM;JONATHAN;2
JOJAKIM;NIKANOR;2
JOJAKIM;SIMON;2
JOJAKIM;VOLK;2
JOJAKIM;USIEL;2
JOJAKIM;ÄMILIUS;1
JOJAKIM;NATHAN;1
JOJAKIM;JOSUA;1
JOJAKIM;MISAEL;1
JOJAKIM;RUBEN;1
JOJAKIM;VOLKSHAUFE;1
NAEMI;SIMEI;1
NAEMI;NIKANOR;2
NAEMI;SIMON;3
NAEMI;VOLK;3
NAEMI;USIEL;3
NAEMI;ÄMILIUS;1
NAEMI;NATHAN;1
NAEMI;RUBEN;1
NAEMI;VOLKSHAUFE;1
JONATHAN;LEA;3
JONATHAN;JUDA;3
JONATHAN;SIMEI;1
JONATHAN;MATTATHIAS;1
JONATHAN;NAEMI;3
JONATHAN;NIKANOR;2
JONATHAN;SIMON;3
JONATHAN;VOLK;3
JONATHAN;USIEL;3
JONATHAN;ÄMILIUS;1
JONATHAN;NATHAN;1
JONATHAN;JOSUA;1
JONATHAN;MISAEL;1
JONATHAN;RUBEN;1
JONATHAN;VOLKSHAUFE;1
AARON;JOARIM;1
AARON;LEA;3
AARON;BENJAMIN;1
AARON;ELEAZAR;2
AARON;JUDA;3
AARON;SIMEI;1
AARON;MATTATHIAS;1
AARON;BOAS;2
AARON;AMRI;3
AARON;JOJAKIM;2
AARON;NAEMI;3
AARON;JONATHAN;3
AARON;GORGIAS;2
AARON;NIKANOR;2
AARON;SIMON;3
AARON;JOHANNES;3
AARON;VOLK;3
AARON;USIEL;3
AARON;ÄMILIUS;1
AARON;NATHAN;1
AARON;DIE HAUPTLEUTE;1
AARON;ANTIOCHUS;1
AARON;JOSUA;1
AARON;ELIA;1
AARON;MISAEL;1
AARON;RUBEN;1
AARON;ISSASCHAR;1
AARON;VOLKSHAUFE;1
AARON;Dritter Volkshaufe;1
AARON;DIE JUNGFRAUEN;1
AARON;DAS WEIB;1
AARON;GREIS;1
GORGIAS;Judas Gefolge;1
GORGIAS;JOARIM;1
GORGIAS;LEA;3
GORGIAS;JUDA;3
GORGIAS;SIMEI;1
GORGIAS;MATTATHIAS;1
GORGIAS;JOJAKIM;2
GORGIAS;NAEMI;2
GORGIAS;JONATHAN;2
GORGIAS;NIKANOR;3
GORGIAS;SIMON;2
GORGIAS;JOHANNES;3
GORGIAS;VOLK;2
GORGIAS;USIEL;2
GORGIAS;ÄMILIUS;1
GORGIAS;NATHAN;1
GORGIAS;JOSUA;1
GORGIAS;MISAEL;1
GORGIAS;RUBEN;1
GORGIAS;ISSASCHAR;1
GORGIAS;VOLKSHAUFE;1
NIKANOR;SIMEI;1
NIKANOR;SIMON;2
NIKANOR;VOLK;2
NIKANOR;USIEL;2
NIKANOR;ÄMILIUS;1
NIKANOR;RUBEN;1
NIKANOR;VOLKSHAUFE;1
SIMON;VOLK;3
SIMON;USIEL;3
SIMON;ÄMILIUS;1
SIMON;VOLKSHAUFE;1
JOHANNES;Judas Gefolge;1
JOHANNES;LEA;4
JOHANNES;JUDA;4
JOHANNES;SIMEI;1
JOHANNES;MATTATHIAS;1
JOHANNES;JOJAKIM;2
JOHANNES;NAEMI;3
JOHANNES;JONATHAN;3
JOHANNES;NIKANOR;3
JOHANNES;SIMON;3
JOHANNES;VOLK;3
JOHANNES;USIEL;3
JOHANNES;ÄMILIUS;1
JOHANNES;NATHAN;1
JOHANNES;JOSUA;1
JOHANNES;MISAEL;1
JOHANNES;RUBEN;1
JOHANNES;VOLKSHAUFE;1
VOLK;ÄMILIUS;1
VOLK;VOLKSHAUFE;1
USIEL;VOLK;3
USIEL;ÄMILIUS;1
USIEL;VOLKSHAUFE;1
NATHAN;NIKANOR;1
NATHAN;SIMON;1
NATHAN;VOLK;1
NATHAN;USIEL;1
NATHAN;ÄMILIUS;1
NATHAN;RUBEN;1
NATHAN;VOLKSHAUFE;1
DIE HAUPTLEUTE;LEA;1
DIE HAUPTLEUTE;ELEAZAR;1
DIE HAUPTLEUTE;JUDA;1
DIE HAUPTLEUTE;JOJAKIM;1
DIE HAUPTLEUTE;NAEMI;1
DIE HAUPTLEUTE;JONATHAN;1
DIE HAUPTLEUTE;GORGIAS;1
DIE HAUPTLEUTE;NIKANOR;1
DIE HAUPTLEUTE;SIMON;1
DIE HAUPTLEUTE;JOHANNES;1
DIE HAUPTLEUTE;VOLK;1
DIE HAUPTLEUTE;USIEL;1
DIE HAUPTLEUTE;ÄMILIUS;1
DIE HAUPTLEUTE;NATHAN;1
DIE HAUPTLEUTE;JOSUA;1
DIE HAUPTLEUTE;ELIA;1
DIE HAUPTLEUTE;MISAEL;1
DIE HAUPTLEUTE;RUBEN;1
DIE HAUPTLEUTE;ISSASCHAR;1
DIE HAUPTLEUTE;VOLKSHAUFE;1
DIE HAUPTLEUTE;Dritter Volkshaufe;1
DIE HAUPTLEUTE;DIE JUNGFRAUEN;1
ANTIOCHUS;Judas Gefolge;1
ANTIOCHUS;JOARIM;1
ANTIOCHUS;LEA;2
ANTIOCHUS;BENJAMIN;1
ANTIOCHUS;ELEAZAR;2
ANTIOCHUS;JUDA;2
ANTIOCHUS;BOAS;1
ANTIOCHUS;JOJAKIM;1
ANTIOCHUS;NAEMI;1
ANTIOCHUS;JONATHAN;1
ANTIOCHUS;GORGIAS;2
ANTIOCHUS;NIKANOR;2
ANTIOCHUS;SIMON;1
ANTIOCHUS;JOHANNES;2
ANTIOCHUS;VOLK;1
ANTIOCHUS;USIEL;1
ANTIOCHUS;ÄMILIUS;1
ANTIOCHUS;NATHAN;1
ANTIOCHUS;DIE HAUPTLEUTE;1
ANTIOCHUS;JOSUA;1
ANTIOCHUS;ELIA;1
ANTIOCHUS;MISAEL;1
ANTIOCHUS;RUBEN;1
ANTIOCHUS;ISSASCHAR;1
ANTIOCHUS;VOLKSHAUFE;1
ANTIOCHUS;Dritter Volkshaufe;1
ANTIOCHUS;DIE JUNGFRAUEN;1
ANTIOCHUS;GESCHREI IM LAGER;1
JOSUA;LEA;1
JOSUA;JUDA;1
JOSUA;NAEMI;1
JOSUA;NIKANOR;1
JOSUA;SIMON;1
JOSUA;VOLK;1
JOSUA;USIEL;1
JOSUA;ÄMILIUS;1
JOSUA;NATHAN;1
JOSUA;MISAEL;1
JOSUA;RUBEN;1
JOSUA;VOLKSHAUFE;1
ELIA;LEA;1
ELIA;JUDA;1
ELIA;JOJAKIM;1
ELIA;NAEMI;1
ELIA;JONATHAN;1
ELIA;GORGIAS;1
ELIA;NIKANOR;1
ELIA;SIMON;1
ELIA;JOHANNES;1
ELIA;VOLK;1
ELIA;USIEL;1
ELIA;ÄMILIUS;1
ELIA;NATHAN;1
ELIA;JOSUA;1
ELIA;MISAEL;1
ELIA;RUBEN;1
ELIA;ISSASCHAR;1
ELIA;VOLKSHAUFE;1
MISAEL;NAEMI;1
MISAEL;NIKANOR;1
MISAEL;SIMON;1
MISAEL;VOLK;1
MISAEL;USIEL;1
MISAEL;ÄMILIUS;1
MISAEL;NATHAN;1
MISAEL;RUBEN;1
MISAEL;VOLKSHAUFE;1
RUBEN;SIMON;1
RUBEN;VOLK;1
RUBEN;USIEL;1
RUBEN;ÄMILIUS;1
RUBEN;VOLKSHAUFE;1
ISSASCHAR;LEA;1
ISSASCHAR;JUDA;1
ISSASCHAR;JOJAKIM;1
ISSASCHAR;NAEMI;1
ISSASCHAR;JONATHAN;1
ISSASCHAR;NIKANOR;1
ISSASCHAR;SIMON;1
ISSASCHAR;JOHANNES;1
ISSASCHAR;VOLK;1
ISSASCHAR;USIEL;1
ISSASCHAR;ÄMILIUS;1
ISSASCHAR;NATHAN;1
ISSASCHAR;JOSUA;1
ISSASCHAR;MISAEL;1
ISSASCHAR;RUBEN;1
ISSASCHAR;VOLKSHAUFE;1
VOLKSHAUFE;ÄMILIUS;1
Dritter Volkshaufe;LEA;1
Dritter Volkshaufe;ELEAZAR;1
Dritter Volkshaufe;JUDA;1
Dritter Volkshaufe;JOJAKIM;1
Dritter Volkshaufe;NAEMI;1
Dritter Volkshaufe;JONATHAN;1
Dritter Volkshaufe;GORGIAS;1
Dritter Volkshaufe;NIKANOR;1
Dritter Volkshaufe;SIMON;1
Dritter Volkshaufe;JOHANNES;1
Dritter Volkshaufe;VOLK;1
Dritter Volkshaufe;USIEL;1
Dritter Volkshaufe;ÄMILIUS;1
Dritter Volkshaufe;NATHAN;1
Dritter Volkshaufe;JOSUA;1
Dritter Volkshaufe;ELIA;1
Dritter Volkshaufe;MISAEL;1
Dritter Volkshaufe;RUBEN;1
Dritter Volkshaufe;ISSASCHAR;1
Dritter Volkshaufe;VOLKSHAUFE;1
DIE JUNGFRAUEN;LEA;1
DIE JUNGFRAUEN;ELEAZAR;1
DIE JUNGFRAUEN;JUDA;1
DIE JUNGFRAUEN;JOJAKIM;1
DIE JUNGFRAUEN;NAEMI;1
DIE JUNGFRAUEN;JONATHAN;1
DIE JUNGFRAUEN;GORGIAS;1
DIE JUNGFRAUEN;NIKANOR;1
DIE JUNGFRAUEN;SIMON;1
DIE JUNGFRAUEN;JOHANNES;1
DIE JUNGFRAUEN;VOLK;1
DIE JUNGFRAUEN;USIEL;1
DIE JUNGFRAUEN;ÄMILIUS;1
DIE JUNGFRAUEN;NATHAN;1
DIE JUNGFRAUEN;JOSUA;1
DIE JUNGFRAUEN;ELIA;1
DIE JUNGFRAUEN;MISAEL;1
DIE JUNGFRAUEN;RUBEN;1
DIE JUNGFRAUEN;ISSASCHAR;1
DIE JUNGFRAUEN;VOLKSHAUFE;1
DIE JUNGFRAUEN;Dritter Volkshaufe;1
DAS WEIB;JOARIM;1
DAS WEIB;LEA;1
DAS WEIB;JUDA;1
DAS WEIB;NAEMI;1
DAS WEIB;JONATHAN;1
DAS WEIB;SIMON;1
DAS WEIB;JOHANNES;1
DAS WEIB;VOLK;1
DAS WEIB;USIEL;1
DAS WEIB;GREIS;1
GREIS;JOARIM;1
GREIS;LEA;1
GREIS;JUDA;1
GREIS;NAEMI;1
GREIS;JONATHAN;1
GREIS;SIMON;1
GREIS;JOHANNES;1
GREIS;VOLK;1
GREIS;USIEL;1
GESCHREI IM LAGER;Judas Gefolge;1
GESCHREI IM LAGER;JOARIM;1
GESCHREI IM LAGER;LEA;1
GESCHREI IM LAGER;JUDA;1
GESCHREI IM LAGER;GORGIAS;1
GESCHREI IM LAGER;NIKANOR;1
GESCHREI IM LAGER;JOHANNES;1
