ANDRE WEIBER;PHYLLIS;1
ANDRE WEIBER;ANTHUSA;1
ANDRE WEIBER;DER LYRISCHE DICHTER SYLVAN;1
ANDRE WEIBER;LAINILLA;1
ANDRE WEIBER;PHRIXA;1
ANDRE WEIBER;TATTABAUCIS;1
ANDRE WEIBER;KAKODROMIDA;1
ZWEITER BRUDER;ZWEITER BÜRGER;1
DRITTER BRUDER;ZWEITER BRUDER;3
DRITTER BRUDER;DUMMERCHEN;3
DRITTER BRUDER;DRITTER BRÜDER;1
DRITTER BRUDER;ERSTER BÜRGER;2
DRITTER BRUDER;ZWEITER BÜRGER;2
DRITTER BRUDER;REPS;1
DRITTER BRUDER;KLEPS;1
DRITTER BRUDER;HANS VON MAIKERF;4
DRITTER BRUDER;HUBELAND;1
DRITTER BRUDER;PHRIXA;1
DUMMERCHEN;ZWEITER BRUDER;2
DUMMERCHEN;ERSTER BÜRGER;1
DUMMERCHEN;ZWEITER BÜRGER;1
DUMMERCHEN;REPS;1
DUMMERCHEN;KLEPS;1
DUMMERCHEN;EIN HEROLD;1
DUMMERCHEN;VOLK;1
DUMMERCHEN;KÖNIG;2
DUMMERCHEN;HOFPREDIGER;1
DUMMERCHEN;HOFSTAAT;1
DUMMERCHEN;PLÖTZLICHE STIMME AUS DEM HINTERGRUND;1
DUMMERCHEN;HANS VON MAIKERF;5
DUMMERCHEN;VON DER KRON;2
DUMMERCHEN;HUBELAND;2
DUMMERCHEN;OFFIZIER;1
DUMMERCHEN;VIELE STIMMEN;1
DRITTER BRÜDER;ZWEITER BRUDER;1
DRITTER BRÜDER;DUMMERCHEN;1
DRITTER BRÜDER;HANS VON MAIKERF;1
ERSTER BÜRGER;ZWEITER BRUDER;1
ERSTER BÜRGER;ZWEITER BÜRGER;4
ERSTER BÜRGER;REPS;2
ERSTER BÜRGER;KLEPS;2
ERSTER BÜRGER;KÖNIG;1
ERSTER BÜRGER;HOFPREDIGER;1
ERSTER BÜRGER;HANS VON MAIKERF;4
ERSTER BÜRGER;VON DER KRON;1
ERSTER BÜRGER;HUBELAND;2
ERSTER BÜRGER;KANZLER;1
ERSTER BÜRGER;VON ZANGEN;1
ERSTER BÜRGER;MAIKÄFERFÜRSTIN ARTEMISIA;1
ERSTER BÜRGER;MYRRHA;1
ERSTER BÜRGER;PHYLLIS;1
ERSTER BÜRGER;LAINILLA;1
ERSTER BÜRGER;STIMME AUS DEM HAUFEN;1
ERSTER BÜRGER;VIELE STIMMEN IM HINTERGRUND;1
ERSTER BÜRGER;STIMME IM HINTERGRUND;1
ERSTER BÜRGER;PHRIXA;1
BAUER HINTERSTOISSER;ZWEITER BRUDER;1
BAUER HINTERSTOISSER;DRITTER BRUDER;2
BAUER HINTERSTOISSER;DUMMERCHEN;1
BAUER HINTERSTOISSER;ERSTER BÜRGER;4
BAUER HINTERSTOISSER;ZWEITER BÜRGER;4
BAUER HINTERSTOISSER;REPS;2
BAUER HINTERSTOISSER;KLEPS;2
BAUER HINTERSTOISSER;KÖNIG;3
BAUER HINTERSTOISSER;HOFPREDIGER;1
BAUER HINTERSTOISSER;DER ROTE SEPP;3
BAUER HINTERSTOISSER;HANS VON MAIKERF;4
BAUER HINTERSTOISSER;VON DER KRON;3
BAUER HINTERSTOISSER;HUBELAND;2
BAUER HINTERSTOISSER;KANZLER;1
BAUER HINTERSTOISSER;DIE BRÜDER DES HANS VON MAIKERF;1
BAUER HINTERSTOISSER;VON ZANGEN;1
BAUER HINTERSTOISSER;MAIKÄFERFÜRSTIN ARTEMISIA;1
BAUER HINTERSTOISSER;MYRRHA;1
BAUER HINTERSTOISSER;PHYLLIS;1
BAUER HINTERSTOISSER;BRUMMORCHESTER;1
BAUER HINTERSTOISSER;DER LYRISCHE DICHTER SYLVAN;1
BAUER HINTERSTOISSER;LAINILLA;1
BAUER HINTERSTOISSER;DORIS;1
BAUER HINTERSTOISSER;STIMME AUS DEM HAUFEN;1
BAUER HINTERSTOISSER;DRITTE STIMME;1
BAUER HINTERSTOISSER;VIELE STIMMEN IM HINTERGRUND;1
BAUER HINTERSTOISSER;STIMME IM HINTERGRUND;1
BAUER HINTERSTOISSER;PHRIXA;1
REPS;ZWEITER BRUDER;1
REPS;ZWEITER BÜRGER;2
REPS;VOLK;1
REPS;VON DER KRON;2
REPS;VIELE STIMMEN;1
REPS;VON ZANGEN;1
REPS;STIMME AUS DEM HAUFEN;1
REPS;VIELE STIMMEN IM HINTERGRUND;1
REPS;STIMME IM HINTERGRUND;1
KLEPS;ZWEITER BRUDER;1
KLEPS;ZWEITER BÜRGER;2
KLEPS;REPS;3
KLEPS;VOLK;1
KLEPS;KÖNIG;2
KLEPS;PLÖTZLICHE STIMME AUS DEM HINTERGRUND;1
KLEPS;VON DER KRON;2
KLEPS;OFFIZIER;1
KLEPS;VIELE STIMMEN;1
KLEPS;VON ZANGEN;1
KLEPS;MAIKÄFERFÜRSTIN ARTEMISIA;1
KLEPS;MYRRHA;1
KLEPS;PHYLLIS;1
KLEPS;LAINILLA;1
KLEPS;STIMME AUS DEM HAUFEN;1
KLEPS;VIELE STIMMEN IM HINTERGRUND;1
KLEPS;STIMME IM HINTERGRUND;1
KLEPS;PHRIXA;1
EIN HEROLD;REPS;1
EIN HEROLD;KLEPS;1
EIN HEROLD;VOLK;1
EIN HEROLD;KÖNIG;1
EIN HEROLD;HOFPREDIGER;1
EIN HEROLD;HOFSTAAT;1
EIN HEROLD;PLÖTZLICHE STIMME AUS DEM HINTERGRUND;1
EIN HEROLD;HANS VON MAIKERF;1
EIN HEROLD;VON DER KRON;1
EIN HEROLD;HUBELAND;1
EIN HEROLD;OFFIZIER;1
EIN HEROLD;VIELE STIMMEN;1
VOLK;VON DER KRON;1
KÖNIG;ZWEITER BÜRGER;1
KÖNIG;REPS;2
KÖNIG;VOLK;1
KÖNIG;PLÖTZLICHE STIMME AUS DEM HINTERGRUND;1
KÖNIG;VON DER KRON;7
KÖNIG;OFFIZIER;1
KÖNIG;VIELE STIMMEN;1
KÖNIG;VON ZANGEN;3
KÖNIG;MAIKÄFERFÜRSTIN ARTEMISIA;1
KÖNIG;MYRRHA;1
KÖNIG;PHYLLIS;1
KÖNIG;LAINILLA;1
KÖNIG;STIMME AUS DEM HAUFEN;1
KÖNIG;VIELE STIMMEN IM HINTERGRUND;1
KÖNIG;STIMME IM HINTERGRUND;1
HOFPREDIGER;ZWEITER BÜRGER;1
HOFPREDIGER;REPS;2
HOFPREDIGER;KLEPS;2
HOFPREDIGER;VOLK;1
HOFPREDIGER;KÖNIG;4
HOFPREDIGER;HOFSTAAT;1
HOFPREDIGER;PLÖTZLICHE STIMME AUS DEM HINTERGRUND;1
HOFPREDIGER;VON DER KRON;4
HOFPREDIGER;HUBELAND;2
HOFPREDIGER;OFFIZIER;1
HOFPREDIGER;VIELE STIMMEN;1
HOFPREDIGER;KANZLER;2
HOFPREDIGER;KULTUSMINISTER;1
HOFPREDIGER;VON ZANGEN;2
HOFPREDIGER;MAIKÄFERFÜRSTIN ARTEMISIA;1
HOFPREDIGER;MYRRHA;1
HOFPREDIGER;PHYLLIS;1
HOFPREDIGER;LAINILLA;1
HOFPREDIGER;STIMME AUS DEM HAUFEN;1
HOFPREDIGER;VIELE STIMMEN IM HINTERGRUND;1
HOFPREDIGER;STIMME IM HINTERGRUND;1
HOFSTAAT;REPS;1
HOFSTAAT;KLEPS;1
HOFSTAAT;VOLK;1
HOFSTAAT;KÖNIG;1
HOFSTAAT;PLÖTZLICHE STIMME AUS DEM HINTERGRUND;1
HOFSTAAT;VON DER KRON;1
HOFSTAAT;HUBELAND;1
HOFSTAAT;OFFIZIER;1
HOFSTAAT;VIELE STIMMEN;1
PLÖTZLICHE STIMME AUS DEM HINTERGRUND;REPS;1
PLÖTZLICHE STIMME AUS DEM HINTERGRUND;VOLK;1
PLÖTZLICHE STIMME AUS DEM HINTERGRUND;VON DER KRON;1
PLÖTZLICHE STIMME AUS DEM HINTERGRUND;VIELE STIMMEN;1
DER ROTE SEPP;DUMMERCHEN;1
DER ROTE SEPP;ERSTER BÜRGER;1
DER ROTE SEPP;ZWEITER BÜRGER;1
DER ROTE SEPP;REPS;2
DER ROTE SEPP;KLEPS;2
DER ROTE SEPP;EIN HEROLD;1
DER ROTE SEPP;VOLK;1
DER ROTE SEPP;KÖNIG;5
DER ROTE SEPP;HOFPREDIGER;3
DER ROTE SEPP;HOFSTAAT;1
DER ROTE SEPP;PLÖTZLICHE STIMME AUS DEM HINTERGRUND;1
DER ROTE SEPP;HANS VON MAIKERF;2
DER ROTE SEPP;VON DER KRON;5
DER ROTE SEPP;HUBELAND;2
DER ROTE SEPP;OFFIZIER;1
DER ROTE SEPP;VIELE STIMMEN;1
DER ROTE SEPP;DICHTER SYLVAN;1
DER ROTE SEPP;KANZLER;2
DER ROTE SEPP;KULTUSMINISTER;1
DER ROTE SEPP;VON ZANGEN;1
DER ROTE SEPP;MAIKÄFERFÜRSTIN ARTEMISIA;1
DER ROTE SEPP;MYRRHA;1
DER ROTE SEPP;PHYLLIS;1
DER ROTE SEPP;LAINILLA;1
DER ROTE SEPP;DORIS;1
DER ROTE SEPP;STIMME AUS DEM HAUFEN;1
DER ROTE SEPP;DRITTE STIMME;1
DER ROTE SEPP;VIELE STIMMEN IM HINTERGRUND;1
DER ROTE SEPP;STIMME IM HINTERGRUND;1
HANS VON MAIKERF;ZWEITER BRUDER;3
HANS VON MAIKERF;ZWEITER BÜRGER;4
HANS VON MAIKERF;REPS;3
HANS VON MAIKERF;KLEPS;3
HANS VON MAIKERF;VOLK;1
HANS VON MAIKERF;KÖNIG;3
HANS VON MAIKERF;HOFPREDIGER;2
HANS VON MAIKERF;HOFSTAAT;1
HANS VON MAIKERF;PLÖTZLICHE STIMME AUS DEM HINTERGRUND;1
HANS VON MAIKERF;VON DER KRON;2
HANS VON MAIKERF;HUBELAND;4
HANS VON MAIKERF;OFFIZIER;1
HANS VON MAIKERF;VIELE STIMMEN;1
HANS VON MAIKERF;KANZLER;1
HANS VON MAIKERF;VON ZANGEN;2
HANS VON MAIKERF;MAIKÄFERFÜRSTIN ARTEMISIA;1
HANS VON MAIKERF;MYRRHA;1
HANS VON MAIKERF;PHYLLIS;1
HANS VON MAIKERF;LAINILLA;1
HANS VON MAIKERF;STIMME AUS DEM HAUFEN;1
HANS VON MAIKERF;VIELE STIMMEN IM HINTERGRUND;1
HANS VON MAIKERF;STIMME IM HINTERGRUND;1
HANS VON MAIKERF;PHRIXA;1
VON DER KRON;ZWEITER BÜRGER;1
VON DER KRON;VON ZANGEN;2
HUBELAND;ZWEITER BÜRGER;2
HUBELAND;REPS;2
HUBELAND;KLEPS;2
HUBELAND;VOLK;1
HUBELAND;KÖNIG;3
HUBELAND;PLÖTZLICHE STIMME AUS DEM HINTERGRUND;1
HUBELAND;VON DER KRON;2
HUBELAND;OFFIZIER;1
HUBELAND;VIELE STIMMEN;1
HUBELAND;KANZLER;1
HUBELAND;VON ZANGEN;2
HUBELAND;MAIKÄFERFÜRSTIN ARTEMISIA;1
HUBELAND;MYRRHA;1
HUBELAND;PHYLLIS;1
HUBELAND;LAINILLA;1
HUBELAND;STIMME AUS DEM HAUFEN;1
HUBELAND;VIELE STIMMEN IM HINTERGRUND;1
HUBELAND;STIMME IM HINTERGRUND;1
OFFIZIER;REPS;1
OFFIZIER;VOLK;1
OFFIZIER;PLÖTZLICHE STIMME AUS DEM HINTERGRUND;1
OFFIZIER;VON DER KRON;1
OFFIZIER;VIELE STIMMEN;1
VIELE STIMMEN;VOLK;1
VIELE STIMMEN;VON DER KRON;1
DICHTER SYLVAN;DUMMERCHEN;1
DICHTER SYLVAN;REPS;1
DICHTER SYLVAN;KLEPS;1
DICHTER SYLVAN;EIN HEROLD;1
DICHTER SYLVAN;VOLK;1
DICHTER SYLVAN;KÖNIG;1
DICHTER SYLVAN;HOFPREDIGER;1
DICHTER SYLVAN;HOFSTAAT;1
DICHTER SYLVAN;PLÖTZLICHE STIMME AUS DEM HINTERGRUND;1
DICHTER SYLVAN;HANS VON MAIKERF;1
DICHTER SYLVAN;VON DER KRON;1
DICHTER SYLVAN;HUBELAND;1
DICHTER SYLVAN;OFFIZIER;1
DICHTER SYLVAN;VIELE STIMMEN;1
KANZLER;ZWEITER BÜRGER;1
KANZLER;REPS;1
KANZLER;KLEPS;1
KANZLER;KÖNIG;2
KANZLER;VON DER KRON;2
KANZLER;KULTUSMINISTER;1
KANZLER;VON ZANGEN;1
KANZLER;MAIKÄFERFÜRSTIN ARTEMISIA;1
KANZLER;MYRRHA;1
KANZLER;PHYLLIS;1
KANZLER;LAINILLA;1
KANZLER;STIMME AUS DEM HAUFEN;1
KANZLER;VIELE STIMMEN IM HINTERGRUND;1
KANZLER;STIMME IM HINTERGRUND;1
KULTUSMINISTER;KÖNIG;1
KULTUSMINISTER;VON DER KRON;1
DIE BRÜDER DES HANS VON MAIKERF;DRITTER BRUDER;1
DIE BRÜDER DES HANS VON MAIKERF;DUMMERCHEN;1
DIE BRÜDER DES HANS VON MAIKERF;ERSTER BÜRGER;1
DIE BRÜDER DES HANS VON MAIKERF;ZWEITER BÜRGER;1
DIE BRÜDER DES HANS VON MAIKERF;HANS VON MAIKERF;1
DIE BRÜDER DES HANS VON MAIKERF;HUBELAND;1
VON ZANGEN;ZWEITER BÜRGER;1
MAIKÄFERFÜRSTIN ARTEMISIA;ZWEITER BÜRGER;1
MAIKÄFERFÜRSTIN ARTEMISIA;REPS;1
MAIKÄFERFÜRSTIN ARTEMISIA;VON DER KRON;1
MAIKÄFERFÜRSTIN ARTEMISIA;VON ZANGEN;1
MAIKÄFERFÜRSTIN ARTEMISIA;MYRRHA;2
MAIKÄFERFÜRSTIN ARTEMISIA;PHYLLIS;2
MAIKÄFERFÜRSTIN ARTEMISIA;STIMME AUS DEM HAUFEN;1
MAIKÄFERFÜRSTIN ARTEMISIA;VIELE STIMMEN IM HINTERGRUND;1
MAIKÄFERFÜRSTIN ARTEMISIA;STIMME IM HINTERGRUND;1
ANDRAKIA;DUMMERCHEN;1
ANDRAKIA;ERSTER BÜRGER;1
ANDRAKIA;ZWEITER BÜRGER;1
ANDRAKIA;BAUER HINTERSTOISSER;1
ANDRAKIA;REPS;1
ANDRAKIA;KLEPS;1
ANDRAKIA;KÖNIG;2
ANDRAKIA;HOFPREDIGER;1
ANDRAKIA;DER ROTE SEPP;1
ANDRAKIA;HANS VON MAIKERF;1
ANDRAKIA;VON DER KRON;2
ANDRAKIA;HUBELAND;1
ANDRAKIA;KANZLER;1
ANDRAKIA;VON ZANGEN;1
ANDRAKIA;MAIKÄFERFÜRSTIN ARTEMISIA;2
ANDRAKIA;MYRRHA;2
ANDRAKIA;PHYLLIS;2
ANDRAKIA;ANTHUSA;2
ANDRAKIA;BRUMMORCHESTER;1
ANDRAKIA;DER LYRISCHE DICHTER SYLVAN;1
ANDRAKIA;LAINILLA;1
ANDRAKIA;DORIS;1
ANDRAKIA;STIMME AUS DEM HAUFEN;1
ANDRAKIA;ANDRE STIMME;1
ANDRAKIA;DRITTE STIMME;1
ANDRAKIA;VIELE STIMMEN IM HINTERGRUND;1
ANDRAKIA;ANDRE STIMMEN;1
ANDRAKIA;STIMME IM HINTERGRUND;1
MYRRHA;ZWEITER BÜRGER;1
MYRRHA;REPS;1
MYRRHA;VON DER KRON;1
MYRRHA;VON ZANGEN;1
MYRRHA;PHYLLIS;2
MYRRHA;STIMME AUS DEM HAUFEN;1
MYRRHA;VIELE STIMMEN IM HINTERGRUND;1
MYRRHA;STIMME IM HINTERGRUND;1
PHYLLIS;ZWEITER BÜRGER;1
PHYLLIS;REPS;1
PHYLLIS;VON DER KRON;1
PHYLLIS;VON ZANGEN;1
PHYLLIS;STIMME AUS DEM HAUFEN;1
PHYLLIS;VIELE STIMMEN IM HINTERGRUND;1
PHYLLIS;STIMME IM HINTERGRUND;1
PHYLLIS;TATTABAUCIS;1
ANTHUSA;DUMMERCHEN;2
ANTHUSA;KÖNIG;2
ANTHUSA;HANS VON MAIKERF;1
ANTHUSA;VON DER KRON;1
ANTHUSA;MAIKÄFERFÜRSTIN ARTEMISIA;1
ANTHUSA;MYRRHA;1
ANTHUSA;PHYLLIS;2
ANTHUSA;DER LYRISCHE DICHTER SYLVAN;1
ANTHUSA;LAINILLA;1
ANTHUSA;PHRIXA;1
ANTHUSA;TATTABAUCIS;1
ANTHUSA;KAKODROMIDA;1
BRUMMORCHESTER;ERSTER BÜRGER;1
BRUMMORCHESTER;ZWEITER BÜRGER;1
BRUMMORCHESTER;REPS;1
BRUMMORCHESTER;KLEPS;1
BRUMMORCHESTER;KÖNIG;1
BRUMMORCHESTER;HOFPREDIGER;1
BRUMMORCHESTER;DER ROTE SEPP;1
BRUMMORCHESTER;HANS VON MAIKERF;1
BRUMMORCHESTER;VON DER KRON;1
BRUMMORCHESTER;HUBELAND;1
BRUMMORCHESTER;KANZLER;1
BRUMMORCHESTER;VON ZANGEN;1
BRUMMORCHESTER;MAIKÄFERFÜRSTIN ARTEMISIA;1
BRUMMORCHESTER;MYRRHA;1
BRUMMORCHESTER;PHYLLIS;1
BRUMMORCHESTER;DER LYRISCHE DICHTER SYLVAN;1
BRUMMORCHESTER;LAINILLA;1
BRUMMORCHESTER;DORIS;1
BRUMMORCHESTER;STIMME AUS DEM HAUFEN;1
BRUMMORCHESTER;DRITTE STIMME;1
BRUMMORCHESTER;VIELE STIMMEN IM HINTERGRUND;1
BRUMMORCHESTER;STIMME IM HINTERGRUND;1
DER LYRISCHE DICHTER SYLVAN;ERSTER BÜRGER;1
DER LYRISCHE DICHTER SYLVAN;ZWEITER BÜRGER;1
DER LYRISCHE DICHTER SYLVAN;REPS;1
DER LYRISCHE DICHTER SYLVAN;KLEPS;1
DER LYRISCHE DICHTER SYLVAN;KÖNIG;1
DER LYRISCHE DICHTER SYLVAN;HOFPREDIGER;1
DER LYRISCHE DICHTER SYLVAN;DER ROTE SEPP;1
DER LYRISCHE DICHTER SYLVAN;HANS VON MAIKERF;1
DER LYRISCHE DICHTER SYLVAN;VON DER KRON;1
DER LYRISCHE DICHTER SYLVAN;HUBELAND;1
DER LYRISCHE DICHTER SYLVAN;KANZLER;1
DER LYRISCHE DICHTER SYLVAN;VON ZANGEN;1
DER LYRISCHE DICHTER SYLVAN;MAIKÄFERFÜRSTIN ARTEMISIA;1
DER LYRISCHE DICHTER SYLVAN;MYRRHA;1
DER LYRISCHE DICHTER SYLVAN;PHYLLIS;2
DER LYRISCHE DICHTER SYLVAN;LAINILLA;2
DER LYRISCHE DICHTER SYLVAN;DORIS;1
DER LYRISCHE DICHTER SYLVAN;STIMME AUS DEM HAUFEN;1
DER LYRISCHE DICHTER SYLVAN;DRITTE STIMME;1
DER LYRISCHE DICHTER SYLVAN;VIELE STIMMEN IM HINTERGRUND;1
DER LYRISCHE DICHTER SYLVAN;STIMME IM HINTERGRUND;1
DER LYRISCHE DICHTER SYLVAN;PHRIXA;1
DER LYRISCHE DICHTER SYLVAN;TATTABAUCIS;1
DER LYRISCHE DICHTER SYLVAN;KAKODROMIDA;1
LAINILLA;ZWEITER BÜRGER;1
LAINILLA;REPS;1
LAINILLA;VON DER KRON;1
LAINILLA;VON ZANGEN;1
LAINILLA;MAIKÄFERFÜRSTIN ARTEMISIA;1
LAINILLA;MYRRHA;1
LAINILLA;PHYLLIS;2
LAINILLA;STIMME AUS DEM HAUFEN;1
LAINILLA;VIELE STIMMEN IM HINTERGRUND;1
LAINILLA;STIMME IM HINTERGRUND;1
LAINILLA;PHRIXA;1
LAINILLA;TATTABAUCIS;1
DORIS;ERSTER BÜRGER;1
DORIS;ZWEITER BÜRGER;1
DORIS;REPS;1
DORIS;KLEPS;1
DORIS;KÖNIG;1
DORIS;HOFPREDIGER;1
DORIS;HANS VON MAIKERF;1
DORIS;VON DER KRON;1
DORIS;HUBELAND;1
DORIS;KANZLER;1
DORIS;VON ZANGEN;1
DORIS;MAIKÄFERFÜRSTIN ARTEMISIA;1
DORIS;MYRRHA;1
DORIS;PHYLLIS;1
DORIS;LAINILLA;1
DORIS;STIMME AUS DEM HAUFEN;1
DORIS;DRITTE STIMME;1
DORIS;VIELE STIMMEN IM HINTERGRUND;1
DORIS;STIMME IM HINTERGRUND;1
STIMME AUS DEM HAUFEN;ZWEITER BÜRGER;1
STIMME AUS DEM HAUFEN;VON DER KRON;1
STIMME AUS DEM HAUFEN;VON ZANGEN;1
STIMME AUS DEM HAUFEN;VIELE STIMMEN IM HINTERGRUND;1
STIMME AUS DEM HAUFEN;STIMME IM HINTERGRUND;1
ANDRE STIMME;ERSTER BÜRGER;1
ANDRE STIMME;ZWEITER BÜRGER;1
ANDRE STIMME;BAUER HINTERSTOISSER;1
ANDRE STIMME;REPS;1
ANDRE STIMME;KLEPS;1
ANDRE STIMME;KÖNIG;1
ANDRE STIMME;HOFPREDIGER;1
ANDRE STIMME;DER ROTE SEPP;1
ANDRE STIMME;HANS VON MAIKERF;1
ANDRE STIMME;VON DER KRON;1
ANDRE STIMME;HUBELAND;1
ANDRE STIMME;KANZLER;1
ANDRE STIMME;VON ZANGEN;1
ANDRE STIMME;MAIKÄFERFÜRSTIN ARTEMISIA;1
ANDRE STIMME;MYRRHA;1
ANDRE STIMME;PHYLLIS;1
ANDRE STIMME;BRUMMORCHESTER;1
ANDRE STIMME;DER LYRISCHE DICHTER SYLVAN;1
ANDRE STIMME;LAINILLA;1
ANDRE STIMME;DORIS;1
ANDRE STIMME;STIMME AUS DEM HAUFEN;1
ANDRE STIMME;DRITTE STIMME;1
ANDRE STIMME;VIELE STIMMEN IM HINTERGRUND;1
ANDRE STIMME;ANDRE STIMMEN;1
ANDRE STIMME;STIMME IM HINTERGRUND;1
DRITTE STIMME;ERSTER BÜRGER;1
DRITTE STIMME;ZWEITER BÜRGER;1
DRITTE STIMME;REPS;1
DRITTE STIMME;KLEPS;1
DRITTE STIMME;KÖNIG;1
DRITTE STIMME;HOFPREDIGER;1
DRITTE STIMME;HANS VON MAIKERF;1
DRITTE STIMME;VON DER KRON;1
DRITTE STIMME;HUBELAND;1
DRITTE STIMME;KANZLER;1
DRITTE STIMME;VON ZANGEN;1
DRITTE STIMME;MAIKÄFERFÜRSTIN ARTEMISIA;1
DRITTE STIMME;MYRRHA;1
DRITTE STIMME;PHYLLIS;1
DRITTE STIMME;LAINILLA;1
DRITTE STIMME;STIMME AUS DEM HAUFEN;1
DRITTE STIMME;VIELE STIMMEN IM HINTERGRUND;1
DRITTE STIMME;STIMME IM HINTERGRUND;1
VIELE STIMMEN IM HINTERGRUND;ZWEITER BÜRGER;1
VIELE STIMMEN IM HINTERGRUND;VON DER KRON;1
VIELE STIMMEN IM HINTERGRUND;VON ZANGEN;1
ANDRE STIMMEN;ERSTER BÜRGER;1
ANDRE STIMMEN;ZWEITER BÜRGER;1
ANDRE STIMMEN;BAUER HINTERSTOISSER;1
ANDRE STIMMEN;REPS;1
ANDRE STIMMEN;KLEPS;1
ANDRE STIMMEN;KÖNIG;1
ANDRE STIMMEN;HOFPREDIGER;1
ANDRE STIMMEN;DER ROTE SEPP;1
ANDRE STIMMEN;HANS VON MAIKERF;1
ANDRE STIMMEN;VON DER KRON;1
ANDRE STIMMEN;HUBELAND;1
ANDRE STIMMEN;KANZLER;1
ANDRE STIMMEN;VON ZANGEN;1
ANDRE STIMMEN;MAIKÄFERFÜRSTIN ARTEMISIA;1
ANDRE STIMMEN;MYRRHA;1
ANDRE STIMMEN;PHYLLIS;1
ANDRE STIMMEN;BRUMMORCHESTER;1
ANDRE STIMMEN;DER LYRISCHE DICHTER SYLVAN;1
ANDRE STIMMEN;LAINILLA;1
ANDRE STIMMEN;DORIS;1
ANDRE STIMMEN;STIMME AUS DEM HAUFEN;1
ANDRE STIMMEN;DRITTE STIMME;1
ANDRE STIMMEN;VIELE STIMMEN IM HINTERGRUND;1
ANDRE STIMMEN;STIMME IM HINTERGRUND;1
STIMME IM HINTERGRUND;ZWEITER BÜRGER;1
STIMME IM HINTERGRUND;VON DER KRON;1
STIMME IM HINTERGRUND;VON ZANGEN;1
STIMME IM HINTERGRUND;VIELE STIMMEN IM HINTERGRUND;1
PHRIXA;ZWEITER BRUDER;1
PHRIXA;ZWEITER BÜRGER;1
PHRIXA;REPS;1
PHRIXA;PHYLLIS;1
PHRIXA;TATTABAUCIS;1
KAKODROMIDA;PHYLLIS;1
KAKODROMIDA;LAINILLA;1
KAKODROMIDA;PHRIXA;1
KAKODROMIDA;TATTABAUCIS;1
