PRÄTOR;ZENTURJO;1
NERO;PRÄTOR;1
NERO;ZWEITES MÄDCHEN;1
NERO;TERPNUS;1
NERO;ZENTURJO;5
NERO;SENEKA;1
NERO;TIGELLINUS;4
NERO;NYMPHIDIUS;2
NERO;ZWEITER BEGLEITER;1
NERO;STIMME;1
NERO;SOLDAT;1
NERO;SPÄHER;1
NERO;SPORUS;1
NERO;PHAON;1
LUKANUS;NERO;1
LUKANUS;ZWEITES MÄDCHEN;1
LUKANUS;MONTANUS;1
LUKANUS;TERPNUS;1
LUKANUS;ZENTURJO;1
ERSTES MÄDCHEN;NERO;1
ERSTES MÄDCHEN;LUKANUS;1
ERSTES MÄDCHEN;ZWEITES MÄDCHEN;1
ERSTES MÄDCHEN;MONTANUS;1
ERSTES MÄDCHEN;TERPNUS;1
ERSTES MÄDCHEN;ZENTURJO;1
ANDERE MÄDCHEN;NERO;1
ANDERE MÄDCHEN;LUKANUS;1
ANDERE MÄDCHEN;ERSTES MÄDCHEN;1
ANDERE MÄDCHEN;ZWEITES MÄDCHEN;1
ANDERE MÄDCHEN;DRITTES MÄDCHEN;1
ANDERE MÄDCHEN;MONTANUS;1
ANDERE MÄDCHEN;TERPNUS;1
ANDERE MÄDCHEN;ZENTURJO;1
DRITTES MÄDCHEN;NERO;1
DRITTES MÄDCHEN;LUKANUS;1
DRITTES MÄDCHEN;ERSTES MÄDCHEN;1
DRITTES MÄDCHEN;ZWEITES MÄDCHEN;1
DRITTES MÄDCHEN;MONTANUS;1
DRITTES MÄDCHEN;TERPNUS;1
DRITTES MÄDCHEN;ZENTURJO;1
ALLE MÄDCHEN;NERO;1
ALLE MÄDCHEN;LUKANUS;1
ALLE MÄDCHEN;ERSTES MÄDCHEN;1
ALLE MÄDCHEN;ZWEITES MÄDCHEN;1
ALLE MÄDCHEN;ANDERE MÄDCHEN;1
ALLE MÄDCHEN;DRITTES MÄDCHEN;1
ALLE MÄDCHEN;MONTANUS;1
ALLE MÄDCHEN;TERPNUS;1
ALLE MÄDCHEN;ZENTURJO;1
ALLE MÄDCHEN;ERSTER CHRISTJANUS;1
ALLE MÄDCHEN;ERSTER LEICHENTRÄGER;1
ALLE MÄDCHEN;ZWEITE CHRISTJANA;1
ALLE MÄDCHEN;ERSTE CHRISTJANA;1
ALLE MÄDCHEN;DRITTE CHRISTJANA;1
ALLE MÄDCHEN;ZWEITER LEICHENTRÄGER;1
ALLE MÄDCHEN;DRITTER LEICHENTRÄGER;1
ALLE MÄDCHEN;EINER VOM DRITTEN TRANSPORT;1
ALLE MÄDCHEN;EIN MÄDCHEN;1
ALLE MÄDCHEN;ERSTER BOTE;1
ALLE MÄDCHEN;ZWEITER BOTE;1
ALLE MÄDCHEN;EUELPIUS;1
ALLE MÄDCHEN;ZWEITER CHRISTJANUS;1
MONTANUS;NERO;1
MONTANUS;ZWEITES MÄDCHEN;1
MONTANUS;TERPNUS;1
MONTANUS;ZENTURJO;1
TERPNUS;ZWEITES MÄDCHEN;1
TERPNUS;ZENTURJO;1
AKTE;NERO;2
AKTE;LUKANUS;1
AKTE;ERSTES MÄDCHEN;1
AKTE;ZWEITES MÄDCHEN;1
AKTE;ANDERE MÄDCHEN;1
AKTE;DRITTES MÄDCHEN;1
AKTE;ALLE MÄDCHEN;1
AKTE;MONTANUS;1
AKTE;TERPNUS;1
AKTE;ZENTURJO;2
AKTE;TIGELLINUS;1
AKTE;STIMME;1
AKTE;SOLDAT;1
AKTE;CHARMIS;1
ZENTURJO;ZWEITES MÄDCHEN;1
ZENTURJO;ZWEITER BEGLEITER;1
SENEKA;TIGELLINUS;1
BURRUS;NERO;1
BURRUS;SENEKA;1
BURRUS;TIGELLINUS;1
TIGELLINUS;ZENTURJO;3
TIGELLINUS;ZWEITER BEGLEITER;1
ERSTER CHRISTJANUS;ERSTER LEICHENTRÄGER;1
ERSTER CHRISTJANUS;ZWEITE CHRISTJANA;1
ERSTER CHRISTJANUS;ZWEITER LEICHENTRÄGER;1
ERSTER CHRISTJANUS;ZWEITER BOTE;1
ERSTER CHRISTJANUS;EUELPIUS;1
ERSTER CHRISTJANUS;ZWEITER CHRISTJANUS;1
ERSTER LEICHENTRÄGER;ZWEITE CHRISTJANA;1
ERSTER LEICHENTRÄGER;ZWEITER LEICHENTRÄGER;1
ERSTER LEICHENTRÄGER;ZWEITER BOTE;1
ERSTER LEICHENTRÄGER;EUELPIUS;1
ERSTER LEICHENTRÄGER;ZWEITER CHRISTJANUS;1
ZWEITE CHRISTJANA;ZWEITER LEICHENTRÄGER;1
ZWEITE CHRISTJANA;ZWEITER BOTE;1
ZWEITE CHRISTJANA;ZWEITER CHRISTJANUS;1
ERSTE CHRISTJANA;ERSTER CHRISTJANUS;1
ERSTE CHRISTJANA;ERSTER LEICHENTRÄGER;1
ERSTE CHRISTJANA;ZWEITE CHRISTJANA;1
ERSTE CHRISTJANA;ZWEITER LEICHENTRÄGER;1
ERSTE CHRISTJANA;ERSTER BOTE;1
ERSTE CHRISTJANA;ZWEITER BOTE;1
ERSTE CHRISTJANA;EUELPIUS;1
ERSTE CHRISTJANA;ZWEITER CHRISTJANUS;1
DRITTE CHRISTJANA;ERSTER CHRISTJANUS;1
DRITTE CHRISTJANA;ERSTER LEICHENTRÄGER;1
DRITTE CHRISTJANA;ZWEITE CHRISTJANA;1
DRITTE CHRISTJANA;ERSTE CHRISTJANA;1
DRITTE CHRISTJANA;ZWEITER LEICHENTRÄGER;1
DRITTE CHRISTJANA;DRITTER LEICHENTRÄGER;1
DRITTE CHRISTJANA;EINER VOM DRITTEN TRANSPORT;1
DRITTE CHRISTJANA;EIN MÄDCHEN;1
DRITTE CHRISTJANA;ERSTER BOTE;1
DRITTE CHRISTJANA;ZWEITER BOTE;1
DRITTE CHRISTJANA;EUELPIUS;1
DRITTE CHRISTJANA;ZWEITER CHRISTJANUS;1
DRITTER LEICHENTRÄGER;ERSTER CHRISTJANUS;1
DRITTER LEICHENTRÄGER;ERSTER LEICHENTRÄGER;1
DRITTER LEICHENTRÄGER;ZWEITE CHRISTJANA;1
DRITTER LEICHENTRÄGER;ERSTE CHRISTJANA;1
DRITTER LEICHENTRÄGER;ZWEITER LEICHENTRÄGER;1
DRITTER LEICHENTRÄGER;EINER VOM DRITTEN TRANSPORT;1
DRITTER LEICHENTRÄGER;EIN MÄDCHEN;1
DRITTER LEICHENTRÄGER;ERSTER BOTE;1
DRITTER LEICHENTRÄGER;ZWEITER BOTE;1
DRITTER LEICHENTRÄGER;EUELPIUS;1
DRITTER LEICHENTRÄGER;ZWEITER CHRISTJANUS;1
EINER VOM DRITTEN TRANSPORT;ERSTER CHRISTJANUS;1
EINER VOM DRITTEN TRANSPORT;ERSTER LEICHENTRÄGER;1
EINER VOM DRITTEN TRANSPORT;ZWEITE CHRISTJANA;1
EINER VOM DRITTEN TRANSPORT;ERSTE CHRISTJANA;1
EINER VOM DRITTEN TRANSPORT;ZWEITER LEICHENTRÄGER;1
EINER VOM DRITTEN TRANSPORT;ERSTER BOTE;1
EINER VOM DRITTEN TRANSPORT;ZWEITER BOTE;1
EINER VOM DRITTEN TRANSPORT;EUELPIUS;1
EINER VOM DRITTEN TRANSPORT;ZWEITER CHRISTJANUS;1
EIN MÄDCHEN;ERSTER CHRISTJANUS;1
EIN MÄDCHEN;ERSTER LEICHENTRÄGER;1
EIN MÄDCHEN;ZWEITE CHRISTJANA;1
EIN MÄDCHEN;ERSTE CHRISTJANA;1
EIN MÄDCHEN;ZWEITER LEICHENTRÄGER;1
EIN MÄDCHEN;EINER VOM DRITTEN TRANSPORT;1
EIN MÄDCHEN;ERSTER BOTE;1
EIN MÄDCHEN;ZWEITER BOTE;1
EIN MÄDCHEN;EUELPIUS;1
EIN MÄDCHEN;ZWEITER CHRISTJANUS;1
ERSTER BOTE;ERSTER CHRISTJANUS;1
ERSTER BOTE;ERSTER LEICHENTRÄGER;1
ERSTER BOTE;ZWEITE CHRISTJANA;1
ERSTER BOTE;ZWEITER LEICHENTRÄGER;1
ERSTER BOTE;ZWEITER BOTE;1
ERSTER BOTE;EUELPIUS;1
ERSTER BOTE;ZWEITER CHRISTJANUS;1
ZWEITER BOTE;ZWEITER LEICHENTRÄGER;1
ZWEITER BOTE;ZWEITER CHRISTJANUS;1
EUELPIUS;ZWEITE CHRISTJANA;1
EUELPIUS;ZWEITER LEICHENTRÄGER;1
EUELPIUS;ZWEITER BOTE;1
EUELPIUS;ZWEITER CHRISTJANUS;1
ZWEITER CHRISTJANUS;ZWEITER LEICHENTRÄGER;1
KURIO;NERO;1
KURIO;ZENTURJO;1
KURIO;TIGELLINUS;1
KURIO;NYMPHIDIUS;1
KURIO;ZWEITER BEGLEITER;1
BEWAFNETER;NERO;1
BEWAFNETER;ZENTURJO;1
BEWAFNETER;TIGELLINUS;1
BEWAFNETER;KURIO;1
BEWAFNETER;DIE TRUPPEN;1
BEWAFNETER;EPAPHRODITUS;1
BEWAFNETER;NYMPHIDIUS;1
BEWAFNETER;KOSROËS;1
BEWAFNETER;ERSTER BEGLEITER;1
BEWAFNETER;ZWEITER BEGLEITER;1
BEWAFNETER;FLAVUS;1
DIE TRUPPEN;NERO;1
DIE TRUPPEN;ZENTURJO;1
DIE TRUPPEN;TIGELLINUS;1
DIE TRUPPEN;KURIO;1
DIE TRUPPEN;EPAPHRODITUS;1
DIE TRUPPEN;NYMPHIDIUS;1
DIE TRUPPEN;KOSROËS;1
DIE TRUPPEN;ERSTER BEGLEITER;1
DIE TRUPPEN;ZWEITER BEGLEITER;1
DIE TRUPPEN;FLAVUS;1
EPAPHRODITUS;PRÄTOR;1
EPAPHRODITUS;NERO;3
EPAPHRODITUS;ZENTURJO;3
EPAPHRODITUS;TIGELLINUS;2
EPAPHRODITUS;KURIO;1
EPAPHRODITUS;NYMPHIDIUS;2
EPAPHRODITUS;KOSROËS;1
EPAPHRODITUS;ERSTER BEGLEITER;1
EPAPHRODITUS;ZWEITER BEGLEITER;1
EPAPHRODITUS;FLAVUS;1
EPAPHRODITUS;HASTA;1
EPAPHRODITUS;SPÄHER;1
EPAPHRODITUS;SPORUS;1
EPAPHRODITUS;PHAON;1
NYMPHIDIUS;ZENTURJO;2
NYMPHIDIUS;TIGELLINUS;2
NYMPHIDIUS;ZWEITER BEGLEITER;1
NYMPHIDIUS;SPÄHER;1
NYMPHIDIUS;SPORUS;1
KOSROËS;NERO;1
KOSROËS;ZENTURJO;1
KOSROËS;TIGELLINUS;1
KOSROËS;KURIO;1
KOSROËS;NYMPHIDIUS;1
KOSROËS;ZWEITER BEGLEITER;1
ERSTER BEGLEITER;NERO;1
ERSTER BEGLEITER;ZENTURJO;1
ERSTER BEGLEITER;TIGELLINUS;1
ERSTER BEGLEITER;KURIO;1
ERSTER BEGLEITER;NYMPHIDIUS;1
ERSTER BEGLEITER;KOSROËS;1
ERSTER BEGLEITER;ZWEITER BEGLEITER;1
ERSTER BEGLEITER;FLAVUS;1
FLAVUS;NERO;1
FLAVUS;ZENTURJO;1
FLAVUS;TIGELLINUS;1
FLAVUS;KURIO;1
FLAVUS;NYMPHIDIUS;1
FLAVUS;KOSROËS;1
FLAVUS;ZWEITER BEGLEITER;1
STIMME;ZENTURJO;1
STIMME;TIGELLINUS;1
SOLDAT;ZENTURJO;1
SOLDAT;TIGELLINUS;1
SOLDAT;STIMME;1
CHARMIS;NERO;1
CHARMIS;ZENTURJO;1
CHARMIS;TIGELLINUS;1
CHARMIS;STIMME;1
CHARMIS;SOLDAT;1
DORYPHOROS;ERSTER RÖMER;1
DORYPHOROS;ZWEITER RÖMER;1
DORYPHOROS;DRITTER RÖMER;1
DORYPHOROS;ERSTER MANN;1
DORYPHOROS;ERSTER JUDE;1
DORYPHOROS;ZWEITER JUDE;1
AUGUSTJANI;DORYPHOROS;1
AUGUSTJANI;ERSTER RÖMER;1
AUGUSTJANI;ZWEITER RÖMER;1
AUGUSTJANI;DRITTER RÖMER;1
AUGUSTJANI;ERSTER MANN;1
AUGUSTJANI;ERSTER JUDE;1
AUGUSTJANI;ZWEITER JUDE;1
ERSTER RÖMER;ZWEITER RÖMER;1
ERSTER RÖMER;ZWEITER JUDE;1
DRITTER RÖMER;ERSTER RÖMER;1
DRITTER RÖMER;ZWEITER RÖMER;1
DRITTER RÖMER;ERSTER MANN;1
DRITTER RÖMER;ERSTER JUDE;1
DRITTER RÖMER;ZWEITER JUDE;1
ERSTER MANN;ERSTER RÖMER;1
ERSTER MANN;ZWEITER RÖMER;1
ERSTER MANN;ZWEITER JUDE;1
ERSTER JUDE;ERSTER RÖMER;1
ERSTER JUDE;ZWEITER RÖMER;1
ERSTER JUDE;ERSTER MANN;1
ERSTER JUDE;ZWEITER JUDE;1
ZWEITER JUDE;ZWEITER RÖMER;1
HASTA;NERO;1
HASTA;ZENTURJO;1
HASTA;TIGELLINUS;1
HASTA;NYMPHIDIUS;1
HASTA;SPÄHER;1
HASTA;SPORUS;1
SPÄHER;ZENTURJO;1
SPÄHER;TIGELLINUS;1
SPORUS;ZENTURJO;1
SPORUS;TIGELLINUS;1
SPORUS;SPÄHER;1
PHAON;PRÄTOR;1
PHAON;ZENTURJO;1
