DER GRAF;SALAINO;1
DER GRAF;MARFISA;1
DER GRAF;REDEGONDA;1
DER GRAF;LORENZO;1
DER GRAF;VITTORIA;1
BARON;DER GRAF;1
BARON;VENIER;1
BARON;LE DUC;1
BARON;SASSI;1
BARON;DIE MUTTER;1
BARON;DIE CORTICELLI;1
BARON;SALAINO;2
BARON;MARFISA;2
BARON;REDEGONDA;2
BARON;DER ABBATE;2
BARON;JUWELIER;1
BARON;LORENZO;2
BARON;VITTORIA;2
BARON;CESARINO;1
VENIER;VITTORIA;1
LE DUC;VENIER;1
LE DUC;SASSI;1
LE DUC;SALAINO;1
LE DUC;MARFISA;1
LE DUC;REDEGONDA;1
LE DUC;LORENZO;1
LE DUC;VITTORIA;1
SASSI;VENIER;1
SASSI;VITTORIA;1
DIE MUTTER;VENIER;1
DIE MUTTER;LE DUC;1
DIE MUTTER;SASSI;1
DIE MUTTER;SALAINO;1
DIE MUTTER;MARFISA;1
DIE MUTTER;REDEGONDA;1
DIE MUTTER;JUWELIER;1
DIE MUTTER;LORENZO;1
DIE MUTTER;VITTORIA;1
DIE CORTICELLI;VENIER;1
DIE CORTICELLI;LE DUC;1
DIE CORTICELLI;SASSI;1
DIE CORTICELLI;DIE MUTTER;1
DIE CORTICELLI;SALAINO;1
DIE CORTICELLI;MARFISA;1
DIE CORTICELLI;REDEGONDA;1
DIE CORTICELLI;JUWELIER;1
DIE CORTICELLI;LORENZO;1
DIE CORTICELLI;VITTORIA;1
SALAINO;VENIER;1
SALAINO;SASSI;1
SALAINO;VITTORIA;2
MARFISA;VENIER;1
MARFISA;SASSI;1
MARFISA;SALAINO;2
MARFISA;REDEGONDA;2
MARFISA;VITTORIA;2
REDEGONDA;VENIER;1
REDEGONDA;SASSI;1
REDEGONDA;SALAINO;2
REDEGONDA;VITTORIA;2
ACHILLES;BARON;1
ACHILLES;VENIER;1
ACHILLES;LE DUC;1
ACHILLES;SASSI;1
ACHILLES;DIE MUTTER;1
ACHILLES;DIE CORTICELLI;1
ACHILLES;SALAINO;1
ACHILLES;MARFISA;1
ACHILLES;REDEGONDA;1
ACHILLES;DER ABBATE;1
ACHILLES;JUWELIER;1
ACHILLES;LORENZO;1
ACHILLES;VITTORIA;1
DER ABBATE;DER GRAF;1
DER ABBATE;VENIER;1
DER ABBATE;LE DUC;1
DER ABBATE;SASSI;1
DER ABBATE;DIE MUTTER;1
DER ABBATE;DIE CORTICELLI;1
DER ABBATE;SALAINO;2
DER ABBATE;MARFISA;2
DER ABBATE;REDEGONDA;2
DER ABBATE;JUWELIER;1
DER ABBATE;LORENZO;2
DER ABBATE;VITTORIA;2
JUWELIER;VENIER;1
JUWELIER;LE DUC;1
JUWELIER;SASSI;1
JUWELIER;SALAINO;1
JUWELIER;MARFISA;1
JUWELIER;REDEGONDA;1
JUWELIER;LORENZO;1
JUWELIER;VITTORIA;1
LORENZO;VENIER;1
LORENZO;SASSI;1
LORENZO;SALAINO;2
LORENZO;MARFISA;2
LORENZO;REDEGONDA;2
LORENZO;VITTORIA;2
CESARINO;DER GRAF;1
CESARINO;SALAINO;1
CESARINO;MARFISA;1
CESARINO;REDEGONDA;1
CESARINO;DER ABBATE;1
CESARINO;LORENZO;1
CESARINO;VITTORIA;1
