DIE BÜRGER;GRASSET;1
DIE BÜRGER;WIRT;1
DIE BÜRGER;LEBRET;1
DIE BÜRGER;PROSPERE;1
DIE BÜRGER;KOMMISSÄR;1
DIE BÜRGER;GRAIN;1
DIE BÜRGER;SCAEVOLA;1
DIE BÜRGER;HIRT;1
DIE BÜRGER;JULES;1
DIE BÜRGER;HENRI;1
DIE BÜRGER;LEOCADIE;1
DIE BÜRGER;FRANÇOIS;1
DIE BÜRGER;MICHETTE;1
DIE BÜRGER;FLIPOTTE;1
DIE BÜRGER;HERZOG;1
DIE BÜRGER;GUILLAUME;1
DIE BÜRGER;MARQUIS;1
DIE BÜRGER;ROLLIN;1
DIE BÜRGER;SEVERINE;1
DIE BÜRGER;GEORGETTE;1
DIE BÜRGER;ETIENNE;1
DIE BÜRGER;MAURICE;1
DIE BÜRGER;DIE SCHAUSPIELER;1
DIE BÜRGER;LANSAC;1
DIE BÜRGER;EINIGE;1
GRASSET;WIRT;1
GRASSET;LEBRET;1
GRASSET;PROSPERE;1
GRASSET;KOMMISSÄR;1
GRASSET;SCAEVOLA;1
GRASSET;HIRT;1
GRASSET;JULES;1
GRASSET;HENRI;1
GRASSET;LEOCADIE;1
GRASSET;MICHETTE;1
GRASSET;HERZOG;1
GRASSET;GUILLAUME;1
GRASSET;MARQUIS;1
GRASSET;ROLLIN;1
GRASSET;SEVERINE;1
GRASSET;MAURICE;1
GRASSET;LANSAC;1
LEBRET;WIRT;1
LEBRET;PROSPERE;1
LEBRET;SCAEVOLA;1
LEBRET;LEOCADIE;1
LEBRET;MICHETTE;1
LEBRET;MARQUIS;1
LEBRET;ROLLIN;1
LEBRET;SEVERINE;1
LEBRET;MAURICE;1
PROSPERE;WIRT;1
PROSPERE;SCAEVOLA;1
PROSPERE;ROLLIN;1
PROSPERE;SEVERINE;1
KOMMISSÄR;WIRT;1
KOMMISSÄR;LEBRET;1
KOMMISSÄR;PROSPERE;1
KOMMISSÄR;SCAEVOLA;1
KOMMISSÄR;LEOCADIE;1
KOMMISSÄR;MICHETTE;1
KOMMISSÄR;MARQUIS;1
KOMMISSÄR;ROLLIN;1
KOMMISSÄR;SEVERINE;1
KOMMISSÄR;MAURICE;1
KOMMISSÄR;LANSAC;1
GRAIN;GRASSET;1
GRAIN;WIRT;1
GRAIN;LEBRET;1
GRAIN;PROSPERE;1
GRAIN;KOMMISSÄR;1
GRAIN;SCAEVOLA;1
GRAIN;HIRT;1
GRAIN;JULES;1
GRAIN;HENRI;1
GRAIN;LEOCADIE;1
GRAIN;MICHETTE;1
GRAIN;HERZOG;1
GRAIN;GUILLAUME;1
GRAIN;MARQUIS;1
GRAIN;ROLLIN;1
GRAIN;SEVERINE;1
GRAIN;MAURICE;1
GRAIN;LANSAC;1
SCAEVOLA;WIRT;1
SCAEVOLA;SEVERINE;1
HIRT;WIRT;1
HIRT;LEBRET;1
HIRT;PROSPERE;1
HIRT;KOMMISSÄR;1
HIRT;SCAEVOLA;1
HIRT;JULES;1
HIRT;LEOCADIE;1
HIRT;MICHETTE;1
HIRT;MARQUIS;1
HIRT;ROLLIN;1
HIRT;SEVERINE;1
HIRT;MAURICE;1
HIRT;LANSAC;1
JULES;WIRT;1
JULES;LEBRET;1
JULES;PROSPERE;1
JULES;KOMMISSÄR;1
JULES;SCAEVOLA;1
JULES;LEOCADIE;1
JULES;MICHETTE;1
JULES;MARQUIS;1
JULES;ROLLIN;1
JULES;SEVERINE;1
JULES;MAURICE;1
JULES;LANSAC;1
HENRI;WIRT;1
HENRI;LEBRET;1
HENRI;PROSPERE;1
HENRI;KOMMISSÄR;1
HENRI;SCAEVOLA;1
HENRI;HIRT;1
HENRI;JULES;1
HENRI;LEOCADIE;1
HENRI;MICHETTE;1
HENRI;HERZOG;1
HENRI;MARQUIS;1
HENRI;ROLLIN;1
HENRI;SEVERINE;1
HENRI;MAURICE;1
HENRI;LANSAC;1
LEOCADIE;WIRT;1
LEOCADIE;PROSPERE;1
LEOCADIE;SCAEVOLA;1
LEOCADIE;MICHETTE;1
LEOCADIE;MARQUIS;1
LEOCADIE;ROLLIN;1
LEOCADIE;SEVERINE;1
LEOCADIE;MAURICE;1
FRANÇOIS;GRASSET;1
FRANÇOIS;WIRT;1
FRANÇOIS;LEBRET;1
FRANÇOIS;PROSPERE;1
FRANÇOIS;KOMMISSÄR;1
FRANÇOIS;GRAIN;1
FRANÇOIS;SCAEVOLA;1
FRANÇOIS;HIRT;1
FRANÇOIS;JULES;1
FRANÇOIS;HENRI;1
FRANÇOIS;LEOCADIE;1
FRANÇOIS;MICHETTE;1
FRANÇOIS;HERZOG;1
FRANÇOIS;GUILLAUME;1
FRANÇOIS;MARQUIS;1
FRANÇOIS;ROLLIN;1
FRANÇOIS;SEVERINE;1
FRANÇOIS;GEORGETTE;1
FRANÇOIS;MAURICE;1
FRANÇOIS;LANSAC;1
ALBIN;DIE BÜRGER;1
ALBIN;GRASSET;1
ALBIN;WIRT;1
ALBIN;LEBRET;1
ALBIN;PROSPERE;1
ALBIN;KOMMISSÄR;1
ALBIN;GRAIN;1
ALBIN;SCAEVOLA;1
ALBIN;HIRT;1
ALBIN;JULES;1
ALBIN;HENRI;1
ALBIN;LEOCADIE;1
ALBIN;FRANÇOIS;1
ALBIN;MICHETTE;1
ALBIN;FLIPOTTE;1
ALBIN;HERZOG;1
ALBIN;GUILLAUME;1
ALBIN;MARQUIS;1
ALBIN;ROLLIN;1
ALBIN;SEVERINE;1
ALBIN;GEORGETTE;1
ALBIN;BALTHASAR;1
ALBIN;ETIENNE;1
ALBIN;MAURICE;1
ALBIN;DIE SCHAUSPIELER;1
ALBIN;LANSAC;1
ALBIN;EINIGE;1
ALBIN;ANDERE;1
MICHETTE;WIRT;1
MICHETTE;PROSPERE;1
MICHETTE;SCAEVOLA;1
MICHETTE;ROLLIN;1
MICHETTE;SEVERINE;1
FLIPOTTE;GRASSET;1
FLIPOTTE;WIRT;1
FLIPOTTE;LEBRET;1
FLIPOTTE;PROSPERE;1
FLIPOTTE;KOMMISSÄR;1
FLIPOTTE;GRAIN;1
FLIPOTTE;SCAEVOLA;1
FLIPOTTE;HIRT;1
FLIPOTTE;JULES;1
FLIPOTTE;HENRI;1
FLIPOTTE;LEOCADIE;1
FLIPOTTE;FRANÇOIS;1
FLIPOTTE;MICHETTE;1
FLIPOTTE;HERZOG;1
FLIPOTTE;GUILLAUME;1
FLIPOTTE;MARQUIS;1
FLIPOTTE;ROLLIN;1
FLIPOTTE;SEVERINE;1
FLIPOTTE;GEORGETTE;1
FLIPOTTE;MAURICE;1
FLIPOTTE;LANSAC;1
HERZOG;WIRT;1
HERZOG;LEBRET;1
HERZOG;PROSPERE;1
HERZOG;KOMMISSÄR;1
HERZOG;SCAEVOLA;1
HERZOG;HIRT;1
HERZOG;JULES;1
HERZOG;LEOCADIE;1
HERZOG;MICHETTE;1
HERZOG;MARQUIS;1
HERZOG;ROLLIN;1
HERZOG;SEVERINE;1
HERZOG;MAURICE;1
HERZOG;LANSAC;1
GUILLAUME;WIRT;1
GUILLAUME;LEBRET;1
GUILLAUME;PROSPERE;1
GUILLAUME;KOMMISSÄR;1
GUILLAUME;SCAEVOLA;1
GUILLAUME;HIRT;1
GUILLAUME;JULES;1
GUILLAUME;HENRI;1
GUILLAUME;LEOCADIE;1
GUILLAUME;MICHETTE;1
GUILLAUME;HERZOG;1
GUILLAUME;MARQUIS;1
GUILLAUME;ROLLIN;1
GUILLAUME;SEVERINE;1
GUILLAUME;MAURICE;1
GUILLAUME;LANSAC;1
MARQUIS;WIRT;1
MARQUIS;PROSPERE;1
MARQUIS;SCAEVOLA;1
MARQUIS;MICHETTE;1
MARQUIS;ROLLIN;1
MARQUIS;SEVERINE;1
MARQUIS;MAURICE;1
ROLLIN;WIRT;1
ROLLIN;SCAEVOLA;1
ROLLIN;SEVERINE;1
SEVERINE;WIRT;1
GEORGETTE;GRASSET;1
GEORGETTE;WIRT;1
GEORGETTE;LEBRET;1
GEORGETTE;PROSPERE;1
GEORGETTE;KOMMISSÄR;1
GEORGETTE;GRAIN;1
GEORGETTE;SCAEVOLA;1
GEORGETTE;HIRT;1
GEORGETTE;JULES;1
GEORGETTE;HENRI;1
GEORGETTE;LEOCADIE;1
GEORGETTE;MICHETTE;1
GEORGETTE;HERZOG;1
GEORGETTE;GUILLAUME;1
GEORGETTE;MARQUIS;1
GEORGETTE;ROLLIN;1
GEORGETTE;SEVERINE;1
GEORGETTE;MAURICE;1
GEORGETTE;LANSAC;1
BALTHASAR;DIE BÜRGER;1
BALTHASAR;GRASSET;1
BALTHASAR;WIRT;1
BALTHASAR;LEBRET;1
BALTHASAR;PROSPERE;1
BALTHASAR;KOMMISSÄR;1
BALTHASAR;GRAIN;1
BALTHASAR;SCAEVOLA;1
BALTHASAR;HIRT;1
BALTHASAR;JULES;1
BALTHASAR;HENRI;1
BALTHASAR;LEOCADIE;1
BALTHASAR;FRANÇOIS;1
BALTHASAR;MICHETTE;1
BALTHASAR;FLIPOTTE;1
BALTHASAR;HERZOG;1
BALTHASAR;GUILLAUME;1
BALTHASAR;MARQUIS;1
BALTHASAR;ROLLIN;1
BALTHASAR;SEVERINE;1
BALTHASAR;GEORGETTE;1
BALTHASAR;ETIENNE;1
BALTHASAR;MAURICE;1
BALTHASAR;DIE SCHAUSPIELER;1
BALTHASAR;LANSAC;1
BALTHASAR;EINIGE;1
ETIENNE;GRASSET;1
ETIENNE;WIRT;1
ETIENNE;LEBRET;1
ETIENNE;PROSPERE;1
ETIENNE;KOMMISSÄR;1
ETIENNE;GRAIN;1
ETIENNE;SCAEVOLA;1
ETIENNE;HIRT;1
ETIENNE;JULES;1
ETIENNE;HENRI;1
ETIENNE;LEOCADIE;1
ETIENNE;FRANÇOIS;1
ETIENNE;MICHETTE;1
ETIENNE;FLIPOTTE;1
ETIENNE;HERZOG;1
ETIENNE;GUILLAUME;1
ETIENNE;MARQUIS;1
ETIENNE;ROLLIN;1
ETIENNE;SEVERINE;1
ETIENNE;GEORGETTE;1
ETIENNE;MAURICE;1
ETIENNE;LANSAC;1
MAURICE;WIRT;1
MAURICE;PROSPERE;1
MAURICE;SCAEVOLA;1
MAURICE;MICHETTE;1
MAURICE;ROLLIN;1
MAURICE;SEVERINE;1
DIE SCHAUSPIELER;GRASSET;1
DIE SCHAUSPIELER;WIRT;1
DIE SCHAUSPIELER;LEBRET;1
DIE SCHAUSPIELER;PROSPERE;1
DIE SCHAUSPIELER;KOMMISSÄR;1
DIE SCHAUSPIELER;GRAIN;1
DIE SCHAUSPIELER;SCAEVOLA;1
DIE SCHAUSPIELER;HIRT;1
DIE SCHAUSPIELER;JULES;1
DIE SCHAUSPIELER;HENRI;1
DIE SCHAUSPIELER;LEOCADIE;1
DIE SCHAUSPIELER;FRANÇOIS;1
DIE SCHAUSPIELER;MICHETTE;1
DIE SCHAUSPIELER;FLIPOTTE;1
DIE SCHAUSPIELER;HERZOG;1
DIE SCHAUSPIELER;GUILLAUME;1
DIE SCHAUSPIELER;MARQUIS;1
DIE SCHAUSPIELER;ROLLIN;1
DIE SCHAUSPIELER;SEVERINE;1
DIE SCHAUSPIELER;GEORGETTE;1
DIE SCHAUSPIELER;ETIENNE;1
DIE SCHAUSPIELER;MAURICE;1
DIE SCHAUSPIELER;LANSAC;1
DIE SCHAUSPIELER;EINIGE;1
LANSAC;WIRT;1
LANSAC;LEBRET;1
LANSAC;PROSPERE;1
LANSAC;SCAEVOLA;1
LANSAC;LEOCADIE;1
LANSAC;MICHETTE;1
LANSAC;MARQUIS;1
LANSAC;ROLLIN;1
LANSAC;SEVERINE;1
LANSAC;MAURICE;1
EINIGE;GRASSET;1
EINIGE;WIRT;1
EINIGE;LEBRET;1
EINIGE;PROSPERE;1
EINIGE;KOMMISSÄR;1
EINIGE;GRAIN;1
EINIGE;SCAEVOLA;1
EINIGE;HIRT;1
EINIGE;JULES;1
EINIGE;HENRI;1
EINIGE;LEOCADIE;1
EINIGE;FRANÇOIS;1
EINIGE;MICHETTE;1
EINIGE;FLIPOTTE;1
EINIGE;HERZOG;1
EINIGE;GUILLAUME;1
EINIGE;MARQUIS;1
EINIGE;ROLLIN;1
EINIGE;SEVERINE;1
EINIGE;GEORGETTE;1
EINIGE;ETIENNE;1
EINIGE;MAURICE;1
EINIGE;LANSAC;1
ANDERE;DIE BÜRGER;1
ANDERE;GRASSET;1
ANDERE;WIRT;1
ANDERE;LEBRET;1
ANDERE;PROSPERE;1
ANDERE;KOMMISSÄR;1
ANDERE;GRAIN;1
ANDERE;SCAEVOLA;1
ANDERE;HIRT;1
ANDERE;JULES;1
ANDERE;HENRI;1
ANDERE;LEOCADIE;1
ANDERE;FRANÇOIS;1
ANDERE;MICHETTE;1
ANDERE;FLIPOTTE;1
ANDERE;HERZOG;1
ANDERE;GUILLAUME;1
ANDERE;MARQUIS;1
ANDERE;ROLLIN;1
ANDERE;SEVERINE;1
ANDERE;GEORGETTE;1
ANDERE;BALTHASAR;1
ANDERE;ETIENNE;1
ANDERE;MAURICE;1
ANDERE;DIE SCHAUSPIELER;1
ANDERE;LANSAC;1
ANDERE;EINIGE;1
