TINE;VATER JAKOB;1
TINE;VIEHHÄNDLER;1
BÄUERIN;VATER JAKOB;1
BÄUERIN;TINE;9
BÄUERIN;VIEHHÄNDLER;2
BÄUERIN;ERNST;2
BÄUERIN;JOSEPH SCHINDLER;5
BÄUERIN;KRETSCHMER;1
BÄUERIN;HUHNDORF;1
BÄUERIN;SCHINDLERN;1
BÄUERIN;FRANZEL;1
BÄUERIN;DIE BAUERN;1
BÄUERIN;DIE ALTE MATTERN;2
BÄUERIN;EINIGE MÄDCHEN;1
BÄUERIN;EIN JUNGER BURSCHE;1
BÄUERIN;FRAU GLUMM;1
BÄUERIN;FRAU KRETSCHMER;1
BÄUERIN;EINIGE ANDERE;1
BÄUERIN;EINIGE BURSCHEN;1
BÄUERIN;FRAU HILDEBRANDT;1
BAUER;VATER JAKOB;1
BAUER;TINE;4
BAUER;BÄUERIN;8
BAUER;VIEHHÄNDLER;2
BAUER;BREITE;9
BAUER;ERNST;3
BAUER;JOSEPH SCHINDLER;5
BAUER;BLUMIG;1
BAUER;WIRTIN;3
BAUER;KRETSCHMER;1
BAUER;HUHNDORF;1
BAUER;SCHINDLERN;1
BAUER;FRANZEL;1
BAUER;BAUER HILDEBRANDT;1
BAUER;DIE BAUERN;2
BAUER;DIE ALTE MATTERN;1
BAUER;JUNGE;1
BAUER;EINIGE MÄDCHEN;1
BAUER;EIN JUNGER BURSCHE;1
BAUER;FRAU GLUMM;1
BAUER;FRAU KRETSCHMER;1
BAUER;EINIGE ANDERE;1
BAUER;EINIGE BURSCHEN;1
BAUER;FRAU HILDEBRANDT;1
BREITE;TINE;3
BREITE;BÄUERIN;6
BREITE;VIEHHÄNDLER;2
BREITE;ERNST;5
BREITE;JOSEPH SCHINDLER;8
BREITE;WIRTIN;3
BREITE;KRETSCHMER;1
BREITE;HUHNDORF;1
BREITE;SCHINDLERN;1
BREITE;FRANZEL;2
BREITE;DIE BAUERN;2
BREITE;DIE ALTE MATTERN;1
BREITE;EINIGE MÄDCHEN;1
BREITE;EIN JUNGER BURSCHE;1
BREITE;FRAU GLUMM;1
BREITE;FRAU KRETSCHMER;1
BREITE;EINIGE ANDERE;1
BREITE;EINIGE BURSCHEN;1
BREITE;FRAU HILDEBRANDT;1
ERNST;TINE;2
ERNST;VIEHHÄNDLER;1
ERNST;JOSEPH SCHINDLER;4
ERNST;WIRTIN;1
ERNST;FRANZEL;1
JOSEPH SCHINDLER;TINE;5
JOSEPH SCHINDLER;KRETSCHMER;2
JOSEPH SCHINDLER;WIRT;1
JOSEPH SCHINDLER;SCHINDLERN;3
BLUMIG;BÄUERIN;1
BLUMIG;VIEHHÄNDLER;1
BLUMIG;BREITE;2
BLUMIG;ERNST;1
BLUMIG;JOSEPH SCHINDLER;2
BLUMIG;KRETSCHMER;2
BLUMIG;HUHNDORF;2
BLUMIG;WIRT;1
BLUMIG;SCHINDLERN;2
BLUMIG;FRANZEL;3
BLUMIG;DIE BAUERN;1
BECKERN;WIRTIN;1
BECKERN;KRETSCHMER;1
BECKERN;DORFBURSCHEN UND DORFMÄDCHEN;1
BECKERN;HUHNDORF;1
BECKERN;DIE BEIDEN ARBEITER;1
BECKERN;WIRT;1
KRETSCHMER;WIRTIN;1
KRETSCHMER;WIRT;2
KRETSCHMER;SCHINDLERN;3
DORFBURSCHEN UND DORFMÄDCHEN;WIRTIN;1
DORFBURSCHEN UND DORFMÄDCHEN;KRETSCHMER;1
DORFBURSCHEN UND DORFMÄDCHEN;HUHNDORF;1
DORFBURSCHEN UND DORFMÄDCHEN;WIRT;1
HUHNDORF;JOSEPH SCHINDLER;2
HUHNDORF;WIRTIN;1
HUHNDORF;KRETSCHMER;4
HUHNDORF;WIRT;2
HUHNDORF;SCHINDLERN;3
DIE BEIDEN ARBEITER;WIRTIN;1
DIE BEIDEN ARBEITER;KRETSCHMER;1
DIE BEIDEN ARBEITER;DORFBURSCHEN UND DORFMÄDCHEN;1
DIE BEIDEN ARBEITER;HUHNDORF;1
DIE BEIDEN ARBEITER;WIRT;1
WIRT;WIRTIN;1
SCHINDLERN;WIRT;1
FRANZEL;JOSEPH SCHINDLER;4
FRANZEL;KRETSCHMER;3
FRANZEL;HUHNDORF;3
FRANZEL;WIRT;1
FRANZEL;SCHINDLERN;4
FRANZEL;FRAU GLUMM;1
FRANZEL;FRAU KRETSCHMER;1
FRANZEL;FRAU HILDEBRANDT;1
BAUER HILDEBRANDT;BÄUERIN;1
BAUER HILDEBRANDT;BREITE;1
BAUER HILDEBRANDT;JOSEPH SCHINDLER;2
BAUER HILDEBRANDT;BLUMIG;1
BAUER HILDEBRANDT;KRETSCHMER;2
BAUER HILDEBRANDT;HUHNDORF;2
BAUER HILDEBRANDT;WIRT;1
BAUER HILDEBRANDT;SCHINDLERN;2
BAUER HILDEBRANDT;FRANZEL;2
BAUER HILDEBRANDT;DIE BAUERN;2
BAUER HILDEBRANDT;DIE ALTE MATTERN;1
BAUER HILDEBRANDT;EINIGE MÄDCHEN;1
BAUER HILDEBRANDT;EIN JUNGER BURSCHE;1
BAUER HILDEBRANDT;FRAU GLUMM;1
BAUER HILDEBRANDT;FRAU KRETSCHMER;1
BAUER HILDEBRANDT;EINIGE ANDERE;1
BAUER HILDEBRANDT;EINIGE BURSCHEN;1
BAUER HILDEBRANDT;FRAU HILDEBRANDT;1
DIE BAUERN;ERNST;1
DIE BAUERN;JOSEPH SCHINDLER;2
DIE BAUERN;WIRTIN;1
DIE BAUERN;KRETSCHMER;2
DIE BAUERN;HUHNDORF;2
DIE BAUERN;WIRT;1
DIE BAUERN;SCHINDLERN;2
DIE BAUERN;FRANZEL;2
DIE BAUERN;EINIGE MÄDCHEN;1
DIE BAUERN;EIN JUNGER BURSCHE;1
DIE BAUERN;FRAU GLUMM;1
DIE BAUERN;FRAU KRETSCHMER;1
DIE BAUERN;EINIGE ANDERE;1
DIE BAUERN;EINIGE BURSCHEN;1
DIE BAUERN;FRAU HILDEBRANDT;1
DIE ALTE MATTERN;TINE;1
DIE ALTE MATTERN;JOSEPH SCHINDLER;2
DIE ALTE MATTERN;KRETSCHMER;1
DIE ALTE MATTERN;HUHNDORF;1
DIE ALTE MATTERN;SCHINDLERN;1
DIE ALTE MATTERN;FRANZEL;1
DIE ALTE MATTERN;DIE BAUERN;1
DIE ALTE MATTERN;EINIGE MÄDCHEN;1
DIE ALTE MATTERN;EIN JUNGER BURSCHE;1
DIE ALTE MATTERN;FRAU GLUMM;1
DIE ALTE MATTERN;FRAU KRETSCHMER;1
DIE ALTE MATTERN;EINIGE ANDERE;1
DIE ALTE MATTERN;EINIGE BURSCHEN;1
DIE ALTE MATTERN;FRAU HILDEBRANDT;1
EINIGE MÄDCHEN;JOSEPH SCHINDLER;1
EINIGE MÄDCHEN;KRETSCHMER;1
EINIGE MÄDCHEN;HUHNDORF;1
EINIGE MÄDCHEN;SCHINDLERN;1
EINIGE MÄDCHEN;FRANZEL;1
EINIGE MÄDCHEN;FRAU GLUMM;1
EINIGE MÄDCHEN;FRAU KRETSCHMER;1
EINIGE MÄDCHEN;FRAU HILDEBRANDT;1
EIN JUNGER BURSCHE;JOSEPH SCHINDLER;1
EIN JUNGER BURSCHE;KRETSCHMER;1
EIN JUNGER BURSCHE;HUHNDORF;1
EIN JUNGER BURSCHE;SCHINDLERN;1
EIN JUNGER BURSCHE;FRANZEL;1
EIN JUNGER BURSCHE;EINIGE MÄDCHEN;1
EIN JUNGER BURSCHE;FRAU GLUMM;1
EIN JUNGER BURSCHE;FRAU KRETSCHMER;1
EIN JUNGER BURSCHE;EINIGE ANDERE;1
EIN JUNGER BURSCHE;EINIGE BURSCHEN;1
EIN JUNGER BURSCHE;FRAU HILDEBRANDT;1
FRAU GLUMM;JOSEPH SCHINDLER;1
FRAU GLUMM;KRETSCHMER;1
FRAU GLUMM;HUHNDORF;1
FRAU GLUMM;SCHINDLERN;1
FRAU GLUMM;FRAU KRETSCHMER;1
FRAU GLUMM;FRAU HILDEBRANDT;1
FRAU KRETSCHMER;JOSEPH SCHINDLER;1
FRAU KRETSCHMER;KRETSCHMER;1
FRAU KRETSCHMER;HUHNDORF;1
FRAU KRETSCHMER;SCHINDLERN;1
EINIGE ANDERE;JOSEPH SCHINDLER;1
EINIGE ANDERE;KRETSCHMER;1
EINIGE ANDERE;HUHNDORF;1
EINIGE ANDERE;SCHINDLERN;1
EINIGE ANDERE;FRANZEL;1
EINIGE ANDERE;EINIGE MÄDCHEN;1
EINIGE ANDERE;FRAU GLUMM;1
EINIGE ANDERE;FRAU KRETSCHMER;1
EINIGE ANDERE;EINIGE BURSCHEN;1
EINIGE ANDERE;FRAU HILDEBRANDT;1
EINIGE BURSCHEN;JOSEPH SCHINDLER;1
EINIGE BURSCHEN;KRETSCHMER;1
EINIGE BURSCHEN;HUHNDORF;1
EINIGE BURSCHEN;SCHINDLERN;1
EINIGE BURSCHEN;FRANZEL;1
EINIGE BURSCHEN;EINIGE MÄDCHEN;1
EINIGE BURSCHEN;FRAU GLUMM;1
EINIGE BURSCHEN;FRAU KRETSCHMER;1
EINIGE BURSCHEN;FRAU HILDEBRANDT;1
FRAU HILDEBRANDT;JOSEPH SCHINDLER;1
FRAU HILDEBRANDT;KRETSCHMER;1
FRAU HILDEBRANDT;HUHNDORF;1
FRAU HILDEBRANDT;SCHINDLERN;1
FRAU HILDEBRANDT;FRAU KRETSCHMER;1
