LAVINIA;PARIS;1
LAVINIA;TIZIANELLO;1
LAVINIA;PAGE;1
PARIS;TIZIANELLO;1
GIANINO;LAVINIA;1
GIANINO;PARIS;1
GIANINO;TIZIANELLO;1
GIANINO;PAGE;1
BATISTA;LAVINIA;1
BATISTA;PARIS;1
BATISTA;GIANINO;1
BATISTA;TIZIANELLO;1
BATISTA;DESIDERIO;1
BATISTA;PAGE;1
ANTONIO;LAVINIA;1
ANTONIO;PARIS;1
ANTONIO;GIANINO;1
ANTONIO;BATISTA;1
ANTONIO;TIZIANELLO;1
ANTONIO;DESIDERIO;1
ANTONIO;PAGE;1
DESIDERIO;LAVINIA;1
DESIDERIO;PARIS;1
DESIDERIO;GIANINO;1
DESIDERIO;TIZIANELLO;1
DESIDERIO;PAGE;1
PAGE;PARIS;1
PAGE;TIZIANELLO;1
