DER ZUSCHAUER;PRINZESSIN ALMA;2
DER ZUSCHAUER;PIETRO FOLCHI;2
DER ZUSCHAUER;FILIPO FOLCHI;1
DER ZUSCHAUER;EIN THEATERBESITZER;2
DER ZUSCHAUER;DIE ZUSCHAUER;1
DER ZUSCHAUER;DIE KUPPLERIN;1
DER ZUSCHAUER;DIE ZUHÖRER;1
DER ZUSCHAUER;EIN ANDERER THEATERBESITZER;1
DER ZUSCHAUER;EIN EDELKNABE;1
KÖNIG NICOLO;PRINZESSIN ALMA;1
PRINZESSIN ALMA;ZWEITER BEDIENTER;1
ERSTER BEDIENTER;PRINZESSIN ALMA;1
ERSTER BEDIENTER;ZWEITER BEDIENTER;1
ERSTER BEDIENTER;PIETRO FOLCHI;1
ERSTER BEDIENTER;FILIPO FOLCHI;1
PIETRO FOLCHI;PRINZESSIN ALMA;8
PIETRO FOLCHI;ZWEITER BEDIENTER;1
DIE BÜRGER;PRINZESSIN ALMA;1
DIE BÜRGER;ERSTER BEDIENTER;1
DIE BÜRGER;ZWEITER BEDIENTER;1
DIE BÜRGER;PIETRO FOLCHI;1
DIE BÜRGER;EINIGE BÜRGER;1
DIE BÜRGER;FILIPO FOLCHI;1
ANDREA VALORI;PRINZESSIN ALMA;1
ANDREA VALORI;ERSTER BEDIENTER;1
ANDREA VALORI;ZWEITER BEDIENTER;1
ANDREA VALORI;PIETRO FOLCHI;1
ANDREA VALORI;DIE BÜRGER;1
ANDREA VALORI;EINIGE BÜRGER;1
ANDREA VALORI;FILIPO FOLCHI;1
ANDREA VALORI;BENEDETTO NARDI;1
ANDREA VALORI;DER SÖLDNER;1
EINIGE BÜRGER;PRINZESSIN ALMA;1
EINIGE BÜRGER;ERSTER BEDIENTER;1
EINIGE BÜRGER;ZWEITER BEDIENTER;1
EINIGE BÜRGER;PIETRO FOLCHI;1
EINIGE BÜRGER;FILIPO FOLCHI;1
FILIPO FOLCHI;PRINZESSIN ALMA;3
FILIPO FOLCHI;ZWEITER BEDIENTER;1
FILIPO FOLCHI;PIETRO FOLCHI;3
BENEDETTO NARDI;PRINZESSIN ALMA;1
BENEDETTO NARDI;ERSTER BEDIENTER;1
BENEDETTO NARDI;ZWEITER BEDIENTER;1
BENEDETTO NARDI;PIETRO FOLCHI;1
BENEDETTO NARDI;DIE BÜRGER;1
BENEDETTO NARDI;EINIGE BÜRGER;1
BENEDETTO NARDI;FILIPO FOLCHI;1
BENEDETTO NARDI;DER SÖLDNER;1
DER SÖLDNER;PRINZESSIN ALMA;1
DER SÖLDNER;ERSTER BEDIENTER;1
DER SÖLDNER;ZWEITER BEDIENTER;1
DER SÖLDNER;PIETRO FOLCHI;1
DER SÖLDNER;DIE BÜRGER;1
DER SÖLDNER;EINIGE BÜRGER;1
DER SÖLDNER;FILIPO FOLCHI;1
DER GUTSBESITZER;PRINZESSIN ALMA;1
DER GUTSBESITZER;PIETRO FOLCHI;1
DER GUTSBESITZER;EIN LANDSTREICHER;1
EIN LANDSTREICHER;PRINZESSIN ALMA;1
EIN LANDSTREICHER;PIETRO FOLCHI;1
MEISTER PANDOLFO;PRINZESSIN ALMA;2
MEISTER PANDOLFO;PIETRO FOLCHI;2
MEISTER PANDOLFO;MICHELE;2
MEISTER PANDOLFO;NOÈ;2
MICHELE;PRINZESSIN ALMA;2
MICHELE;PIETRO FOLCHI;2
MICHELE;NOÈ;2
NOÈ;PRINZESSIN ALMA;2
NOÈ;PIETRO FOLCHI;2
BATTISTA;PRINZESSIN ALMA;1
BATTISTA;PIETRO FOLCHI;1
BATTISTA;MEISTER PANDOLFO;1
BATTISTA;MICHELE;1
BATTISTA;NOÈ;1
BATTISTA;DIE GESELLEN;1
DIE GESELLEN;PRINZESSIN ALMA;1
DIE GESELLEN;PIETRO FOLCHI;1
DIE GESELLEN;MEISTER PANDOLFO;1
DIE GESELLEN;MICHELE;1
DIE GESELLEN;NOÈ;1
DER OBERRICHTER;PRINZESSIN ALMA;1
DER OBERRICHTER;PIETRO FOLCHI;1
DER OBERRICHTER;MEISTER PANDOLFO;1
DER OBERRICHTER;MICHELE;1
DER OBERRICHTER;NOÈ;1
DER OBERRICHTER;DER PROKURATOR DES KÖNIGS;1
DER OBERRICHTER;DER VERTEIDIGER;1
DER PROKURATOR DES KÖNIGS;PRINZESSIN ALMA;1
DER PROKURATOR DES KÖNIGS;PIETRO FOLCHI;1
DER PROKURATOR DES KÖNIGS;MEISTER PANDOLFO;1
DER PROKURATOR DES KÖNIGS;MICHELE;1
DER PROKURATOR DES KÖNIGS;NOÈ;1
DER PROKURATOR DES KÖNIGS;DER VERTEIDIGER;1
DER GERICHTSAKTUAR;PRINZESSIN ALMA;1
DER GERICHTSAKTUAR;PIETRO FOLCHI;1
DER GERICHTSAKTUAR;MEISTER PANDOLFO;1
DER GERICHTSAKTUAR;MICHELE;1
DER GERICHTSAKTUAR;NOÈ;1
DER GERICHTSAKTUAR;DER OBERRICHTER;1
DER GERICHTSAKTUAR;DER PROKURATOR DES KÖNIGS;1
DER GERICHTSAKTUAR;DER VERTEIDIGER;1
DER VERTEIDIGER;PRINZESSIN ALMA;1
DER VERTEIDIGER;PIETRO FOLCHI;1
DER VERTEIDIGER;MEISTER PANDOLFO;1
DER VERTEIDIGER;MICHELE;1
DER VERTEIDIGER;NOÈ;1
DER GEFÄNGNISWÄRTER;PRINZESSIN ALMA;1
DER GEFÄNGNISWÄRTER;PIETRO FOLCHI;1
DER KUNSTREITER;PIETRO FOLCHI;1
CHORUS;DER ZUSCHAUER;1
CHORUS;PRINZESSIN ALMA;1
CHORUS;PIETRO FOLCHI;1
CHORUS;EIN THEATERBESITZER;1
CHORUS;DER SCHAUSPIELER;1
CHORUS;DIE ZUSCHAUER;1
CHORUS;DIE KUPPLERIN;1
CHORUS;DIE ZUHÖRER;1
CHORUS;EIN ANDERER THEATERBESITZER;1
EIN THEATERBESITZER;PRINZESSIN ALMA;2
EIN THEATERBESITZER;PIETRO FOLCHI;2
EIN THEATERBESITZER;FILIPO FOLCHI;1
DER SCHAUSPIELER;DER ZUSCHAUER;1
DER SCHAUSPIELER;PRINZESSIN ALMA;1
DER SCHAUSPIELER;PIETRO FOLCHI;1
DER SCHAUSPIELER;EIN THEATERBESITZER;1
DER SCHAUSPIELER;DIE ZUSCHAUER;1
DER SCHAUSPIELER;DIE KUPPLERIN;1
DER SCHAUSPIELER;DIE ZUHÖRER;1
DER SCHAUSPIELER;EIN ANDERER THEATERBESITZER;1
DIE ZUSCHAUER;PRINZESSIN ALMA;1
DIE ZUSCHAUER;PIETRO FOLCHI;1
DIE ZUSCHAUER;EIN THEATERBESITZER;1
DIE ZUSCHAUER;EIN ANDERER THEATERBESITZER;1
DIE KUPPLERIN;PRINZESSIN ALMA;1
DIE KUPPLERIN;PIETRO FOLCHI;1
DIE KUPPLERIN;EIN THEATERBESITZER;1
DIE KUPPLERIN;DIE ZUSCHAUER;1
DIE KUPPLERIN;DIE ZUHÖRER;1
DIE KUPPLERIN;EIN ANDERER THEATERBESITZER;1
DIE ZUHÖRER;PRINZESSIN ALMA;1
DIE ZUHÖRER;PIETRO FOLCHI;1
DIE ZUHÖRER;EIN THEATERBESITZER;1
DIE ZUHÖRER;DIE ZUSCHAUER;1
DIE ZUHÖRER;EIN ANDERER THEATERBESITZER;1
EIN ANDERER THEATERBESITZER;PRINZESSIN ALMA;1
EIN ANDERER THEATERBESITZER;PIETRO FOLCHI;1
EIN ANDERER THEATERBESITZER;EIN THEATERBESITZER;1
EIN EDELKNABE;PRINZESSIN ALMA;1
EIN EDELKNABE;PIETRO FOLCHI;1
EIN EDELKNABE;FILIPO FOLCHI;1
EIN EDELKNABE;EIN THEATERBESITZER;1
