Einer (Vorspiel);Häßliches Mädchen (Vorspiel);1
HELENE KREINER;JOSEPH KREINER;1
HELENE KREINER;HERR KREINER;1
HEINRICH HÖRMANN;HELENE KREINER;1
HEINRICH HÖRMANN;JOSEPH KREINER;1
HEINRICH HÖRMANN;HERR KREINER;1
DIE ZEITUNGSFRAU;HELENE KREINER;1
DIE ZEITUNGSFRAU;JOSEPH KREINER;1
DIE ZEITUNGSFRAU;HEINRICH HÖRMANN;1
DIE ZEITUNGSFRAU;FRAU KREINER;1
DIE ZEITUNGSFRAU;HERR KREINER;1
FRAU KREINER;HELENE KREINER;1
FRAU KREINER;JOSEPH KREINER;1
FRAU KREINER;HEINRICH HÖRMANN;1
FRAU KREINER;HERR KREINER;1
HERR KREINER;JOSEPH KREINER;1
BABETTE;HELENE KREINER;1
BABETTE;JOSEPH KREINER;1
BABETTE;HEINRICH HÖRMANN;1
BABETTE;DIE ZEITUNGSFRAU;1
BABETTE;FRAU KREINER;1
BABETTE;HERR KREINER;1
