DIE AELTESTEN DER ĀN'ALLĀH;SCHEIK;1
DIE AELTESTEN DER ĀN'ALLĀH;ERSTER AELTESTER;1
DIE AELTESTEN DER ĀN'ALLĀH;ZWEITER AELTESTER;1
DIE AELTESTEN DER ĀN'ALLĀH;DRITTER AELTESTER;1
DIE AELTESTEN DER ĀN'ALLĀH;IMĀM;1
DIE AELTESTEN DER ĀN'ALLĀH;KĀDI;1
DIE AELTESTEN DER ĀN'ALLĀH;HĀKAWĀTI;1
DIE AELTESTEN DER ĀN'ALLĀH;SCHĒFAKĀ;1
DIE AELTESTEN DER ĀN'ALLĀH;SCHEIK DER TODESKARAWANE;1
DIE AELTESTEN DER ĀN'ALLĀH;PHANTASIE;1
DIE AELTESTEN DER ĀN'ALLĀH;DIE VIER SCHMIEDE;1
SCHEIK;ZWEITER AELTESTER;7
SCHEIK;SCHĒFAKĀ;17
SCHEIK;VORBETER;9
SCHEIK;SCHEIK DER TODESKARAWANE;12
SCHEIK;ZWEITER SCHEIK;2
SCHEIK;VIERTER SCHEIK;2
SCHEIK;SECHSTER SCHEIK;1
SCHEIK;SIEBENTER SCHEIK;1
ERSTER AELTESTER;SCHEIK;7
ERSTER AELTESTER;ZWEITER AELTESTER;7
ERSTER AELTESTER;IMĀM;5
ERSTER AELTESTER;KĀDI;5
ERSTER AELTESTER;HĀKAWĀTI;5
ERSTER AELTESTER;SCHĒFAKĀ;5
ERSTER AELTESTER;VORBETER;1
ERSTER AELTESTER;SCHEIK DER TODESKARAWANE;3
ERSTER AELTESTER;PHANTASIE;3
ERSTER AELTESTER;ERSTER SCHEIK;1
ERSTER AELTESTER;ZWEITER SCHEIK;1
ERSTER AELTESTER;VIERTER SCHEIK;1
ERSTER AELTESTER;FÜNFTER SCHEIK;1
ERSTER AELTESTER;SECHSTER SCHEIK;1
ERSTER AELTESTER;SIEBENTER SCHEIK;1
ZWEITER AELTESTER;ZWEITER SCHEIK;1
DRITTER AELTESTER;SCHEIK;6
DRITTER AELTESTER;ERSTER AELTESTER;6
DRITTER AELTESTER;ZWEITER AELTESTER;6
DRITTER AELTESTER;IMĀM;5
DRITTER AELTESTER;KĀDI;5
DRITTER AELTESTER;HĀKAWĀTI;4
DRITTER AELTESTER;SCHĒFAKĀ;4
DRITTER AELTESTER;VORBETER;1
DRITTER AELTESTER;SCHEIK DER TODESKARAWANE;2
DRITTER AELTESTER;PHANTASIE;2
DRITTER AELTESTER;ERSTER SCHEIK;1
DRITTER AELTESTER;ZWEITER SCHEIK;1
DRITTER AELTESTER;DRITTER SCHEIK;1
DRITTER AELTESTER;VIERTER SCHEIK;1
DRITTER AELTESTER;FÜNFTER SCHEIK;1
DRITTER AELTESTER;SECHSTER SCHEIK;1
DRITTER AELTESTER;SIEBENTER SCHEIK;1
BABEL;DIE AELTESTEN DER ĀN'ALLĀH;1
BABEL;SCHEIK;22
BABEL;ERSTER AELTESTER;5
BABEL;ZWEITER AELTESTER;5
BABEL;DRITTER AELTESTER;4
BABEL;IMĀM;13
BABEL;KĀDI;13
BABEL;HĀKAWĀTI;11
BABEL;SCHĒFAKĀ;17
BABEL;VORBETER;3
BABEL;SCHEIK DER TODESKARAWANE;10
BABEL;PHANTASIE;10
BABEL;BIBEL;1
BABEL;ERSTER SCHEIK;2
BABEL;ZWEITER SCHEIK;2
BABEL;DRITTER SCHEIK;2
BABEL;VIERTER SCHEIK;2
BABEL;FÜNFTER SCHEIK;2
BABEL;SECHSTER SCHEIK;2
BABEL;SIEBENTER SCHEIK;2
BABEL;DIE VIER SCHMIEDE;1
IMĀM;SCHEIK;15
IMĀM;ZWEITER AELTESTER;5
IMĀM;KĀDI;16
IMĀM;SCHĒFAKĀ;9
IMĀM;VORBETER;4
IMĀM;SCHEIK DER TODESKARAWANE;5
IMĀM;PHANTASIE;6
IMĀM;ZWEITER SCHEIK;2
IMĀM;VIERTER SCHEIK;2
IMĀM;SECHSTER SCHEIK;2
IMĀM;SIEBENTER SCHEIK;2
KĀDI;SCHEIK;15
KĀDI;ZWEITER AELTESTER;5
KĀDI;SCHĒFAKĀ;9
KĀDI;VORBETER;3
KĀDI;SCHEIK DER TODESKARAWANE;5
KĀDI;PHANTASIE;6
KĀDI;ZWEITER SCHEIK;2
KĀDI;VIERTER SCHEIK;2
KĀDI;SECHSTER SCHEIK;2
KĀDI;SIEBENTER SCHEIK;2
HĀKAWĀTI;SCHEIK;12
HĀKAWĀTI;ZWEITER AELTESTER;5
HĀKAWĀTI;IMĀM;7
HĀKAWĀTI;KĀDI;7
HĀKAWĀTI;SCHĒFAKĀ;13
HĀKAWĀTI;VORBETER;2
HĀKAWĀTI;SCHEIK DER TODESKARAWANE;11
HĀKAWĀTI;PHANTASIE;11
HĀKAWĀTI;ZWEITER SCHEIK;1
HĀKAWĀTI;VIERTER SCHEIK;1
HĀKAWĀTI;SECHSTER SCHEIK;1
HĀKAWĀTI;SIEBENTER SCHEIK;1
SCHĒFAKĀ;ZWEITER AELTESTER;5
SCHĒFAKĀ;VORBETER;2
SCHĒFAKĀ;ZWEITER SCHEIK;2
SCHĒFAKĀ;VIERTER SCHEIK;2
SCHĒFAKĀ;SECHSTER SCHEIK;1
SCHĒFAKĀ;SIEBENTER SCHEIK;1
VORBETER;ZWEITER AELTESTER;1
SCHEIK DER TODESKARAWANE;ZWEITER AELTESTER;3
SCHEIK DER TODESKARAWANE;SCHĒFAKĀ;14
SCHEIK DER TODESKARAWANE;VORBETER;2
SCHEIK DER TODESKARAWANE;ZWEITER SCHEIK;1
SCHEIK DER TODESKARAWANE;VIERTER SCHEIK;1
SCHEIK DER TODESKARAWANE;SECHSTER SCHEIK;1
SCHEIK DER TODESKARAWANE;SIEBENTER SCHEIK;1
PHANTASIE;SCHEIK;11
PHANTASIE;ZWEITER AELTESTER;3
PHANTASIE;SCHĒFAKĀ;13
PHANTASIE;VORBETER;2
PHANTASIE;SCHEIK DER TODESKARAWANE;13
PHANTASIE;ZWEITER SCHEIK;1
PHANTASIE;VIERTER SCHEIK;1
PHANTASIE;SECHSTER SCHEIK;1
PHANTASIE;SIEBENTER SCHEIK;1
DER VORBETER;SCHEIK;1
DER VORBETER;VORBETER;1
BIBEL;DIE AELTESTEN DER ĀN'ALLĀH;1
BIBEL;SCHEIK;1
BIBEL;ERSTER AELTESTER;1
BIBEL;ZWEITER AELTESTER;1
BIBEL;DRITTER AELTESTER;1
BIBEL;IMĀM;1
BIBEL;KĀDI;1
BIBEL;HĀKAWĀTI;1
BIBEL;SCHĒFAKĀ;3
BIBEL;SCHEIK DER TODESKARAWANE;2
BIBEL;PHANTASIE;4
BIBEL;DIE VIER SCHMIEDE;1
ERSTER SCHEIK;SCHEIK;2
ERSTER SCHEIK;ZWEITER AELTESTER;1
ERSTER SCHEIK;IMĀM;2
ERSTER SCHEIK;KĀDI;2
ERSTER SCHEIK;HĀKAWĀTI;1
ERSTER SCHEIK;SCHĒFAKĀ;2
ERSTER SCHEIK;SCHEIK DER TODESKARAWANE;1
ERSTER SCHEIK;PHANTASIE;1
ERSTER SCHEIK;ZWEITER SCHEIK;2
ERSTER SCHEIK;VIERTER SCHEIK;2
ERSTER SCHEIK;FÜNFTER SCHEIK;1
ERSTER SCHEIK;SECHSTER SCHEIK;1
ERSTER SCHEIK;SIEBENTER SCHEIK;1
DRITTER SCHEIK;SCHEIK;2
DRITTER SCHEIK;ERSTER AELTESTER;1
DRITTER SCHEIK;ZWEITER AELTESTER;1
DRITTER SCHEIK;IMĀM;2
DRITTER SCHEIK;KĀDI;2
DRITTER SCHEIK;HĀKAWĀTI;1
DRITTER SCHEIK;SCHĒFAKĀ;2
DRITTER SCHEIK;SCHEIK DER TODESKARAWANE;1
DRITTER SCHEIK;PHANTASIE;1
DRITTER SCHEIK;ERSTER SCHEIK;2
DRITTER SCHEIK;ZWEITER SCHEIK;2
DRITTER SCHEIK;VIERTER SCHEIK;2
DRITTER SCHEIK;FÜNFTER SCHEIK;1
DRITTER SCHEIK;SECHSTER SCHEIK;1
DRITTER SCHEIK;SIEBENTER SCHEIK;1
VIERTER SCHEIK;ZWEITER AELTESTER;1
VIERTER SCHEIK;ZWEITER SCHEIK;2
FÜNFTER SCHEIK;SCHEIK;1
FÜNFTER SCHEIK;ZWEITER AELTESTER;1
FÜNFTER SCHEIK;IMĀM;2
FÜNFTER SCHEIK;KĀDI;2
FÜNFTER SCHEIK;HĀKAWĀTI;1
FÜNFTER SCHEIK;SCHĒFAKĀ;1
FÜNFTER SCHEIK;SCHEIK DER TODESKARAWANE;1
FÜNFTER SCHEIK;PHANTASIE;1
FÜNFTER SCHEIK;ZWEITER SCHEIK;1
FÜNFTER SCHEIK;VIERTER SCHEIK;1
FÜNFTER SCHEIK;SECHSTER SCHEIK;2
FÜNFTER SCHEIK;SIEBENTER SCHEIK;2
SECHSTER SCHEIK;ZWEITER AELTESTER;1
SECHSTER SCHEIK;ZWEITER SCHEIK;1
SECHSTER SCHEIK;VIERTER SCHEIK;1
SECHSTER SCHEIK;SIEBENTER SCHEIK;2
SIEBENTER SCHEIK;ZWEITER AELTESTER;1
SIEBENTER SCHEIK;ZWEITER SCHEIK;1
SIEBENTER SCHEIK;VIERTER SCHEIK;1
ACHTER SCHEIK;SCHEIK;1
ACHTER SCHEIK;ERSTER AELTESTER;1
ACHTER SCHEIK;ZWEITER AELTESTER;1
ACHTER SCHEIK;DRITTER AELTESTER;1
ACHTER SCHEIK;BABEL;2
ACHTER SCHEIK;IMĀM;2
ACHTER SCHEIK;KĀDI;2
ACHTER SCHEIK;HĀKAWĀTI;1
ACHTER SCHEIK;SCHĒFAKĀ;1
ACHTER SCHEIK;SCHEIK DER TODESKARAWANE;1
ACHTER SCHEIK;PHANTASIE;1
ACHTER SCHEIK;ERSTER SCHEIK;1
ACHTER SCHEIK;ZWEITER SCHEIK;1
ACHTER SCHEIK;DRITTER SCHEIK;1
ACHTER SCHEIK;VIERTER SCHEIK;1
ACHTER SCHEIK;FÜNFTER SCHEIK;2
ACHTER SCHEIK;SECHSTER SCHEIK;2
ACHTER SCHEIK;SIEBENTER SCHEIK;2
ACHTER SCHEIK;ALLE ĀN'ALLĀH;1
ALLE ĀN'ALLĀH;DIE AELTESTEN DER ĀN'ALLĀH;1
ALLE ĀN'ALLĀH;SCHEIK;2
ALLE ĀN'ALLĀH;ERSTER AELTESTER;2
ALLE ĀN'ALLĀH;ZWEITER AELTESTER;2
ALLE ĀN'ALLĀH;DRITTER AELTESTER;2
ALLE ĀN'ALLĀH;BABEL;2
ALLE ĀN'ALLĀH;IMĀM;2
ALLE ĀN'ALLĀH;KĀDI;2
ALLE ĀN'ALLĀH;HĀKAWĀTI;2
ALLE ĀN'ALLĀH;SCHĒFAKĀ;2
ALLE ĀN'ALLĀH;SCHEIK DER TODESKARAWANE;2
ALLE ĀN'ALLĀH;PHANTASIE;2
ALLE ĀN'ALLĀH;BIBEL;1
ALLE ĀN'ALLĀH;ERSTER SCHEIK;1
ALLE ĀN'ALLĀH;ZWEITER SCHEIK;1
ALLE ĀN'ALLĀH;DRITTER SCHEIK;1
ALLE ĀN'ALLĀH;VIERTER SCHEIK;1
ALLE ĀN'ALLĀH;FÜNFTER SCHEIK;1
ALLE ĀN'ALLĀH;SECHSTER SCHEIK;1
ALLE ĀN'ALLĀH;SIEBENTER SCHEIK;1
ALLE ĀN'ALLĀH;DIE VIER SCHMIEDE;1
DIE VIER SCHMIEDE;SCHEIK;1
DIE VIER SCHMIEDE;ERSTER AELTESTER;1
DIE VIER SCHMIEDE;ZWEITER AELTESTER;1
DIE VIER SCHMIEDE;DRITTER AELTESTER;1
DIE VIER SCHMIEDE;IMĀM;1
DIE VIER SCHMIEDE;KĀDI;1
DIE VIER SCHMIEDE;HĀKAWĀTI;1
DIE VIER SCHMIEDE;SCHĒFAKĀ;1
DIE VIER SCHMIEDE;SCHEIK DER TODESKARAWANE;1
DIE VIER SCHMIEDE;PHANTASIE;1
