DIE BERGKNAPPEN;EULENSPIEGEL;2
DIE BERGKNAPPEN;MICHEL MICHAEL;2
DIE BERGKNAPPEN;LISE;2
DIE BERGKNAPPEN;DIE FRAU BÜRGERMEISTERIN;2
DIE BERGKNAPPEN;SPRECHGESANG;1
DIE BERGKNAPPEN;DUMPFE STIMMEN IM HINTERGRUND;1
DIE BERGKNAPPEN;DIE KOBOLDE;2
DIE BERGKNAPPEN;DIE HEIZER;1
DIE BERGKNAPPEN;ERSTER KOBOLD;2
DIE BERGKNAPPEN;ZWEITER KOBOLD;2
DIE BERGKNAPPEN;DRITTER KOBOLD;2
DIE BERGKNAPPEN;EINE DAME;1
DIE BERGKNAPPEN;DIE HERREN;1
DIE BERGKNAPPEN;DIE DAMEN;1
DIE BERGKNAPPEN;DIE POLIZISTEN;1
DIE BERGKNAPPEN;IMMER MEHR STIMMEN VON DRAUßEN HER;1
EULENSPIEGEL;VIERSTIMMIGER GESANG MIT LAUTENSPIEL;1
EULENSPIEGEL;MICHEL MICHAEL;5
EULENSPIEGEL;LISE;4
EULENSPIEGEL;SPRECHGESANG;1
EULENSPIEGEL;FRAU VENUS;1
EULENSPIEGEL;ZWEITER KOBOLD;2
EULENSPIEGEL;IMMER MEHR STIMMEN VON DRAUßEN HER;1
MICHEL MICHAEL;SPRECHGESANG;1
MICHEL MICHAEL;ZWEITER KOBOLD;2
LISE;MICHEL MICHAEL;4
LISE;SPRECHGESANG;1
LISE;ZWEITER KOBOLD;2
DER ROTE KARL;DIE BERGKNAPPEN;2
DER ROTE KARL;EULENSPIEGEL;4
DER ROTE KARL;MICHEL MICHAEL;4
DER ROTE KARL;LISE;3
DER ROTE KARL;DER SCHWARZE KARL;3
DER ROTE KARL;DIE FRAU BÜRGERMEISTERIN;3
DER ROTE KARL;SPRECHGESANG;1
DER ROTE KARL;DUMPFE STIMMEN IM HINTERGRUND;1
DER ROTE KARL;DIE KOBOLDE;3
DER ROTE KARL;FRAU VENUS;1
DER ROTE KARL;DIE LANDRÄTE;1
DER ROTE KARL;DIE KAPLANE;1
DER ROTE KARL;DIE PASTOREN;1
DER ROTE KARL;DIE BÜRGERMEISTER;1
DER ROTE KARL;DIE HEIZER;2
DER ROTE KARL;DIE BERGLEUTE;1
DER ROTE KARL;EIN BERGMANN;1
DER ROTE KARL;DIE GANZE BANDE;1
DER ROTE KARL;ERSTER KOBOLD;2
DER ROTE KARL;ZWEITER KOBOLD;2
DER ROTE KARL;DRITTER KOBOLD;2
DER ROTE KARL;EINE DAME;1
DER ROTE KARL;DIE HERREN;1
DER ROTE KARL;DIE DAMEN;1
DER ROTE KARL;DIE POLIZISTEN;1
DER ROTE KARL;IMMER MEHR STIMMEN VON DRAUßEN HER;1
DER SCHWARZE KARL;DIE BERGKNAPPEN;2
DER SCHWARZE KARL;EULENSPIEGEL;3
DER SCHWARZE KARL;MICHEL MICHAEL;3
DER SCHWARZE KARL;LISE;3
DER SCHWARZE KARL;DIE FRAU BÜRGERMEISTERIN;2
DER SCHWARZE KARL;SPRECHGESANG;1
DER SCHWARZE KARL;DUMPFE STIMMEN IM HINTERGRUND;1
DER SCHWARZE KARL;DIE KOBOLDE;2
DER SCHWARZE KARL;DIE HEIZER;1
DER SCHWARZE KARL;ERSTER KOBOLD;2
DER SCHWARZE KARL;ZWEITER KOBOLD;2
DER SCHWARZE KARL;DRITTER KOBOLD;2
DER SCHWARZE KARL;EINE DAME;1
DER SCHWARZE KARL;DIE HERREN;1
DER SCHWARZE KARL;DIE DAMEN;1
DER SCHWARZE KARL;DIE POLIZISTEN;1
DER SCHWARZE KARL;IMMER MEHR STIMMEN VON DRAUßEN HER;1
DER KAISER ROTBART;DIE BERGKNAPPEN;2
DER KAISER ROTBART;EULENSPIEGEL;5
DER KAISER ROTBART;MICHEL MICHAEL;5
DER KAISER ROTBART;LISE;4
DER KAISER ROTBART;DER ROTE KARL;4
DER KAISER ROTBART;DER SCHWARZE KARL;3
DER KAISER ROTBART;DER LANDRAT;3
DER KAISER ROTBART;DIE FRAU BÜRGERMEISTERIN;3
DER KAISER ROTBART;DER PASTOR;2
DER KAISER ROTBART;DER KAPLAN;3
DER KAISER ROTBART;SPRECHGESANG;1
DER KAISER ROTBART;DUMPFE STIMMEN IM HINTERGRUND;1
DER KAISER ROTBART;DER OBERHEIZER;2
DER KAISER ROTBART;DIE KOBOLDE;3
DER KAISER ROTBART;FRAU VENUS;1
DER KAISER ROTBART;DIE LANDRÄTE;1
DER KAISER ROTBART;DIE KAPLANE;1
DER KAISER ROTBART;DIE PASTOREN;1
DER KAISER ROTBART;DIE BÜRGERMEISTER;1
DER KAISER ROTBART;DIE HEIZER;2
DER KAISER ROTBART;DIE BERGLEUTE;1
DER KAISER ROTBART;EIN BERGMANN;1
DER KAISER ROTBART;DIE GANZE BANDE;1
DER KAISER ROTBART;ERSTER KOBOLD;2
DER KAISER ROTBART;ZWEITER KOBOLD;2
DER KAISER ROTBART;DRITTER KOBOLD;2
DER KAISER ROTBART;EINE DAME;1
DER KAISER ROTBART;DIE HERREN;1
DER KAISER ROTBART;DIE DAMEN;1
DER KAISER ROTBART;DIE POLIZISTEN;1
DER KAISER ROTBART;IMMER MEHR STIMMEN VON DRAUßEN HER;1
DER GETREUE ECKART;DIE BERGKNAPPEN;2
DER GETREUE ECKART;EULENSPIEGEL;5
DER GETREUE ECKART;MICHEL MICHAEL;5
DER GETREUE ECKART;LISE;4
DER GETREUE ECKART;DER ROTE KARL;4
DER GETREUE ECKART;DER SCHWARZE KARL;3
DER GETREUE ECKART;DER KAISER ROTBART;5
DER GETREUE ECKART;DER LANDRAT;3
DER GETREUE ECKART;DIE FRAU BÜRGERMEISTERIN;3
DER GETREUE ECKART;DER PASTOR;2
DER GETREUE ECKART;DER KAPLAN;3
DER GETREUE ECKART;SPRECHGESANG;1
DER GETREUE ECKART;DUMPFE STIMMEN IM HINTERGRUND;1
DER GETREUE ECKART;DER OBERHEIZER;2
DER GETREUE ECKART;DIE KOBOLDE;3
DER GETREUE ECKART;FRAU VENUS;1
DER GETREUE ECKART;DIE LANDRÄTE;1
DER GETREUE ECKART;DIE KAPLANE;1
DER GETREUE ECKART;DIE PASTOREN;1
DER GETREUE ECKART;DIE BÜRGERMEISTER;1
DER GETREUE ECKART;DIE HEIZER;2
DER GETREUE ECKART;DIE BERGLEUTE;1
DER GETREUE ECKART;EIN BERGMANN;1
DER GETREUE ECKART;DIE GANZE BANDE;1
DER GETREUE ECKART;ERSTER KOBOLD;2
DER GETREUE ECKART;ZWEITER KOBOLD;2
DER GETREUE ECKART;DRITTER KOBOLD;2
DER GETREUE ECKART;EINE DAME;1
DER GETREUE ECKART;DIE HERREN;1
DER GETREUE ECKART;DIE DAMEN;1
DER GETREUE ECKART;DIE POLIZISTEN;1
DER GETREUE ECKART;IMMER MEHR STIMMEN VON DRAUßEN HER;1
DER LANDRAT;DIE BERGKNAPPEN;2
DER LANDRAT;EULENSPIEGEL;3
DER LANDRAT;MICHEL MICHAEL;3
DER LANDRAT;LISE;2
DER LANDRAT;DER ROTE KARL;3
DER LANDRAT;DER SCHWARZE KARL;2
DER LANDRAT;DIE FRAU BÜRGERMEISTERIN;3
DER LANDRAT;DER PASTOR;2
DER LANDRAT;SPRECHGESANG;1
DER LANDRAT;DUMPFE STIMMEN IM HINTERGRUND;1
DER LANDRAT;DER OBERHEIZER;2
DER LANDRAT;DIE KOBOLDE;3
DER LANDRAT;FRAU VENUS;1
DER LANDRAT;DIE LANDRÄTE;1
DER LANDRAT;DIE KAPLANE;1
DER LANDRAT;DIE PASTOREN;1
DER LANDRAT;DIE BÜRGERMEISTER;1
DER LANDRAT;DIE HEIZER;2
DER LANDRAT;DIE BERGLEUTE;1
DER LANDRAT;EIN BERGMANN;1
DER LANDRAT;DIE GANZE BANDE;1
DER LANDRAT;ERSTER KOBOLD;2
DER LANDRAT;ZWEITER KOBOLD;2
DER LANDRAT;DRITTER KOBOLD;2
DER LANDRAT;EINE DAME;1
DER LANDRAT;DIE HERREN;1
DER LANDRAT;DIE DAMEN;1
DER LANDRAT;DIE POLIZISTEN;1
DER LANDRAT;IMMER MEHR STIMMEN VON DRAUßEN HER;1
CHORGESANG MIT MUSIK;DIE BERGKNAPPEN;1
CHORGESANG MIT MUSIK;EULENSPIEGEL;1
CHORGESANG MIT MUSIK;MICHEL MICHAEL;1
CHORGESANG MIT MUSIK;LISE;1
CHORGESANG MIT MUSIK;DER ROTE KARL;1
CHORGESANG MIT MUSIK;DER SCHWARZE KARL;1
CHORGESANG MIT MUSIK;DER KAISER ROTBART;1
CHORGESANG MIT MUSIK;DER GETREUE ECKART;1
CHORGESANG MIT MUSIK;DER LANDRAT;1
CHORGESANG MIT MUSIK;DER BERGRAT;1
CHORGESANG MIT MUSIK;DER BÜRGERMEISTER;1
CHORGESANG MIT MUSIK;DIE FRAU BÜRGERMEISTERIN;1
CHORGESANG MIT MUSIK;DER PASTOR;1
CHORGESANG MIT MUSIK;DER KAPLAN;1
CHORGESANG MIT MUSIK;SPRECHGESANG;1
CHORGESANG MIT MUSIK;DUMPFE STIMMEN IM HINTERGRUND;1
CHORGESANG MIT MUSIK;DER OBERHEIZER;1
CHORGESANG MIT MUSIK;DIE KOBOLDE;1
CHORGESANG MIT MUSIK;DIE HEIZER;1
CHORGESANG MIT MUSIK;ERSTER KOBOLD;1
CHORGESANG MIT MUSIK;ZWEITER KOBOLD;1
CHORGESANG MIT MUSIK;DRITTER KOBOLD;1
DER BERGRAT;DIE BERGKNAPPEN;2
DER BERGRAT;EULENSPIEGEL;4
DER BERGRAT;MICHEL MICHAEL;4
DER BERGRAT;LISE;3
DER BERGRAT;DER ROTE KARL;3
DER BERGRAT;DER SCHWARZE KARL;2
DER BERGRAT;DER KAISER ROTBART;4
DER BERGRAT;DER GETREUE ECKART;4
DER BERGRAT;DER LANDRAT;3
DER BERGRAT;DER BÜRGERMEISTER;2
DER BERGRAT;DIE FRAU BÜRGERMEISTERIN;3
DER BERGRAT;DER PASTOR;2
DER BERGRAT;DER KAPLAN;3
DER BERGRAT;SPRECHGESANG;1
DER BERGRAT;DUMPFE STIMMEN IM HINTERGRUND;1
DER BERGRAT;DER OBERHEIZER;2
DER BERGRAT;DIE KOBOLDE;3
DER BERGRAT;FRAU VENUS;1
DER BERGRAT;DIE LANDRÄTE;1
DER BERGRAT;DIE KAPLANE;1
DER BERGRAT;DIE PASTOREN;1
DER BERGRAT;DIE BÜRGERMEISTER;1
DER BERGRAT;DIE HEIZER;2
DER BERGRAT;DIE BERGLEUTE;1
DER BERGRAT;EIN BERGMANN;1
DER BERGRAT;DIE GANZE BANDE;1
DER BERGRAT;ERSTER KOBOLD;2
DER BERGRAT;ZWEITER KOBOLD;2
DER BERGRAT;DRITTER KOBOLD;2
DER BERGRAT;EINE DAME;1
DER BERGRAT;DIE HERREN;1
DER BERGRAT;DIE DAMEN;1
DER BERGRAT;DIE POLIZISTEN;1
DER BERGRAT;IMMER MEHR STIMMEN VON DRAUßEN HER;1
DER BÜRGERMEISTER;DIE BERGKNAPPEN;2
DER BÜRGERMEISTER;EULENSPIEGEL;2
DER BÜRGERMEISTER;MICHEL MICHAEL;2
DER BÜRGERMEISTER;LISE;2
DER BÜRGERMEISTER;DER ROTE KARL;2
DER BÜRGERMEISTER;DER SCHWARZE KARL;2
DER BÜRGERMEISTER;DER KAISER ROTBART;2
DER BÜRGERMEISTER;DER GETREUE ECKART;2
DER BÜRGERMEISTER;DER LANDRAT;2
DER BÜRGERMEISTER;DIE FRAU BÜRGERMEISTERIN;2
DER BÜRGERMEISTER;DER PASTOR;2
DER BÜRGERMEISTER;DER KAPLAN;2
DER BÜRGERMEISTER;SPRECHGESANG;1
DER BÜRGERMEISTER;DUMPFE STIMMEN IM HINTERGRUND;1
DER BÜRGERMEISTER;DER OBERHEIZER;1
DER BÜRGERMEISTER;DIE KOBOLDE;2
DER BÜRGERMEISTER;DIE HEIZER;1
DER BÜRGERMEISTER;ERSTER KOBOLD;2
DER BÜRGERMEISTER;ZWEITER KOBOLD;2
DER BÜRGERMEISTER;DRITTER KOBOLD;2
DER BÜRGERMEISTER;EINE DAME;1
DER BÜRGERMEISTER;DIE HERREN;1
DER BÜRGERMEISTER;DIE DAMEN;1
DER BÜRGERMEISTER;DIE POLIZISTEN;1
DER BÜRGERMEISTER;IMMER MEHR STIMMEN VON DRAUßEN HER;1
DIE FRAU BÜRGERMEISTERIN;EULENSPIEGEL;3
DIE FRAU BÜRGERMEISTERIN;MICHEL MICHAEL;3
DIE FRAU BÜRGERMEISTERIN;LISE;2
DIE FRAU BÜRGERMEISTERIN;SPRECHGESANG;1
DIE FRAU BÜRGERMEISTERIN;DUMPFE STIMMEN IM HINTERGRUND;1
DIE FRAU BÜRGERMEISTERIN;DIE KOBOLDE;3
DIE FRAU BÜRGERMEISTERIN;FRAU VENUS;1
DIE FRAU BÜRGERMEISTERIN;DIE LANDRÄTE;1
DIE FRAU BÜRGERMEISTERIN;DIE KAPLANE;1
DIE FRAU BÜRGERMEISTERIN;DIE PASTOREN;1
DIE FRAU BÜRGERMEISTERIN;DIE HEIZER;2
DIE FRAU BÜRGERMEISTERIN;EIN BERGMANN;1
DIE FRAU BÜRGERMEISTERIN;DIE GANZE BANDE;1
DIE FRAU BÜRGERMEISTERIN;ERSTER KOBOLD;2
DIE FRAU BÜRGERMEISTERIN;ZWEITER KOBOLD;2
DIE FRAU BÜRGERMEISTERIN;DRITTER KOBOLD;2
DIE FRAU BÜRGERMEISTERIN;EINE DAME;1
DIE FRAU BÜRGERMEISTERIN;DIE HERREN;1
DIE FRAU BÜRGERMEISTERIN;DIE POLIZISTEN;1
DIE FRAU BÜRGERMEISTERIN;IMMER MEHR STIMMEN VON DRAUßEN HER;1
DER PASTOR;DIE BERGKNAPPEN;2
DER PASTOR;EULENSPIEGEL;2
DER PASTOR;MICHEL MICHAEL;2
DER PASTOR;LISE;2
DER PASTOR;DER ROTE KARL;2
DER PASTOR;DER SCHWARZE KARL;2
DER PASTOR;DIE FRAU BÜRGERMEISTERIN;2
DER PASTOR;SPRECHGESANG;1
DER PASTOR;DUMPFE STIMMEN IM HINTERGRUND;1
DER PASTOR;DIE KOBOLDE;2
DER PASTOR;DIE HEIZER;1
DER PASTOR;ERSTER KOBOLD;2
DER PASTOR;ZWEITER KOBOLD;2
DER PASTOR;DRITTER KOBOLD;2
DER PASTOR;EINE DAME;1
DER PASTOR;DIE HERREN;1
DER PASTOR;DIE DAMEN;1
DER PASTOR;DIE POLIZISTEN;1
DER PASTOR;IMMER MEHR STIMMEN VON DRAUßEN HER;1
DER KAPLAN;DIE BERGKNAPPEN;2
DER KAPLAN;EULENSPIEGEL;3
DER KAPLAN;MICHEL MICHAEL;3
DER KAPLAN;LISE;2
DER KAPLAN;DER ROTE KARL;3
DER KAPLAN;DER SCHWARZE KARL;2
DER KAPLAN;DER LANDRAT;3
DER KAPLAN;DIE FRAU BÜRGERMEISTERIN;3
DER KAPLAN;DER PASTOR;2
DER KAPLAN;SPRECHGESANG;1
DER KAPLAN;DUMPFE STIMMEN IM HINTERGRUND;1
DER KAPLAN;DER OBERHEIZER;2
DER KAPLAN;DIE KOBOLDE;3
DER KAPLAN;FRAU VENUS;1
DER KAPLAN;DIE LANDRÄTE;1
DER KAPLAN;DIE KAPLANE;1
DER KAPLAN;DIE PASTOREN;1
DER KAPLAN;DIE BÜRGERMEISTER;1
DER KAPLAN;DIE HEIZER;2
DER KAPLAN;DIE BERGLEUTE;1
DER KAPLAN;EIN BERGMANN;1
DER KAPLAN;DIE GANZE BANDE;1
DER KAPLAN;ERSTER KOBOLD;2
DER KAPLAN;ZWEITER KOBOLD;2
DER KAPLAN;DRITTER KOBOLD;2
DER KAPLAN;EINE DAME;1
DER KAPLAN;DIE HERREN;1
DER KAPLAN;DIE DAMEN;1
DER KAPLAN;DIE POLIZISTEN;1
DER KAPLAN;IMMER MEHR STIMMEN VON DRAUßEN HER;1
SPRECHGESANG;ZWEITER KOBOLD;1
DUMPFE STIMMEN IM HINTERGRUND;EULENSPIEGEL;1
DUMPFE STIMMEN IM HINTERGRUND;MICHEL MICHAEL;1
DUMPFE STIMMEN IM HINTERGRUND;LISE;1
DUMPFE STIMMEN IM HINTERGRUND;SPRECHGESANG;1
DUMPFE STIMMEN IM HINTERGRUND;ERSTER KOBOLD;1
DUMPFE STIMMEN IM HINTERGRUND;ZWEITER KOBOLD;1
DER OBERHEIZER;DIE BERGKNAPPEN;1
DER OBERHEIZER;EULENSPIEGEL;2
DER OBERHEIZER;MICHEL MICHAEL;2
DER OBERHEIZER;LISE;1
DER OBERHEIZER;DER ROTE KARL;2
DER OBERHEIZER;DER SCHWARZE KARL;1
DER OBERHEIZER;DIE FRAU BÜRGERMEISTERIN;2
DER OBERHEIZER;DER PASTOR;1
DER OBERHEIZER;SPRECHGESANG;1
DER OBERHEIZER;DUMPFE STIMMEN IM HINTERGRUND;1
DER OBERHEIZER;DIE KOBOLDE;2
DER OBERHEIZER;FRAU VENUS;1
DER OBERHEIZER;DIE LANDRÄTE;1
DER OBERHEIZER;DIE KAPLANE;1
DER OBERHEIZER;DIE PASTOREN;1
DER OBERHEIZER;DIE BÜRGERMEISTER;1
DER OBERHEIZER;DIE HEIZER;2
DER OBERHEIZER;DIE BERGLEUTE;1
DER OBERHEIZER;EIN BERGMANN;1
DER OBERHEIZER;DIE GANZE BANDE;1
DER OBERHEIZER;ERSTER KOBOLD;1
DER OBERHEIZER;ZWEITER KOBOLD;1
DER OBERHEIZER;DRITTER KOBOLD;1
DIE KOBOLDE;EULENSPIEGEL;3
DIE KOBOLDE;MICHEL MICHAEL;3
DIE KOBOLDE;LISE;2
DIE KOBOLDE;SPRECHGESANG;1
DIE KOBOLDE;DUMPFE STIMMEN IM HINTERGRUND;1
DIE KOBOLDE;FRAU VENUS;1
DIE KOBOLDE;DIE LANDRÄTE;1
DIE KOBOLDE;DIE PASTOREN;1
DIE KOBOLDE;EIN BERGMANN;1
DIE KOBOLDE;ERSTER KOBOLD;2
DIE KOBOLDE;ZWEITER KOBOLD;2
DIE KOBOLDE;DRITTER KOBOLD;2
DIE KOBOLDE;EINE DAME;1
DIE KOBOLDE;DIE POLIZISTEN;1
DIE KOBOLDE;IMMER MEHR STIMMEN VON DRAUßEN HER;1
FRAU VENUS;MICHEL MICHAEL;1
DIE LANDRÄTE;EULENSPIEGEL;1
DIE LANDRÄTE;MICHEL MICHAEL;1
DIE LANDRÄTE;FRAU VENUS;1
DIE LANDRÄTE;DIE PASTOREN;1
DIE LANDRÄTE;EIN BERGMANN;1
DIE KAPLANE;EULENSPIEGEL;1
DIE KAPLANE;MICHEL MICHAEL;1
DIE KAPLANE;DIE KOBOLDE;1
DIE KAPLANE;FRAU VENUS;1
DIE KAPLANE;DIE LANDRÄTE;1
DIE KAPLANE;DIE PASTOREN;1
DIE KAPLANE;EIN BERGMANN;1
DIE PASTOREN;EULENSPIEGEL;1
DIE PASTOREN;MICHEL MICHAEL;1
DIE PASTOREN;FRAU VENUS;1
DIE PASTOREN;EIN BERGMANN;1
DIE BÜRGERMEISTER;EULENSPIEGEL;1
DIE BÜRGERMEISTER;MICHEL MICHAEL;1
DIE BÜRGERMEISTER;DIE FRAU BÜRGERMEISTERIN;1
DIE BÜRGERMEISTER;DIE KOBOLDE;1
DIE BÜRGERMEISTER;FRAU VENUS;1
DIE BÜRGERMEISTER;DIE LANDRÄTE;1
DIE BÜRGERMEISTER;DIE KAPLANE;1
DIE BÜRGERMEISTER;DIE PASTOREN;1
DIE BÜRGERMEISTER;DIE HEIZER;1
DIE BÜRGERMEISTER;EIN BERGMANN;1
DIE BÜRGERMEISTER;DIE GANZE BANDE;1
DIE HEIZER;EULENSPIEGEL;2
DIE HEIZER;MICHEL MICHAEL;2
DIE HEIZER;LISE;1
DIE HEIZER;SPRECHGESANG;1
DIE HEIZER;DUMPFE STIMMEN IM HINTERGRUND;1
DIE HEIZER;DIE KOBOLDE;2
DIE HEIZER;FRAU VENUS;1
DIE HEIZER;DIE LANDRÄTE;1
DIE HEIZER;DIE KAPLANE;1
DIE HEIZER;DIE PASTOREN;1
DIE HEIZER;EIN BERGMANN;1
DIE HEIZER;ERSTER KOBOLD;1
DIE HEIZER;ZWEITER KOBOLD;1
DIE HEIZER;DRITTER KOBOLD;1
DIE BERGLEUTE;EULENSPIEGEL;1
DIE BERGLEUTE;MICHEL MICHAEL;1
DIE BERGLEUTE;DIE FRAU BÜRGERMEISTERIN;1
DIE BERGLEUTE;DIE KOBOLDE;1
DIE BERGLEUTE;FRAU VENUS;1
DIE BERGLEUTE;DIE LANDRÄTE;1
DIE BERGLEUTE;DIE KAPLANE;1
DIE BERGLEUTE;DIE PASTOREN;1
DIE BERGLEUTE;DIE BÜRGERMEISTER;1
DIE BERGLEUTE;DIE HEIZER;1
DIE BERGLEUTE;EIN BERGMANN;1
DIE BERGLEUTE;DIE GANZE BANDE;1
EIN BERGMANN;EULENSPIEGEL;1
EIN BERGMANN;MICHEL MICHAEL;1
EIN BERGMANN;FRAU VENUS;1
DIE GANZE BANDE;EULENSPIEGEL;1
DIE GANZE BANDE;MICHEL MICHAEL;1
DIE GANZE BANDE;DIE KOBOLDE;1
DIE GANZE BANDE;FRAU VENUS;1
DIE GANZE BANDE;DIE LANDRÄTE;1
DIE GANZE BANDE;DIE KAPLANE;1
DIE GANZE BANDE;DIE PASTOREN;1
DIE GANZE BANDE;DIE HEIZER;1
DIE GANZE BANDE;EIN BERGMANN;1
ERSTER KOBOLD;EULENSPIEGEL;2
ERSTER KOBOLD;MICHEL MICHAEL;2
ERSTER KOBOLD;LISE;2
ERSTER KOBOLD;SPRECHGESANG;1
ERSTER KOBOLD;ZWEITER KOBOLD;2
ERSTER KOBOLD;IMMER MEHR STIMMEN VON DRAUßEN HER;1
DRITTER KOBOLD;EULENSPIEGEL;2
DRITTER KOBOLD;MICHEL MICHAEL;2
DRITTER KOBOLD;LISE;2
DRITTER KOBOLD;SPRECHGESANG;1
DRITTER KOBOLD;DUMPFE STIMMEN IM HINTERGRUND;1
DRITTER KOBOLD;ERSTER KOBOLD;2
DRITTER KOBOLD;ZWEITER KOBOLD;2
DRITTER KOBOLD;EINE DAME;1
DRITTER KOBOLD;IMMER MEHR STIMMEN VON DRAUßEN HER;1
EINE DAME;EULENSPIEGEL;1
EINE DAME;MICHEL MICHAEL;1
EINE DAME;LISE;1
EINE DAME;ERSTER KOBOLD;1
EINE DAME;ZWEITER KOBOLD;1
EINE DAME;IMMER MEHR STIMMEN VON DRAUßEN HER;1
DIE HERREN;EULENSPIEGEL;1
DIE HERREN;MICHEL MICHAEL;1
DIE HERREN;LISE;1
DIE HERREN;DIE KOBOLDE;1
DIE HERREN;ERSTER KOBOLD;1
DIE HERREN;ZWEITER KOBOLD;1
DIE HERREN;DRITTER KOBOLD;1
DIE HERREN;EINE DAME;1
DIE HERREN;DIE POLIZISTEN;1
DIE HERREN;IMMER MEHR STIMMEN VON DRAUßEN HER;1
DIE DAMEN;EULENSPIEGEL;1
DIE DAMEN;MICHEL MICHAEL;1
DIE DAMEN;LISE;1
DIE DAMEN;DIE FRAU BÜRGERMEISTERIN;1
DIE DAMEN;DIE KOBOLDE;1
DIE DAMEN;ERSTER KOBOLD;1
DIE DAMEN;ZWEITER KOBOLD;1
DIE DAMEN;DRITTER KOBOLD;1
DIE DAMEN;EINE DAME;1
DIE DAMEN;DIE HERREN;1
DIE DAMEN;DIE POLIZISTEN;1
DIE DAMEN;IMMER MEHR STIMMEN VON DRAUßEN HER;1
DIE POLIZISTEN;EULENSPIEGEL;1
DIE POLIZISTEN;MICHEL MICHAEL;1
DIE POLIZISTEN;LISE;1
DIE POLIZISTEN;ERSTER KOBOLD;1
DIE POLIZISTEN;ZWEITER KOBOLD;1
DIE POLIZISTEN;DRITTER KOBOLD;1
DIE POLIZISTEN;EINE DAME;1
DIE POLIZISTEN;IMMER MEHR STIMMEN VON DRAUßEN HER;1
IMMER MEHR STIMMEN VON DRAUßEN HER;MICHEL MICHAEL;1
IMMER MEHR STIMMEN VON DRAUßEN HER;LISE;1
IMMER MEHR STIMMEN VON DRAUßEN HER;ZWEITER KOBOLD;1
