DER CHOR;DIE AMME;1
DER CHOR;DER KAISER;1
DER CHOR;DIE KAISERIN;1
DER CHOR;DIE FRAU;1
DER CHOR;STIMME;1
DER CHOR;DIENENDE GEISTER;1
DER CHOR;DIE STIMMEN DER FÄRBERSLEUTE;1
DER CHOR;ERSTER DIENENDER GEIST;1
DER CHOR;ZWEITER DIENENDER GEIST;1
DER CHOR;DRITTER DIENENDER GEIST;1
DER CHOR;DIE MENSCHENSTIMMEN;1
DER CHOR;STIMME VON OBEN;1
DER CHOR;UNIRDISCHE STIMMEN;1
DER CHOR;DIE UNGEBORENEN;1
DER CHOR;DIE FÄRBERIN;1
DIE AMME;DIE KAISERIN;3
DIE AMME;DIE FRAU;3
DIE AMME;DIENERINNEN;1
DIE AMME;FÜNF KINDERSTIMMEN;1
DIE AMME;DIE STIMMEN DER WÄCHTER IN DEN STRASSEN;1
DIE AMME;STIMMEN;1
DIE AMME;DIE BRÜDER;1
DIE AMME;DIE BETTELKINDER;1
DIE AMME;DIE FREMDEN KINDER;1
DIE AMME;STIMME;1
DIE AMME;DIENENDE GEISTER;1
DIE AMME;DIE STIMMEN DER FÄRBERSLEUTE;1
DIE AMME;ERSTER DIENENDER GEIST;1
DIE AMME;ZWEITER DIENENDER GEIST;1
DIE AMME;DRITTER DIENENDER GEIST;1
DIE AMME;DIE MENSCHENSTIMMEN;1
DIE AMME;STIMME VON OBEN;1
DIE AMME;UNIRDISCHE STIMMEN;1
DIE AMME;DIE UNGEBORENEN;1
DIE AMME;DIE FÄRBERIN;1
DER BOTE;DER CHOR;1
DER BOTE;DIE AMME;2
DER BOTE;DER KAISER;2
DER BOTE;DIE KAISERIN;2
DER BOTE;DES FALKEN STIMME;1
DER BOTE;DER EINÄUGIGE;1
DER BOTE;DER EINARMIGE;1
DER BOTE;DER BUCKLIGE;1
DER BOTE;DIE FRAU;2
DER BOTE;DIENERINNEN;1
DER BOTE;FÜNF KINDERSTIMMEN;1
DER BOTE;DIE STIMMEN DER WÄCHTER IN DEN STRASSEN;1
DER BOTE;DER JÜNGLING;1
DER BOTE;STIMME;1
DER BOTE;DIENENDE GEISTER;1
DER BOTE;DIE STIMMEN DER FÄRBERSLEUTE;1
DER BOTE;ERSTER DIENENDER GEIST;1
DER BOTE;ZWEITER DIENENDER GEIST;1
DER BOTE;DRITTER DIENENDER GEIST;1
DER BOTE;DIE MENSCHENSTIMMEN;1
DER BOTE;STIMME VON OBEN;1
DER BOTE;UNIRDISCHE STIMMEN;1
DER BOTE;DIE UNGEBORENEN;1
DER BOTE;DIE FÄRBERIN;1
DER KAISER;DIE AMME;3
DER KAISER;DIE KAISERIN;3
DER KAISER;DES FALKEN STIMME;2
DER KAISER;DIE FRAU;3
DER KAISER;DIENERINNEN;1
DER KAISER;FÜNF KINDERSTIMMEN;1
DER KAISER;DIE STIMMEN DER WÄCHTER IN DEN STRASSEN;1
DER KAISER;STIMMEN;1
DER KAISER;DIE BRÜDER;1
DER KAISER;DIE BETTELKINDER;1
DER KAISER;DIE FREMDEN KINDER;1
DER KAISER;STIMME;1
DER KAISER;DIENENDE GEISTER;1
DER KAISER;DIE STIMMEN DER FÄRBERSLEUTE;1
DER KAISER;ERSTER DIENENDER GEIST;1
DER KAISER;ZWEITER DIENENDER GEIST;1
DER KAISER;DRITTER DIENENDER GEIST;1
DER KAISER;DIE MENSCHENSTIMMEN;1
DER KAISER;STIMME VON OBEN;1
DER KAISER;UNIRDISCHE STIMMEN;1
DER KAISER;DIE UNGEBORENEN;1
DER KAISER;DIE FÄRBERIN;1
DIE KAISERIN;DIENERINNEN;1
DIE KAISERIN;FÜNF KINDERSTIMMEN;1
DIE KAISERIN;DIE STIMMEN DER WÄCHTER IN DEN STRASSEN;1
DIE KAISERIN;STIMMEN;1
DIE KAISERIN;STIMME;1
DIE KAISERIN;DIENENDE GEISTER;1
DIE KAISERIN;DIE STIMMEN DER FÄRBERSLEUTE;1
DIE KAISERIN;ERSTER DIENENDER GEIST;1
DIE KAISERIN;ZWEITER DIENENDER GEIST;1
DIE KAISERIN;DRITTER DIENENDER GEIST;1
DIE KAISERIN;DIE MENSCHENSTIMMEN;1
DIE KAISERIN;STIMME VON OBEN;1
DIE KAISERIN;UNIRDISCHE STIMMEN;1
DIE KAISERIN;DIE UNGEBORENEN;1
DES FALKEN STIMME;DIE AMME;2
DES FALKEN STIMME;DIE KAISERIN;2
DES FALKEN STIMME;DIE FRAU;2
DES FALKEN STIMME;DIENERINNEN;1
DES FALKEN STIMME;FÜNF KINDERSTIMMEN;1
DES FALKEN STIMME;DIE STIMMEN DER WÄCHTER IN DEN STRASSEN;1
DES FALKEN STIMME;STIMMEN;1
DES FALKEN STIMME;DIE BRÜDER;1
DES FALKEN STIMME;DIE BETTELKINDER;1
DES FALKEN STIMME;DIE FREMDEN KINDER;1
DER EINÄUGIGE;DIE AMME;1
DER EINÄUGIGE;DER KAISER;1
DER EINÄUGIGE;DIE KAISERIN;1
DER EINÄUGIGE;DES FALKEN STIMME;1
DER EINÄUGIGE;DIE FRAU;1
DER EINÄUGIGE;DIENERINNEN;1
DER EINÄUGIGE;FÜNF KINDERSTIMMEN;1
DER EINÄUGIGE;DIE STIMMEN DER WÄCHTER IN DEN STRASSEN;1
DER EINÄUGIGE;DER JÜNGLING;1
DER EINARMIGE;DIE AMME;1
DER EINARMIGE;DER KAISER;1
DER EINARMIGE;DIE KAISERIN;1
DER EINARMIGE;DES FALKEN STIMME;1
DER EINARMIGE;DER EINÄUGIGE;1
DER EINARMIGE;DIE FRAU;1
DER EINARMIGE;DIENERINNEN;1
DER EINARMIGE;FÜNF KINDERSTIMMEN;1
DER EINARMIGE;DIE STIMMEN DER WÄCHTER IN DEN STRASSEN;1
DER EINARMIGE;DER JÜNGLING;1
DER BUCKLIGE;DIE AMME;1
DER BUCKLIGE;DER KAISER;1
DER BUCKLIGE;DIE KAISERIN;1
DER BUCKLIGE;DES FALKEN STIMME;1
DER BUCKLIGE;DER EINÄUGIGE;1
DER BUCKLIGE;DER EINARMIGE;1
DER BUCKLIGE;DIE FRAU;1
DER BUCKLIGE;DIENERINNEN;1
DER BUCKLIGE;FÜNF KINDERSTIMMEN;1
DER BUCKLIGE;DIE STIMMEN DER WÄCHTER IN DEN STRASSEN;1
DER BUCKLIGE;DER JÜNGLING;1
DIE FRAU;DIE KAISERIN;3
DIE FRAU;DIENERINNEN;1
DIE FRAU;FÜNF KINDERSTIMMEN;1
DIE FRAU;DIE STIMMEN DER WÄCHTER IN DEN STRASSEN;1
DIE FRAU;STIMMEN;1
DIE FRAU;DIE FREMDEN KINDER;1
DIE FRAU;STIMME;1
DIE FRAU;DIENENDE GEISTER;1
DIE FRAU;DIE STIMMEN DER FÄRBERSLEUTE;1
DIE FRAU;ERSTER DIENENDER GEIST;1
DIE FRAU;ZWEITER DIENENDER GEIST;1
DIE FRAU;DRITTER DIENENDER GEIST;1
DIE FRAU;DIE MENSCHENSTIMMEN;1
DIE FRAU;STIMME VON OBEN;1
DIE FRAU;UNIRDISCHE STIMMEN;1
DIE FRAU;DIE UNGEBORENEN;1
DIE FRAU;DIE FÄRBERIN;1
BARAK;DER CHOR;1
BARAK;DIE AMME;3
BARAK;DER BOTE;2
BARAK;DER KAISER;3
BARAK;DIE KAISERIN;3
BARAK;DES FALKEN STIMME;2
BARAK;DER EINÄUGIGE;1
BARAK;DER EINARMIGE;1
BARAK;DER BUCKLIGE;1
BARAK;DIE FRAU;3
BARAK;DIENERINNEN;1
BARAK;FÜNF KINDERSTIMMEN;1
BARAK;DIE STIMMEN DER WÄCHTER IN DEN STRASSEN;1
BARAK;STIMMEN;1
BARAK;DIE BRÜDER;1
BARAK;DIE BETTELKINDER;1
BARAK;DIE FREMDEN KINDER;1
BARAK;DER JÜNGLING;2
BARAK;STIMME;1
BARAK;DIENENDE GEISTER;1
BARAK;DIE STIMMEN DER FÄRBERSLEUTE;1
BARAK;ERSTER DIENENDER GEIST;1
BARAK;ZWEITER DIENENDER GEIST;1
BARAK;DRITTER DIENENDER GEIST;1
BARAK;DIE MENSCHENSTIMMEN;1
BARAK;STIMME VON OBEN;1
BARAK;UNIRDISCHE STIMMEN;1
BARAK;DIE UNGEBORENEN;1
BARAK;DIE FÄRBERIN;1
DIENERINNEN;FÜNF KINDERSTIMMEN;1
DIE STIMMEN DER WÄCHTER IN DEN STRASSEN;DIENERINNEN;1
DIE STIMMEN DER WÄCHTER IN DEN STRASSEN;FÜNF KINDERSTIMMEN;1
DIE BRÜDER;DIE KAISERIN;1
DIE BRÜDER;DIE FRAU;1
DIE BRÜDER;STIMMEN;1
DIE BRÜDER;DIE FREMDEN KINDER;1
DIE BETTELKINDER;DIE KAISERIN;1
DIE BETTELKINDER;DIE FRAU;1
DIE BETTELKINDER;STIMMEN;1
DIE BETTELKINDER;DIE BRÜDER;1
DIE BETTELKINDER;DIE FREMDEN KINDER;1
DIE FREMDEN KINDER;DIE KAISERIN;1
DIE FREMDEN KINDER;STIMMEN;1
DER JÜNGLING;DIE AMME;2
DER JÜNGLING;DER KAISER;2
DER JÜNGLING;DIE KAISERIN;2
DER JÜNGLING;DES FALKEN STIMME;2
DER JÜNGLING;DIE FRAU;2
DER JÜNGLING;DIENERINNEN;1
DER JÜNGLING;FÜNF KINDERSTIMMEN;1
DER JÜNGLING;DIE STIMMEN DER WÄCHTER IN DEN STRASSEN;1
DER JÜNGLING;STIMMEN;1
DER JÜNGLING;DIE BRÜDER;1
DER JÜNGLING;DIE BETTELKINDER;1
DER JÜNGLING;DIE FREMDEN KINDER;1
STIMME;ZWEITER DIENENDER GEIST;1
STIMME;STIMME VON OBEN;1
STIMME;UNIRDISCHE STIMMEN;1
DIENENDE GEISTER;STIMME;1
DIENENDE GEISTER;ERSTER DIENENDER GEIST;1
DIENENDE GEISTER;ZWEITER DIENENDER GEIST;1
DIENENDE GEISTER;DRITTER DIENENDER GEIST;1
DIENENDE GEISTER;STIMME VON OBEN;1
DIENENDE GEISTER;UNIRDISCHE STIMMEN;1
DIE STIMMEN DER FÄRBERSLEUTE;STIMME;1
DIE STIMMEN DER FÄRBERSLEUTE;DIENENDE GEISTER;1
DIE STIMMEN DER FÄRBERSLEUTE;ERSTER DIENENDER GEIST;1
DIE STIMMEN DER FÄRBERSLEUTE;ZWEITER DIENENDER GEIST;1
DIE STIMMEN DER FÄRBERSLEUTE;DRITTER DIENENDER GEIST;1
DIE STIMMEN DER FÄRBERSLEUTE;STIMME VON OBEN;1
DIE STIMMEN DER FÄRBERSLEUTE;UNIRDISCHE STIMMEN;1
DIE STIMMEN DER FÄRBERSLEUTE;DIE UNGEBORENEN;1
ERSTER DIENENDER GEIST;STIMME;1
ERSTER DIENENDER GEIST;ZWEITER DIENENDER GEIST;1
ERSTER DIENENDER GEIST;STIMME VON OBEN;1
ERSTER DIENENDER GEIST;UNIRDISCHE STIMMEN;1
DRITTER DIENENDER GEIST;STIMME;1
DRITTER DIENENDER GEIST;ERSTER DIENENDER GEIST;1
DRITTER DIENENDER GEIST;ZWEITER DIENENDER GEIST;1
DRITTER DIENENDER GEIST;STIMME VON OBEN;1
DRITTER DIENENDER GEIST;UNIRDISCHE STIMMEN;1
DIE MENSCHENSTIMMEN;STIMME;1
DIE MENSCHENSTIMMEN;DIENENDE GEISTER;1
DIE MENSCHENSTIMMEN;DIE STIMMEN DER FÄRBERSLEUTE;1
DIE MENSCHENSTIMMEN;ERSTER DIENENDER GEIST;1
DIE MENSCHENSTIMMEN;ZWEITER DIENENDER GEIST;1
DIE MENSCHENSTIMMEN;DRITTER DIENENDER GEIST;1
DIE MENSCHENSTIMMEN;STIMME VON OBEN;1
DIE MENSCHENSTIMMEN;UNIRDISCHE STIMMEN;1
DIE MENSCHENSTIMMEN;DIE UNGEBORENEN;1
STIMME VON OBEN;ZWEITER DIENENDER GEIST;1
STIMME VON OBEN;UNIRDISCHE STIMMEN;1
UNIRDISCHE STIMMEN;ZWEITER DIENENDER GEIST;1
DIE UNGEBORENEN;STIMME;1
DIE UNGEBORENEN;DIENENDE GEISTER;1
DIE UNGEBORENEN;ERSTER DIENENDER GEIST;1
DIE UNGEBORENEN;ZWEITER DIENENDER GEIST;1
DIE UNGEBORENEN;DRITTER DIENENDER GEIST;1
DIE UNGEBORENEN;STIMME VON OBEN;1
DIE UNGEBORENEN;UNIRDISCHE STIMMEN;1
DIE FÄRBERIN;DIE KAISERIN;1
DIE FÄRBERIN;STIMME;1
DIE FÄRBERIN;DIENENDE GEISTER;1
DIE FÄRBERIN;DIE STIMMEN DER FÄRBERSLEUTE;1
DIE FÄRBERIN;ERSTER DIENENDER GEIST;1
DIE FÄRBERIN;ZWEITER DIENENDER GEIST;1
DIE FÄRBERIN;DRITTER DIENENDER GEIST;1
DIE FÄRBERIN;DIE MENSCHENSTIMMEN;1
DIE FÄRBERIN;STIMME VON OBEN;1
DIE FÄRBERIN;UNIRDISCHE STIMMEN;1
DIE FÄRBERIN;DIE UNGEBORENEN;1
