TEUFEL;TOD;1
TEUFEL;VORSÄNGER;1
TEUFEL;WERKE;1
SPIELANSAGER;TEUFEL;1
SPIELANSAGER;TOD;1
SPIELANSAGER;VORSÄNGER;1
SPIELANSAGER;STIMMEN;1
SPIELANSAGER;WERKE;1
GOTT DER HERR;TEUFEL;1
GOTT DER HERR;SPIELANSAGER;1
GOTT DER HERR;TOD;1
GOTT DER HERR;JEDERMANN;1
GOTT DER HERR;KOCH;1
GOTT DER HERR;SCHULDKNECHT;1
GOTT DER HERR;SCHULDKNECHTS WEIB;1
GOTT DER HERR;JEDERMANNS MUTTER;1
GOTT DER HERR;VORSÄNGER;1
GOTT DER HERR;STIMMEN;1
GOTT DER HERR;HAUSVOGT;1
GOTT DER HERR;KNECHT;1
GOTT DER HERR;MAMMON;1
GOTT DER HERR;WERKE;1
TOD;VORSÄNGER;1
TOD;WERKE;1
JEDERMANN;TEUFEL;1
JEDERMANN;SPIELANSAGER;1
JEDERMANN;TOD;1
JEDERMANN;KOCH;1
JEDERMANN;SCHULDKNECHT;1
JEDERMANN;SCHULDKNECHTS WEIB;1
JEDERMANN;JEDERMANNS MUTTER;1
JEDERMANN;VORSÄNGER;1
JEDERMANN;STIMMEN;1
JEDERMANN;KNECHT;1
JEDERMANN;MAMMON;1
JEDERMANN;WERKE;1
KOCH;TEUFEL;1
KOCH;SPIELANSAGER;1
KOCH;TOD;1
KOCH;SCHULDKNECHT;1
KOCH;SCHULDKNECHTS WEIB;1
KOCH;VORSÄNGER;1
KOCH;STIMMEN;1
KOCH;MAMMON;1
KOCH;WERKE;1
GESELL;TEUFEL;1
GESELL;SPIELANSAGER;1
GESELL;GOTT DER HERR;1
GESELL;TOD;1
GESELL;JEDERMANN;1
GESELL;KOCH;1
GESELL;SCHULDKNECHT;1
GESELL;SCHULDKNECHTS WEIB;1
GESELL;JEDERMANNS MUTTER;1
GESELL;VORSÄNGER;1
GESELL;STIMMEN;1
GESELL;HAUSVOGT;1
GESELL;KNECHT;1
GESELL;MAMMON;1
GESELL;WERKE;1
GESELL;GLAUBE;1
ARMER NACHBAR;TEUFEL;1
ARMER NACHBAR;SPIELANSAGER;1
ARMER NACHBAR;GOTT DER HERR;1
ARMER NACHBAR;TOD;1
ARMER NACHBAR;JEDERMANN;1
ARMER NACHBAR;KOCH;1
ARMER NACHBAR;GESELL;1
ARMER NACHBAR;SCHULDKNECHT;1
ARMER NACHBAR;SCHULDKNECHTS WEIB;1
ARMER NACHBAR;JEDERMANNS MUTTER;1
ARMER NACHBAR;BUHLSCHAFT;1
ARMER NACHBAR;VORSÄNGER;1
ARMER NACHBAR;DIE GÄSTE;1
ARMER NACHBAR;EIN FRÄULEIN;1
ARMER NACHBAR;DER DICKE VETTER;1
ARMER NACHBAR;DER DÜNNE VETTER;1
ARMER NACHBAR;EIN GAST;1
ARMER NACHBAR;EIN ANDERES FRÄULEIN;1
ARMER NACHBAR;EIN DRITTES FRÄULEIN;1
ARMER NACHBAR;EIN ANDERER GAST;1
ARMER NACHBAR;STIMMEN;1
ARMER NACHBAR;HAUSVOGT;1
ARMER NACHBAR;KNECHT;1
ARMER NACHBAR;MAMMON;1
ARMER NACHBAR;WERKE;1
ARMER NACHBAR;GLAUBE;1
SCHULDKNECHT;TEUFEL;1
SCHULDKNECHT;SPIELANSAGER;1
SCHULDKNECHT;TOD;1
SCHULDKNECHT;SCHULDKNECHTS WEIB;1
SCHULDKNECHT;VORSÄNGER;1
SCHULDKNECHT;STIMMEN;1
SCHULDKNECHT;WERKE;1
SCHULDKNECHTS WEIB;TEUFEL;1
SCHULDKNECHTS WEIB;SPIELANSAGER;1
SCHULDKNECHTS WEIB;TOD;1
SCHULDKNECHTS WEIB;VORSÄNGER;1
SCHULDKNECHTS WEIB;STIMMEN;1
SCHULDKNECHTS WEIB;WERKE;1
JEDERMANNS MUTTER;TEUFEL;1
JEDERMANNS MUTTER;SPIELANSAGER;1
JEDERMANNS MUTTER;TOD;1
JEDERMANNS MUTTER;KOCH;1
JEDERMANNS MUTTER;SCHULDKNECHT;1
JEDERMANNS MUTTER;SCHULDKNECHTS WEIB;1
JEDERMANNS MUTTER;VORSÄNGER;1
JEDERMANNS MUTTER;STIMMEN;1
JEDERMANNS MUTTER;KNECHT;1
JEDERMANNS MUTTER;MAMMON;1
JEDERMANNS MUTTER;WERKE;1
BUHLSCHAFT;TEUFEL;1
BUHLSCHAFT;SPIELANSAGER;1
BUHLSCHAFT;GOTT DER HERR;1
BUHLSCHAFT;TOD;1
BUHLSCHAFT;JEDERMANN;1
BUHLSCHAFT;KOCH;1
BUHLSCHAFT;GESELL;1
BUHLSCHAFT;SCHULDKNECHT;1
BUHLSCHAFT;SCHULDKNECHTS WEIB;1
BUHLSCHAFT;JEDERMANNS MUTTER;1
BUHLSCHAFT;VORSÄNGER;1
BUHLSCHAFT;DIE GÄSTE;1
BUHLSCHAFT;EIN FRÄULEIN;1
BUHLSCHAFT;DER DICKE VETTER;1
BUHLSCHAFT;DER DÜNNE VETTER;1
BUHLSCHAFT;EIN GAST;1
BUHLSCHAFT;EIN ANDERES FRÄULEIN;1
BUHLSCHAFT;EIN DRITTES FRÄULEIN;1
BUHLSCHAFT;EIN ANDERER GAST;1
BUHLSCHAFT;STIMMEN;1
BUHLSCHAFT;HAUSVOGT;1
BUHLSCHAFT;KNECHT;1
BUHLSCHAFT;MAMMON;1
BUHLSCHAFT;WERKE;1
BUHLSCHAFT;GLAUBE;1
VORSÄNGER;WERKE;1
DIE GÄSTE;TEUFEL;1
DIE GÄSTE;SPIELANSAGER;1
DIE GÄSTE;GOTT DER HERR;1
DIE GÄSTE;TOD;1
DIE GÄSTE;JEDERMANN;1
DIE GÄSTE;KOCH;1
DIE GÄSTE;GESELL;1
DIE GÄSTE;SCHULDKNECHT;1
DIE GÄSTE;SCHULDKNECHTS WEIB;1
DIE GÄSTE;JEDERMANNS MUTTER;1
DIE GÄSTE;VORSÄNGER;1
DIE GÄSTE;EIN FRÄULEIN;1
DIE GÄSTE;EIN GAST;1
DIE GÄSTE;EIN ANDERES FRÄULEIN;1
DIE GÄSTE;EIN DRITTES FRÄULEIN;1
DIE GÄSTE;EIN ANDERER GAST;1
DIE GÄSTE;STIMMEN;1
DIE GÄSTE;HAUSVOGT;1
DIE GÄSTE;KNECHT;1
DIE GÄSTE;MAMMON;1
DIE GÄSTE;WERKE;1
DIE GÄSTE;GLAUBE;1
EIN FRÄULEIN;TEUFEL;1
EIN FRÄULEIN;SPIELANSAGER;1
EIN FRÄULEIN;GOTT DER HERR;1
EIN FRÄULEIN;TOD;1
EIN FRÄULEIN;JEDERMANN;1
EIN FRÄULEIN;KOCH;1
EIN FRÄULEIN;GESELL;1
EIN FRÄULEIN;SCHULDKNECHT;1
EIN FRÄULEIN;SCHULDKNECHTS WEIB;1
EIN FRÄULEIN;JEDERMANNS MUTTER;1
EIN FRÄULEIN;VORSÄNGER;1
EIN FRÄULEIN;EIN GAST;1
EIN FRÄULEIN;STIMMEN;1
EIN FRÄULEIN;HAUSVOGT;1
EIN FRÄULEIN;KNECHT;1
EIN FRÄULEIN;MAMMON;1
EIN FRÄULEIN;WERKE;1
EIN FRÄULEIN;GLAUBE;1
DER DICKE VETTER;TEUFEL;1
DER DICKE VETTER;SPIELANSAGER;1
DER DICKE VETTER;GOTT DER HERR;1
DER DICKE VETTER;TOD;1
DER DICKE VETTER;JEDERMANN;1
DER DICKE VETTER;KOCH;1
DER DICKE VETTER;GESELL;1
DER DICKE VETTER;SCHULDKNECHT;1
DER DICKE VETTER;SCHULDKNECHTS WEIB;1
DER DICKE VETTER;JEDERMANNS MUTTER;1
DER DICKE VETTER;VORSÄNGER;1
DER DICKE VETTER;DIE GÄSTE;1
DER DICKE VETTER;EIN FRÄULEIN;1
DER DICKE VETTER;DER DÜNNE VETTER;1
DER DICKE VETTER;EIN GAST;1
DER DICKE VETTER;EIN ANDERES FRÄULEIN;1
DER DICKE VETTER;EIN DRITTES FRÄULEIN;1
DER DICKE VETTER;EIN ANDERER GAST;1
DER DICKE VETTER;STIMMEN;1
DER DICKE VETTER;HAUSVOGT;1
DER DICKE VETTER;KNECHT;1
DER DICKE VETTER;MAMMON;1
DER DICKE VETTER;WERKE;1
DER DICKE VETTER;GLAUBE;1
DER DÜNNE VETTER;TEUFEL;1
DER DÜNNE VETTER;SPIELANSAGER;1
DER DÜNNE VETTER;GOTT DER HERR;1
DER DÜNNE VETTER;TOD;1
DER DÜNNE VETTER;JEDERMANN;1
DER DÜNNE VETTER;KOCH;1
DER DÜNNE VETTER;GESELL;1
DER DÜNNE VETTER;SCHULDKNECHT;1
DER DÜNNE VETTER;SCHULDKNECHTS WEIB;1
DER DÜNNE VETTER;JEDERMANNS MUTTER;1
DER DÜNNE VETTER;VORSÄNGER;1
DER DÜNNE VETTER;DIE GÄSTE;1
DER DÜNNE VETTER;EIN FRÄULEIN;1
DER DÜNNE VETTER;EIN GAST;1
DER DÜNNE VETTER;EIN ANDERES FRÄULEIN;1
DER DÜNNE VETTER;EIN DRITTES FRÄULEIN;1
DER DÜNNE VETTER;EIN ANDERER GAST;1
DER DÜNNE VETTER;STIMMEN;1
DER DÜNNE VETTER;HAUSVOGT;1
DER DÜNNE VETTER;KNECHT;1
DER DÜNNE VETTER;MAMMON;1
DER DÜNNE VETTER;WERKE;1
DER DÜNNE VETTER;GLAUBE;1
EIN GAST;TEUFEL;1
EIN GAST;SPIELANSAGER;1
EIN GAST;GOTT DER HERR;1
EIN GAST;TOD;1
EIN GAST;JEDERMANN;1
EIN GAST;KOCH;1
EIN GAST;GESELL;1
EIN GAST;SCHULDKNECHT;1
EIN GAST;SCHULDKNECHTS WEIB;1
EIN GAST;JEDERMANNS MUTTER;1
EIN GAST;VORSÄNGER;1
EIN GAST;STIMMEN;1
EIN GAST;HAUSVOGT;1
EIN GAST;KNECHT;1
EIN GAST;MAMMON;1
EIN GAST;WERKE;1
EIN GAST;GLAUBE;1
EIN ANDERES FRÄULEIN;TEUFEL;1
EIN ANDERES FRÄULEIN;SPIELANSAGER;1
EIN ANDERES FRÄULEIN;GOTT DER HERR;1
EIN ANDERES FRÄULEIN;TOD;1
EIN ANDERES FRÄULEIN;JEDERMANN;1
EIN ANDERES FRÄULEIN;KOCH;1
EIN ANDERES FRÄULEIN;GESELL;1
EIN ANDERES FRÄULEIN;SCHULDKNECHT;1
EIN ANDERES FRÄULEIN;SCHULDKNECHTS WEIB;1
EIN ANDERES FRÄULEIN;JEDERMANNS MUTTER;1
EIN ANDERES FRÄULEIN;VORSÄNGER;1
EIN ANDERES FRÄULEIN;EIN FRÄULEIN;1
EIN ANDERES FRÄULEIN;EIN GAST;1
EIN ANDERES FRÄULEIN;EIN DRITTES FRÄULEIN;1
EIN ANDERES FRÄULEIN;STIMMEN;1
EIN ANDERES FRÄULEIN;HAUSVOGT;1
EIN ANDERES FRÄULEIN;KNECHT;1
EIN ANDERES FRÄULEIN;MAMMON;1
EIN ANDERES FRÄULEIN;WERKE;1
EIN ANDERES FRÄULEIN;GLAUBE;1
EIN DRITTES FRÄULEIN;TEUFEL;1
EIN DRITTES FRÄULEIN;SPIELANSAGER;1
EIN DRITTES FRÄULEIN;GOTT DER HERR;1
EIN DRITTES FRÄULEIN;TOD;1
EIN DRITTES FRÄULEIN;JEDERMANN;1
EIN DRITTES FRÄULEIN;KOCH;1
EIN DRITTES FRÄULEIN;GESELL;1
EIN DRITTES FRÄULEIN;SCHULDKNECHT;1
EIN DRITTES FRÄULEIN;SCHULDKNECHTS WEIB;1
EIN DRITTES FRÄULEIN;JEDERMANNS MUTTER;1
EIN DRITTES FRÄULEIN;VORSÄNGER;1
EIN DRITTES FRÄULEIN;EIN FRÄULEIN;1
EIN DRITTES FRÄULEIN;EIN GAST;1
EIN DRITTES FRÄULEIN;STIMMEN;1
EIN DRITTES FRÄULEIN;HAUSVOGT;1
EIN DRITTES FRÄULEIN;KNECHT;1
EIN DRITTES FRÄULEIN;MAMMON;1
EIN DRITTES FRÄULEIN;WERKE;1
EIN DRITTES FRÄULEIN;GLAUBE;1
EIN ANDERER GAST;TEUFEL;1
EIN ANDERER GAST;SPIELANSAGER;1
EIN ANDERER GAST;GOTT DER HERR;1
EIN ANDERER GAST;TOD;1
EIN ANDERER GAST;JEDERMANN;1
EIN ANDERER GAST;KOCH;1
EIN ANDERER GAST;GESELL;1
EIN ANDERER GAST;SCHULDKNECHT;1
EIN ANDERER GAST;SCHULDKNECHTS WEIB;1
EIN ANDERER GAST;JEDERMANNS MUTTER;1
EIN ANDERER GAST;VORSÄNGER;1
EIN ANDERER GAST;EIN FRÄULEIN;1
EIN ANDERER GAST;EIN GAST;1
EIN ANDERER GAST;EIN ANDERES FRÄULEIN;1
EIN ANDERER GAST;EIN DRITTES FRÄULEIN;1
EIN ANDERER GAST;STIMMEN;1
EIN ANDERER GAST;HAUSVOGT;1
EIN ANDERER GAST;KNECHT;1
EIN ANDERER GAST;MAMMON;1
EIN ANDERER GAST;WERKE;1
EIN ANDERER GAST;GLAUBE;1
STIMMEN;TEUFEL;1
STIMMEN;TOD;1
STIMMEN;VORSÄNGER;1
STIMMEN;WERKE;1
HAUSVOGT;TEUFEL;1
HAUSVOGT;SPIELANSAGER;1
HAUSVOGT;TOD;1
HAUSVOGT;JEDERMANN;1
HAUSVOGT;KOCH;1
HAUSVOGT;SCHULDKNECHT;1
HAUSVOGT;SCHULDKNECHTS WEIB;1
HAUSVOGT;JEDERMANNS MUTTER;1
HAUSVOGT;VORSÄNGER;1
HAUSVOGT;STIMMEN;1
HAUSVOGT;KNECHT;1
HAUSVOGT;MAMMON;1
HAUSVOGT;WERKE;1
KNECHT;TEUFEL;1
KNECHT;SPIELANSAGER;1
KNECHT;TOD;1
KNECHT;KOCH;1
KNECHT;SCHULDKNECHT;1
KNECHT;SCHULDKNECHTS WEIB;1
KNECHT;VORSÄNGER;1
KNECHT;STIMMEN;1
KNECHT;MAMMON;1
KNECHT;WERKE;1
MAMMON;TEUFEL;1
MAMMON;SPIELANSAGER;1
MAMMON;TOD;1
MAMMON;SCHULDKNECHT;1
MAMMON;SCHULDKNECHTS WEIB;1
MAMMON;VORSÄNGER;1
MAMMON;STIMMEN;1
MAMMON;WERKE;1
GLAUBE;TEUFEL;1
GLAUBE;SPIELANSAGER;1
GLAUBE;GOTT DER HERR;1
GLAUBE;TOD;1
GLAUBE;JEDERMANN;1
GLAUBE;KOCH;1
GLAUBE;SCHULDKNECHT;1
GLAUBE;SCHULDKNECHTS WEIB;1
GLAUBE;JEDERMANNS MUTTER;1
GLAUBE;VORSÄNGER;1
GLAUBE;STIMMEN;1
GLAUBE;HAUSVOGT;1
GLAUBE;KNECHT;1
GLAUBE;MAMMON;1
GLAUBE;WERKE;1
