EIN STREIKLEITER;HESS;1
EIN STREIKLEITER;MICHAEL;1
EIN STREIKLEITER;MARTIN;1
EIN STREIKLEITER;SINNER;1
EIN STREIKLEITER;SCHMIDT;1
EIN WEIB;MANN;1
EIN WEIB;INGENIEUR;1
EIN WEIB;EINER (1);1
EIN WEIB;EINE IRRSINNIGE WEIBERSTIMME;1
EIN WEIB;MÄNNERSTIMME;1
EIN WEIB;EINE ANDERE MÄNNERSTIMME;1
EIN WEIB;REGIERUNGSVERTRETER;1
EIN WEIB;SCHACHTAUFSEHER;1
EIN WEIB;WEIB;1
EIN WEIB;MÄNNER;1
EIN WEIB;OBERAUFSEHER;1
EIN WEIB;REPORTER;1
EIN WEIB;JUNGES WEIB;1
EIN WEIB;WEIBER;1
EIN WEIB;EINE GANZ HOHE, SCHRILLE STIMME;1
EIN WEIB;EIN ÄLTERER BERGMANN;1
MANN;MÄNNERSTIMME;1
MANN;REGIERUNGSVERTRETER;1
MANN;SCHACHTAUFSEHER;1
MANN;WEIB;1
MANN;MÄNNER;1
MANN;OBERAUFSEHER;1
MANN;REPORTER;1
MANN;WEIBER;1
INGENIEUR;MANN;1
INGENIEUR;MÄNNERSTIMME;1
INGENIEUR;REGIERUNGSVERTRETER;1
INGENIEUR;SCHACHTAUFSEHER;1
INGENIEUR;WEIB;1
INGENIEUR;MÄNNER;1
INGENIEUR;OBERAUFSEHER;1
INGENIEUR;REPORTER;1
INGENIEUR;JUNGES WEIB;1
INGENIEUR;WEIBER;1
EINER (1);MANN;1
EINER (1);INGENIEUR;1
EINER (1);MÄNNERSTIMME;1
EINER (1);REGIERUNGSVERTRETER;1
EINER (1);SCHACHTAUFSEHER;1
EINER (1);WEIB;1
EINER (1);MÄNNER;1
EINER (1);OBERAUFSEHER;1
EINER (1);REPORTER;1
EINER (1);JUNGES WEIB;1
EINER (1);WEIBER;1
EINE IRRSINNIGE WEIBERSTIMME;MANN;1
EINE IRRSINNIGE WEIBERSTIMME;INGENIEUR;1
EINE IRRSINNIGE WEIBERSTIMME;EINER (1);1
EINE IRRSINNIGE WEIBERSTIMME;MÄNNERSTIMME;1
EINE IRRSINNIGE WEIBERSTIMME;REGIERUNGSVERTRETER;1
EINE IRRSINNIGE WEIBERSTIMME;SCHACHTAUFSEHER;1
EINE IRRSINNIGE WEIBERSTIMME;WEIB;1
EINE IRRSINNIGE WEIBERSTIMME;MÄNNER;1
EINE IRRSINNIGE WEIBERSTIMME;OBERAUFSEHER;1
EINE IRRSINNIGE WEIBERSTIMME;REPORTER;1
EINE IRRSINNIGE WEIBERSTIMME;JUNGES WEIB;1
EINE IRRSINNIGE WEIBERSTIMME;WEIBER;1
MÄNNERSTIMME;REGIERUNGSVERTRETER;1
MÄNNERSTIMME;SCHACHTAUFSEHER;1
MÄNNERSTIMME;WEIB;1
MÄNNERSTIMME;OBERAUFSEHER;1
MÄNNERSTIMME;REPORTER;1
MÄNNERSTIMME;WEIBER;1
EINE ANDERE MÄNNERSTIMME;MANN;1
EINE ANDERE MÄNNERSTIMME;INGENIEUR;1
EINE ANDERE MÄNNERSTIMME;EINER (1);1
EINE ANDERE MÄNNERSTIMME;EINE IRRSINNIGE WEIBERSTIMME;1
EINE ANDERE MÄNNERSTIMME;MÄNNERSTIMME;1
EINE ANDERE MÄNNERSTIMME;REGIERUNGSVERTRETER;1
EINE ANDERE MÄNNERSTIMME;SCHACHTAUFSEHER;1
EINE ANDERE MÄNNERSTIMME;WEIB;1
EINE ANDERE MÄNNERSTIMME;MÄNNER;1
EINE ANDERE MÄNNERSTIMME;OBERAUFSEHER;1
EINE ANDERE MÄNNERSTIMME;REPORTER;1
EINE ANDERE MÄNNERSTIMME;JUNGES WEIB;1
EINE ANDERE MÄNNERSTIMME;WEIBER;1
EINE ANDERE MÄNNERSTIMME;EINE GANZ HOHE, SCHRILLE STIMME;1
EINER_2;HESS;1
EINER_2;MICHAEL;1
EINER_2;WANDA;1
EINER_2;HENNIG;1
EINER_2;RUSCHNOW;1
EINER_2;TIETZE;1
EINER_2;VOGLER;1
EINER_2;FABIUS;1
EINER_2;HOLSEN;1
EINER_2;LEDOVSKY;1
EINER_2;KAFFKA;1
EINER_2;MARTIN;1
EINER_2;TIMM;1
EINER_2;LERSNER;1
EINER_2;SINNER;1
EINER_2;SCHMIDT;1
REGIERUNGSVERTRETER;SCHACHTAUFSEHER;1
REGIERUNGSVERTRETER;WEIB;1
REGIERUNGSVERTRETER;REPORTER;1
REGIERUNGSVERTRETER;WEIBER;1
SCHACHTAUFSEHER;WEIB;1
SCHACHTAUFSEHER;WEIBER;1
EIN MANN;EIN WEIB;1
EIN MANN;MANN;1
EIN MANN;INGENIEUR;1
EIN MANN;EINER (1);1
EIN MANN;EINE IRRSINNIGE WEIBERSTIMME;1
EIN MANN;MÄNNERSTIMME;1
EIN MANN;EINE ANDERE MÄNNERSTIMME;1
EIN MANN;REGIERUNGSVERTRETER;1
EIN MANN;SCHACHTAUFSEHER;1
EIN MANN;WEIB;1
EIN MANN;MÄNNER;1
EIN MANN;OBERAUFSEHER;1
EIN MANN;REPORTER;1
EIN MANN;JUNGES WEIB;1
EIN MANN;WEIBER;1
EIN MANN;EIN MÄDCHEN;1
EIN MANN;EINE GANZ HOHE, SCHRILLE STIMME;1
EIN MANN;EIN ÄLTERER BERGMANN;1
ANDERER MANN;EIN WEIB;1
ANDERER MANN;MANN;1
ANDERER MANN;INGENIEUR;1
ANDERER MANN;EINER (1);1
ANDERER MANN;EINE IRRSINNIGE WEIBERSTIMME;1
ANDERER MANN;MÄNNERSTIMME;1
ANDERER MANN;EINE ANDERE MÄNNERSTIMME;1
ANDERER MANN;REGIERUNGSVERTRETER;1
ANDERER MANN;SCHACHTAUFSEHER;1
ANDERER MANN;EIN MANN;1
ANDERER MANN;WEIB;1
ANDERER MANN;MÄNNER;1
ANDERER MANN;AUFSEHER;1
ANDERER MANN;OBERAUFSEHER;1
ANDERER MANN;REPORTER;1
ANDERER MANN;JUNGES WEIB;1
ANDERER MANN;EIN ANDERES WEIB;1
ANDERER MANN;EIN ALTER;1
ANDERER MANN;WEIBER;1
ANDERER MANN;EIN MÄDCHEN;1
ANDERER MANN;DIE MENGE;1
ANDERER MANN;EINE GANZ HOHE, SCHRILLE STIMME;1
ANDERER MANN;EIN ÄLTERER BERGMANN;1
ANDERER MANN;DER STERBENDE;1
ANDERER MANN;DAS WEIB;1
ANDERER MANN;DER VIERTE BERGMANN;1
ANDERER MANN;DER ERSTE BERGMANN;1
ANDERER MANN;DER ZWEITE BERGMANN;1
ANDERER MANN;DER FÜNFTE BERGMANN;1
ANDERER MANN;DER DRITTE BERGMANN;1
WEIB;WEIBER;1
MÄNNER;MÄNNERSTIMME;1
MÄNNER;REGIERUNGSVERTRETER;1
MÄNNER;SCHACHTAUFSEHER;1
MÄNNER;WEIB;1
MÄNNER;OBERAUFSEHER;1
MÄNNER;REPORTER;1
MÄNNER;WEIBER;1
AUFSEHER;EIN WEIB;1
AUFSEHER;MANN;1
AUFSEHER;INGENIEUR;1
AUFSEHER;EINER (1);1
AUFSEHER;EINE IRRSINNIGE WEIBERSTIMME;1
AUFSEHER;MÄNNERSTIMME;1
AUFSEHER;EINE ANDERE MÄNNERSTIMME;1
AUFSEHER;REGIERUNGSVERTRETER;1
AUFSEHER;SCHACHTAUFSEHER;1
AUFSEHER;EIN MANN;1
AUFSEHER;WEIB;1
AUFSEHER;MÄNNER;1
AUFSEHER;OBERAUFSEHER;1
AUFSEHER;REPORTER;1
AUFSEHER;JUNGES WEIB;1
AUFSEHER;EIN ANDERES WEIB;1
AUFSEHER;EIN ALTER;1
AUFSEHER;WEIBER;1
AUFSEHER;EIN MÄDCHEN;1
AUFSEHER;DIE MENGE;1
AUFSEHER;EINE GANZ HOHE, SCHRILLE STIMME;1
AUFSEHER;EIN ÄLTERER BERGMANN;1
AUFSEHER;DER STERBENDE;1
AUFSEHER;DAS WEIB;1
AUFSEHER;DER VIERTE BERGMANN;1
AUFSEHER;DER ERSTE BERGMANN;1
AUFSEHER;DER ZWEITE BERGMANN;1
AUFSEHER;DER FÜNFTE BERGMANN;1
AUFSEHER;DER DRITTE BERGMANN;1
OBERAUFSEHER;REGIERUNGSVERTRETER;1
OBERAUFSEHER;SCHACHTAUFSEHER;1
OBERAUFSEHER;WEIB;1
OBERAUFSEHER;REPORTER;1
OBERAUFSEHER;WEIBER;1
REPORTER;SCHACHTAUFSEHER;1
REPORTER;WEIB;1
REPORTER;WEIBER;1
JUNGES WEIB;MANN;1
JUNGES WEIB;MÄNNERSTIMME;1
JUNGES WEIB;REGIERUNGSVERTRETER;1
JUNGES WEIB;SCHACHTAUFSEHER;1
JUNGES WEIB;WEIB;1
JUNGES WEIB;MÄNNER;1
JUNGES WEIB;OBERAUFSEHER;1
JUNGES WEIB;REPORTER;1
JUNGES WEIB;WEIBER;1
EIN ANDERES WEIB;EIN WEIB;1
EIN ANDERES WEIB;MANN;1
EIN ANDERES WEIB;INGENIEUR;1
EIN ANDERES WEIB;EINER (1);1
EIN ANDERES WEIB;EINE IRRSINNIGE WEIBERSTIMME;1
EIN ANDERES WEIB;MÄNNERSTIMME;1
EIN ANDERES WEIB;EINE ANDERE MÄNNERSTIMME;1
EIN ANDERES WEIB;REGIERUNGSVERTRETER;1
EIN ANDERES WEIB;SCHACHTAUFSEHER;1
EIN ANDERES WEIB;EIN MANN;1
EIN ANDERES WEIB;WEIB;1
EIN ANDERES WEIB;MÄNNER;1
EIN ANDERES WEIB;OBERAUFSEHER;1
EIN ANDERES WEIB;REPORTER;1
EIN ANDERES WEIB;JUNGES WEIB;1
EIN ANDERES WEIB;WEIBER;1
EIN ANDERES WEIB;EIN MÄDCHEN;1
EIN ANDERES WEIB;EINE GANZ HOHE, SCHRILLE STIMME;1
EIN ANDERES WEIB;EIN ÄLTERER BERGMANN;1
EIN ALTER;EIN WEIB;1
EIN ALTER;MANN;1
EIN ALTER;INGENIEUR;1
EIN ALTER;EINER (1);1
EIN ALTER;EINE IRRSINNIGE WEIBERSTIMME;1
EIN ALTER;MÄNNERSTIMME;1
EIN ALTER;EINE ANDERE MÄNNERSTIMME;1
EIN ALTER;REGIERUNGSVERTRETER;1
EIN ALTER;SCHACHTAUFSEHER;1
EIN ALTER;EIN MANN;1
EIN ALTER;WEIB;1
EIN ALTER;MÄNNER;1
EIN ALTER;OBERAUFSEHER;1
EIN ALTER;REPORTER;1
EIN ALTER;JUNGES WEIB;1
EIN ALTER;EIN ANDERES WEIB;1
EIN ALTER;WEIBER;1
EIN ALTER;EIN MÄDCHEN;1
EIN ALTER;EINE GANZ HOHE, SCHRILLE STIMME;1
EIN ALTER;EIN ÄLTERER BERGMANN;1
EIN MÄDCHEN;EIN WEIB;1
EIN MÄDCHEN;MANN;1
EIN MÄDCHEN;INGENIEUR;1
EIN MÄDCHEN;EINER (1);1
EIN MÄDCHEN;EINE IRRSINNIGE WEIBERSTIMME;1
EIN MÄDCHEN;MÄNNERSTIMME;1
EIN MÄDCHEN;EINE ANDERE MÄNNERSTIMME;1
EIN MÄDCHEN;REGIERUNGSVERTRETER;1
EIN MÄDCHEN;SCHACHTAUFSEHER;1
EIN MÄDCHEN;WEIB;1
EIN MÄDCHEN;MÄNNER;1
EIN MÄDCHEN;OBERAUFSEHER;1
EIN MÄDCHEN;REPORTER;1
EIN MÄDCHEN;JUNGES WEIB;1
EIN MÄDCHEN;WEIBER;1
EIN MÄDCHEN;EINE GANZ HOHE, SCHRILLE STIMME;1
EIN MÄDCHEN;EIN ÄLTERER BERGMANN;1
DIE MENGE;EIN STREIKLEITER;1
DIE MENGE;EIN WEIB;1
DIE MENGE;MANN;1
DIE MENGE;INGENIEUR;1
DIE MENGE;EINER (1);1
DIE MENGE;EINE IRRSINNIGE WEIBERSTIMME;1
DIE MENGE;MÄNNERSTIMME;1
DIE MENGE;EINE ANDERE MÄNNERSTIMME;1
DIE MENGE;EINER_2;1
DIE MENGE;REGIERUNGSVERTRETER;1
DIE MENGE;SCHACHTAUFSEHER;1
DIE MENGE;EIN MANN;1
DIE MENGE;WEIB;1
DIE MENGE;MÄNNER;1
DIE MENGE;OBERAUFSEHER;1
DIE MENGE;REPORTER;1
DIE MENGE;JUNGES WEIB;1
DIE MENGE;EIN ANDERES WEIB;1
DIE MENGE;EIN ALTER;1
DIE MENGE;WEIBER;1
DIE MENGE;EIN MÄDCHEN;1
DIE MENGE;EINE GANZ HOHE, SCHRILLE STIMME;1
DIE MENGE;EIN ÄLTERER BERGMANN;1
DIE MENGE;HESS;2
DIE MENGE;MICHAEL;2
DIE MENGE;WANDA;1
DIE MENGE;HENNIG;1
DIE MENGE;RUSCHNOW;1
DIE MENGE;TIETZE;1
DIE MENGE;VOGLER;1
DIE MENGE;FABIUS;1
DIE MENGE;HOLSEN;1
DIE MENGE;LEDOVSKY;1
DIE MENGE;KAFFKA;1
DIE MENGE;MARTIN;2
DIE MENGE;TIMM;1
DIE MENGE;LERSNER;1
DIE MENGE;SINNER;2
DIE MENGE;SCHMIDT;2
EINE GANZ HOHE, SCHRILLE STIMME;MANN;1
EINE GANZ HOHE, SCHRILLE STIMME;INGENIEUR;1
EINE GANZ HOHE, SCHRILLE STIMME;EINER (1);1
EINE GANZ HOHE, SCHRILLE STIMME;EINE IRRSINNIGE WEIBERSTIMME;1
EINE GANZ HOHE, SCHRILLE STIMME;MÄNNERSTIMME;1
EINE GANZ HOHE, SCHRILLE STIMME;REGIERUNGSVERTRETER;1
EINE GANZ HOHE, SCHRILLE STIMME;SCHACHTAUFSEHER;1
EINE GANZ HOHE, SCHRILLE STIMME;WEIB;1
EINE GANZ HOHE, SCHRILLE STIMME;MÄNNER;1
EINE GANZ HOHE, SCHRILLE STIMME;OBERAUFSEHER;1
EINE GANZ HOHE, SCHRILLE STIMME;REPORTER;1
EINE GANZ HOHE, SCHRILLE STIMME;JUNGES WEIB;1
EINE GANZ HOHE, SCHRILLE STIMME;WEIBER;1
EIN ÄLTERER BERGMANN;MANN;1
EIN ÄLTERER BERGMANN;INGENIEUR;1
EIN ÄLTERER BERGMANN;EINER (1);1
EIN ÄLTERER BERGMANN;EINE IRRSINNIGE WEIBERSTIMME;1
EIN ÄLTERER BERGMANN;MÄNNERSTIMME;1
EIN ÄLTERER BERGMANN;EINE ANDERE MÄNNERSTIMME;1
EIN ÄLTERER BERGMANN;REGIERUNGSVERTRETER;1
EIN ÄLTERER BERGMANN;SCHACHTAUFSEHER;1
EIN ÄLTERER BERGMANN;WEIB;1
EIN ÄLTERER BERGMANN;MÄNNER;1
EIN ÄLTERER BERGMANN;OBERAUFSEHER;1
EIN ÄLTERER BERGMANN;REPORTER;1
EIN ÄLTERER BERGMANN;JUNGES WEIB;1
EIN ÄLTERER BERGMANN;WEIBER;1
EIN ÄLTERER BERGMANN;EINE GANZ HOHE, SCHRILLE STIMME;1
DER STERBENDE;EIN WEIB;1
DER STERBENDE;MANN;1
DER STERBENDE;INGENIEUR;1
DER STERBENDE;EINER (1);1
DER STERBENDE;EINE IRRSINNIGE WEIBERSTIMME;1
DER STERBENDE;MÄNNERSTIMME;1
DER STERBENDE;EINE ANDERE MÄNNERSTIMME;1
DER STERBENDE;REGIERUNGSVERTRETER;1
DER STERBENDE;SCHACHTAUFSEHER;1
DER STERBENDE;EIN MANN;1
DER STERBENDE;WEIB;1
DER STERBENDE;MÄNNER;1
DER STERBENDE;OBERAUFSEHER;1
DER STERBENDE;REPORTER;1
DER STERBENDE;JUNGES WEIB;1
DER STERBENDE;EIN ANDERES WEIB;1
DER STERBENDE;EIN ALTER;1
DER STERBENDE;WEIBER;1
DER STERBENDE;EIN MÄDCHEN;1
DER STERBENDE;DIE MENGE;1
DER STERBENDE;EINE GANZ HOHE, SCHRILLE STIMME;1
DER STERBENDE;EIN ÄLTERER BERGMANN;1
DER STERBENDE;DER VIERTE BERGMANN;1
DER STERBENDE;DER ZWEITE BERGMANN;1
DAS WEIB;EIN WEIB;1
DAS WEIB;MANN;1
DAS WEIB;INGENIEUR;1
DAS WEIB;EINER (1);1
DAS WEIB;EINE IRRSINNIGE WEIBERSTIMME;1
DAS WEIB;MÄNNERSTIMME;1
DAS WEIB;EINE ANDERE MÄNNERSTIMME;1
DAS WEIB;REGIERUNGSVERTRETER;1
DAS WEIB;SCHACHTAUFSEHER;1
DAS WEIB;EIN MANN;1
DAS WEIB;WEIB;1
DAS WEIB;MÄNNER;1
DAS WEIB;OBERAUFSEHER;1
DAS WEIB;REPORTER;1
DAS WEIB;JUNGES WEIB;1
DAS WEIB;EIN ANDERES WEIB;1
DAS WEIB;EIN ALTER;1
DAS WEIB;WEIBER;1
DAS WEIB;EIN MÄDCHEN;1
DAS WEIB;DIE MENGE;1
DAS WEIB;EINE GANZ HOHE, SCHRILLE STIMME;1
DAS WEIB;EIN ÄLTERER BERGMANN;1
DAS WEIB;DER STERBENDE;1
DAS WEIB;DER VIERTE BERGMANN;1
DAS WEIB;DER ERSTE BERGMANN;1
DAS WEIB;DER ZWEITE BERGMANN;1
DAS WEIB;DER FÜNFTE BERGMANN;1
DAS WEIB;DER DRITTE BERGMANN;1
DER VIERTE BERGMANN;EIN WEIB;1
DER VIERTE BERGMANN;MANN;1
DER VIERTE BERGMANN;INGENIEUR;1
DER VIERTE BERGMANN;EINER (1);1
DER VIERTE BERGMANN;EINE IRRSINNIGE WEIBERSTIMME;1
DER VIERTE BERGMANN;MÄNNERSTIMME;1
DER VIERTE BERGMANN;EINE ANDERE MÄNNERSTIMME;1
DER VIERTE BERGMANN;REGIERUNGSVERTRETER;1
DER VIERTE BERGMANN;SCHACHTAUFSEHER;1
DER VIERTE BERGMANN;EIN MANN;1
DER VIERTE BERGMANN;WEIB;1
DER VIERTE BERGMANN;MÄNNER;1
DER VIERTE BERGMANN;OBERAUFSEHER;1
DER VIERTE BERGMANN;REPORTER;1
DER VIERTE BERGMANN;JUNGES WEIB;1
DER VIERTE BERGMANN;EIN ANDERES WEIB;1
DER VIERTE BERGMANN;EIN ALTER;1
DER VIERTE BERGMANN;WEIBER;1
DER VIERTE BERGMANN;EIN MÄDCHEN;1
DER VIERTE BERGMANN;DIE MENGE;1
DER VIERTE BERGMANN;EINE GANZ HOHE, SCHRILLE STIMME;1
DER VIERTE BERGMANN;EIN ÄLTERER BERGMANN;1
DER VIERTE BERGMANN;DER ZWEITE BERGMANN;1
DER ERSTE BERGMANN;EIN WEIB;1
DER ERSTE BERGMANN;MANN;1
DER ERSTE BERGMANN;INGENIEUR;1
DER ERSTE BERGMANN;EINER (1);1
DER ERSTE BERGMANN;EINE IRRSINNIGE WEIBERSTIMME;1
DER ERSTE BERGMANN;MÄNNERSTIMME;1
DER ERSTE BERGMANN;EINE ANDERE MÄNNERSTIMME;1
DER ERSTE BERGMANN;REGIERUNGSVERTRETER;1
DER ERSTE BERGMANN;SCHACHTAUFSEHER;1
DER ERSTE BERGMANN;EIN MANN;1
DER ERSTE BERGMANN;WEIB;1
DER ERSTE BERGMANN;MÄNNER;1
DER ERSTE BERGMANN;OBERAUFSEHER;1
DER ERSTE BERGMANN;REPORTER;1
DER ERSTE BERGMANN;JUNGES WEIB;1
DER ERSTE BERGMANN;EIN ANDERES WEIB;1
DER ERSTE BERGMANN;EIN ALTER;1
DER ERSTE BERGMANN;WEIBER;1
DER ERSTE BERGMANN;EIN MÄDCHEN;1
DER ERSTE BERGMANN;DIE MENGE;1
DER ERSTE BERGMANN;EINE GANZ HOHE, SCHRILLE STIMME;1
DER ERSTE BERGMANN;EIN ÄLTERER BERGMANN;1
DER ERSTE BERGMANN;DER STERBENDE;1
DER ERSTE BERGMANN;DER VIERTE BERGMANN;1
DER ERSTE BERGMANN;DER ZWEITE BERGMANN;1
DER ERSTE BERGMANN;DER FÜNFTE BERGMANN;1
DER ZWEITE BERGMANN;EIN WEIB;1
DER ZWEITE BERGMANN;MANN;1
DER ZWEITE BERGMANN;INGENIEUR;1
DER ZWEITE BERGMANN;EINER (1);1
DER ZWEITE BERGMANN;EINE IRRSINNIGE WEIBERSTIMME;1
DER ZWEITE BERGMANN;MÄNNERSTIMME;1
DER ZWEITE BERGMANN;EINE ANDERE MÄNNERSTIMME;1
DER ZWEITE BERGMANN;REGIERUNGSVERTRETER;1
DER ZWEITE BERGMANN;SCHACHTAUFSEHER;1
DER ZWEITE BERGMANN;EIN MANN;1
DER ZWEITE BERGMANN;WEIB;1
DER ZWEITE BERGMANN;MÄNNER;1
DER ZWEITE BERGMANN;OBERAUFSEHER;1
DER ZWEITE BERGMANN;REPORTER;1
DER ZWEITE BERGMANN;JUNGES WEIB;1
DER ZWEITE BERGMANN;EIN ANDERES WEIB;1
DER ZWEITE BERGMANN;EIN ALTER;1
DER ZWEITE BERGMANN;WEIBER;1
DER ZWEITE BERGMANN;EIN MÄDCHEN;1
DER ZWEITE BERGMANN;DIE MENGE;1
DER ZWEITE BERGMANN;EINE GANZ HOHE, SCHRILLE STIMME;1
DER ZWEITE BERGMANN;EIN ÄLTERER BERGMANN;1
DER FÜNFTE BERGMANN;EIN WEIB;1
DER FÜNFTE BERGMANN;MANN;1
DER FÜNFTE BERGMANN;INGENIEUR;1
DER FÜNFTE BERGMANN;EINER (1);1
DER FÜNFTE BERGMANN;EINE IRRSINNIGE WEIBERSTIMME;1
DER FÜNFTE BERGMANN;MÄNNERSTIMME;1
DER FÜNFTE BERGMANN;EINE ANDERE MÄNNERSTIMME;1
DER FÜNFTE BERGMANN;REGIERUNGSVERTRETER;1
DER FÜNFTE BERGMANN;SCHACHTAUFSEHER;1
DER FÜNFTE BERGMANN;EIN MANN;1
DER FÜNFTE BERGMANN;WEIB;1
DER FÜNFTE BERGMANN;MÄNNER;1
DER FÜNFTE BERGMANN;OBERAUFSEHER;1
DER FÜNFTE BERGMANN;REPORTER;1
DER FÜNFTE BERGMANN;JUNGES WEIB;1
DER FÜNFTE BERGMANN;EIN ANDERES WEIB;1
DER FÜNFTE BERGMANN;EIN ALTER;1
DER FÜNFTE BERGMANN;WEIBER;1
DER FÜNFTE BERGMANN;EIN MÄDCHEN;1
DER FÜNFTE BERGMANN;DIE MENGE;1
DER FÜNFTE BERGMANN;EINE GANZ HOHE, SCHRILLE STIMME;1
DER FÜNFTE BERGMANN;EIN ÄLTERER BERGMANN;1
DER FÜNFTE BERGMANN;DER STERBENDE;1
DER FÜNFTE BERGMANN;DER VIERTE BERGMANN;1
DER FÜNFTE BERGMANN;DER ZWEITE BERGMANN;1
DER DRITTE BERGMANN;EIN WEIB;1
DER DRITTE BERGMANN;MANN;1
DER DRITTE BERGMANN;INGENIEUR;1
DER DRITTE BERGMANN;EINER (1);1
DER DRITTE BERGMANN;EINE IRRSINNIGE WEIBERSTIMME;1
DER DRITTE BERGMANN;MÄNNERSTIMME;1
DER DRITTE BERGMANN;EINE ANDERE MÄNNERSTIMME;1
DER DRITTE BERGMANN;REGIERUNGSVERTRETER;1
DER DRITTE BERGMANN;SCHACHTAUFSEHER;1
DER DRITTE BERGMANN;EIN MANN;1
DER DRITTE BERGMANN;WEIB;1
DER DRITTE BERGMANN;MÄNNER;1
DER DRITTE BERGMANN;OBERAUFSEHER;1
DER DRITTE BERGMANN;REPORTER;1
DER DRITTE BERGMANN;JUNGES WEIB;1
DER DRITTE BERGMANN;EIN ANDERES WEIB;1
DER DRITTE BERGMANN;EIN ALTER;1
DER DRITTE BERGMANN;WEIBER;1
DER DRITTE BERGMANN;EIN MÄDCHEN;1
DER DRITTE BERGMANN;DIE MENGE;1
DER DRITTE BERGMANN;EINE GANZ HOHE, SCHRILLE STIMME;1
DER DRITTE BERGMANN;EIN ÄLTERER BERGMANN;1
DER DRITTE BERGMANN;DER STERBENDE;1
DER DRITTE BERGMANN;DER VIERTE BERGMANN;1
DER DRITTE BERGMANN;DER ERSTE BERGMANN;1
DER DRITTE BERGMANN;DER ZWEITE BERGMANN;1
DER DRITTE BERGMANN;DER FÜNFTE BERGMANN;1
HESS;MICHAEL;2
HESS;WANDA;1
HESS;RUSCHNOW;1
HESS;TIETZE;1
HESS;VOGLER;1
HESS;HOLSEN;1
HESS;LEDOVSKY;1
HESS;KAFFKA;1
HESS;MARTIN;2
HESS;TIMM;1
HESS;LERSNER;1
HESS;SINNER;2
HESS;SCHMIDT;2
MICHAEL;WANDA;1
MICHAEL;RUSCHNOW;1
MICHAEL;TIETZE;1
MICHAEL;VOGLER;1
MICHAEL;TIMM;1
MICHAEL;SINNER;2
MICHAEL;SCHMIDT;2
HENNIG;HESS;1
HENNIG;MICHAEL;1
HENNIG;WANDA;1
HENNIG;RUSCHNOW;1
HENNIG;TIETZE;1
HENNIG;VOGLER;1
HENNIG;HOLSEN;1
HENNIG;LEDOVSKY;1
HENNIG;KAFFKA;1
HENNIG;MARTIN;1
HENNIG;TIMM;1
HENNIG;LERSNER;1
HENNIG;SINNER;1
HENNIG;SCHMIDT;1
RUSCHNOW;WANDA;1
RUSCHNOW;TIETZE;1
RUSCHNOW;VOGLER;1
RUSCHNOW;TIMM;1
RUSCHNOW;SINNER;1
RUSCHNOW;SCHMIDT;1
TIETZE;WANDA;1
TIETZE;VOGLER;1
TIETZE;TIMM;1
VOGLER;WANDA;1
FABIUS;HESS;1
FABIUS;MICHAEL;1
FABIUS;WANDA;1
FABIUS;HENNIG;1
FABIUS;RUSCHNOW;1
FABIUS;TIETZE;1
FABIUS;VOGLER;1
FABIUS;HOLSEN;1
FABIUS;LEDOVSKY;1
FABIUS;KAFFKA;1
FABIUS;MARTIN;1
FABIUS;TIMM;1
FABIUS;LERSNER;1
FABIUS;SINNER;1
FABIUS;SCHMIDT;1
HOLSEN;MICHAEL;1
HOLSEN;WANDA;1
HOLSEN;RUSCHNOW;1
HOLSEN;TIETZE;1
HOLSEN;VOGLER;1
HOLSEN;LEDOVSKY;1
HOLSEN;KAFFKA;1
HOLSEN;MARTIN;1
HOLSEN;TIMM;1
HOLSEN;LERSNER;1
HOLSEN;SINNER;1
HOLSEN;SCHMIDT;1
LEDOVSKY;MICHAEL;1
LEDOVSKY;WANDA;1
LEDOVSKY;RUSCHNOW;1
LEDOVSKY;TIETZE;1
LEDOVSKY;VOGLER;1
LEDOVSKY;MARTIN;1
LEDOVSKY;TIMM;1
LEDOVSKY;LERSNER;1
LEDOVSKY;SINNER;1
LEDOVSKY;SCHMIDT;1
KAFFKA;MICHAEL;1
KAFFKA;WANDA;1
KAFFKA;RUSCHNOW;1
KAFFKA;TIETZE;1
KAFFKA;VOGLER;1
KAFFKA;LEDOVSKY;1
KAFFKA;MARTIN;1
KAFFKA;TIMM;1
KAFFKA;LERSNER;1
KAFFKA;SINNER;1
KAFFKA;SCHMIDT;1
MARTIN;MICHAEL;2
MARTIN;WANDA;1
MARTIN;RUSCHNOW;1
MARTIN;TIETZE;1
MARTIN;VOGLER;1
MARTIN;TIMM;1
MARTIN;SINNER;2
MARTIN;SCHMIDT;2
TIMM;WANDA;1
TIMM;VOGLER;1
LERSNER;MICHAEL;1
LERSNER;WANDA;1
LERSNER;RUSCHNOW;1
LERSNER;TIETZE;1
LERSNER;VOGLER;1
LERSNER;MARTIN;1
LERSNER;TIMM;1
LERSNER;SINNER;1
LERSNER;SCHMIDT;1
ANNA;EIN STREIKLEITER;1
ANNA;EINER_2;1
ANNA;DIE MENGE;2
ANNA;HESS;2
ANNA;MICHAEL;2
ANNA;WANDA;1
ANNA;HENNIG;1
ANNA;RUSCHNOW;1
ANNA;TIETZE;1
ANNA;VOGLER;1
ANNA;FABIUS;1
ANNA;HOLSEN;1
ANNA;LEDOVSKY;1
ANNA;KAFFKA;1
ANNA;MARTIN;2
ANNA;TIMM;1
ANNA;LERSNER;1
ANNA;SINNER;2
ANNA;SCHMIDT;2
SINNER;WANDA;1
SINNER;TIETZE;1
SINNER;VOGLER;1
SINNER;TIMM;1
SCHMIDT;WANDA;1
SCHMIDT;TIETZE;1
SCHMIDT;VOGLER;1
SCHMIDT;TIMM;1
SCHMIDT;SINNER;2
